date,scientist,rep,primary,secondary,secondary_dose,vial,day,status
1/30/2020,Abby,SM-P.rett_1,PBS,PBS,0,C1,19,1
1/30/2020,Abby,SM-P.rett_1,PBS,PBS,0,C1,21,0
1/30/2020,Abby,SM-P.rett_1,PBS,PBS,0,C1,21,0
1/30/2020,Abby,SM-P.rett_1,PBS,PBS,0,C1,21,0
1/30/2020,Abby,SM-P.rett_1,PBS,PBS,0,C1,21,0
1/30/2020,Abby,SM-P.rett_1,PBS,PBS,0,C1,21,0
1/30/2020,Abby,SM-P.rett_1,PBS,PBS,0,C1,21,0
1/30/2020,Abby,SM-P.rett_1,PBS,PBS,0,C1,21,0
1/30/2020,Abby,SM-P.rett_1,PBS,PBS,0,C1,21,0
1/30/2020,Abby,SM-P.rett_1,PBS,PBS,0,C2,2,1
1/30/2020,Abby,SM-P.rett_1,PBS,PBS,0,C2,5,1
1/30/2020,Abby,SM-P.rett_1,PBS,PBS,0,C2,21,0
1/30/2020,Abby,SM-P.rett_1,PBS,PBS,0,C2,21,0
1/30/2020,Abby,SM-P.rett_1,PBS,PBS,0,C2,21,0
1/30/2020,Abby,SM-P.rett_1,PBS,PBS,0,C2,21,0
1/30/2020,Abby,SM-P.rett_1,PBS,PBS,0,C2,21,0
1/30/2020,Abby,SM-P.rett_1,PBS,PBS,0,C2,21,0
1/30/2020,Abby,SM-P.rett_1,PBS,PBS,0,C2,21,0
1/30/2020,Abby,SM-P.rett_1,PBS,P.rett,0.1,1,1,1
1/30/2020,Abby,SM-P.rett_1,PBS,P.rett,0.1,1,1,1
1/30/2020,Abby,SM-P.rett_1,PBS,P.rett,0.1,1,1,1
1/30/2020,Abby,SM-P.rett_1,PBS,P.rett,0.1,1,1,1
1/30/2020,Abby,SM-P.rett_1,PBS,P.rett,0.1,1,1,1
1/30/2020,Abby,SM-P.rett_1,PBS,P.rett,0.1,1,1,1
1/30/2020,Abby,SM-P.rett_1,PBS,P.rett,0.1,1,1,1
1/30/2020,Abby,SM-P.rett_1,PBS,P.rett,0.1,1,3,1
1/30/2020,Abby,SM-P.rett_1,PBS,P.rett,0.1,1,5,1
1/30/2020,Abby,SM-P.rett_1,PBS,P.rett,0.1,1,14,1
1/30/2020,Abby,SM-P.rett_1,PBS,P.rett,0.1,2,1,1
1/30/2020,Abby,SM-P.rett_1,PBS,P.rett,0.1,2,1,1
1/30/2020,Abby,SM-P.rett_1,PBS,P.rett,0.1,2,1,1
1/30/2020,Abby,SM-P.rett_1,PBS,P.rett,0.1,2,1,1
1/30/2020,Abby,SM-P.rett_1,PBS,P.rett,0.1,2,1,1
1/30/2020,Abby,SM-P.rett_1,PBS,P.rett,0.1,2,8,1
1/30/2020,Abby,SM-P.rett_1,PBS,P.rett,0.1,2,11,1
1/30/2020,Abby,SM-P.rett_1,PBS,P.rett,0.1,2,14,1
1/30/2020,Abby,SM-P.rett_1,PBS,P.rett,0.1,2,17,1
1/30/2020,Abby,SM-P.rett_1,PBS,P.rett,0.1,2,18,1
1/30/2020,Abby,SM-P.rett_1,PBS,P.rett,0.1,3,1,1
1/30/2020,Abby,SM-P.rett_1,PBS,P.rett,0.1,3,1,1
1/30/2020,Abby,SM-P.rett_1,PBS,P.rett,0.1,3,1,1
1/30/2020,Abby,SM-P.rett_1,PBS,P.rett,0.1,3,1,1
1/30/2020,Abby,SM-P.rett_1,PBS,P.rett,0.1,3,4,1
1/30/2020,Abby,SM-P.rett_1,PBS,P.rett,0.1,3,13,1
1/30/2020,Abby,SM-P.rett_1,PBS,P.rett,0.1,3,13,1
1/30/2020,Abby,SM-P.rett_1,PBS,P.rett,0.1,3,13,1
1/30/2020,Abby,SM-P.rett_1,PBS,P.rett,0.1,3,13,1
1/30/2020,Abby,SM-P.rett_1,PBS,P.rett,1,4,1,1
1/30/2020,Abby,SM-P.rett_1,PBS,P.rett,1,4,1,1
1/30/2020,Abby,SM-P.rett_1,PBS,P.rett,1,4,1,1
1/30/2020,Abby,SM-P.rett_1,PBS,P.rett,1,4,1,1
1/30/2020,Abby,SM-P.rett_1,PBS,P.rett,1,4,1,1
1/30/2020,Abby,SM-P.rett_1,PBS,P.rett,1,4,1,1
1/30/2020,Abby,SM-P.rett_1,PBS,P.rett,1,4,1,1
1/30/2020,Abby,SM-P.rett_1,PBS,P.rett,1,4,1,1
1/30/2020,Abby,SM-P.rett_1,PBS,P.rett,1,4,1,1
1/30/2020,Abby,SM-P.rett_1,PBS,P.rett,1,4,1,1
1/30/2020,Abby,SM-P.rett_1,PBS,P.rett,1,5,1,1
1/30/2020,Abby,SM-P.rett_1,PBS,P.rett,1,5,1,1
1/30/2020,Abby,SM-P.rett_1,PBS,P.rett,1,5,1,1
1/30/2020,Abby,SM-P.rett_1,PBS,P.rett,1,5,1,1
1/30/2020,Abby,SM-P.rett_1,PBS,P.rett,1,5,1,1
1/30/2020,Abby,SM-P.rett_1,PBS,P.rett,1,5,1,1
1/30/2020,Abby,SM-P.rett_1,PBS,P.rett,1,5,1,1
1/30/2020,Abby,SM-P.rett_1,PBS,P.rett,1,5,1,1
1/30/2020,Abby,SM-P.rett_1,PBS,P.rett,1,5,1,1
1/30/2020,Abby,SM-P.rett_1,PBS,P.rett,1,5,1,1
1/30/2020,Abby,SM-P.rett_1,PBS,P.rett,1,6,1,1
1/30/2020,Abby,SM-P.rett_1,PBS,P.rett,1,6,1,1
1/30/2020,Abby,SM-P.rett_1,PBS,P.rett,1,6,1,1
1/30/2020,Abby,SM-P.rett_1,PBS,P.rett,1,6,1,1
1/30/2020,Abby,SM-P.rett_1,PBS,P.rett,1,6,1,1
1/30/2020,Abby,SM-P.rett_1,PBS,P.rett,1,6,1,1
1/30/2020,Abby,SM-P.rett_1,PBS,P.rett,1,6,1,1
1/30/2020,Abby,SM-P.rett_1,PBS,P.rett,2,7,1,1
1/30/2020,Abby,SM-P.rett_1,PBS,P.rett,2,7,1,1
1/30/2020,Abby,SM-P.rett_1,PBS,P.rett,2,7,1,1
1/30/2020,Abby,SM-P.rett_1,PBS,P.rett,2,7,1,1
1/30/2020,Abby,SM-P.rett_1,PBS,P.rett,2,7,1,1
1/30/2020,Abby,SM-P.rett_1,PBS,P.rett,2,7,1,1
1/30/2020,Abby,SM-P.rett_1,PBS,P.rett,2,7,1,1
1/30/2020,Abby,SM-P.rett_1,PBS,P.rett,2,7,1,1
1/30/2020,Abby,SM-P.rett_1,PBS,P.rett,2,7,1,1
1/30/2020,Abby,SM-P.rett_1,PBS,P.rett,2,7,1,1
1/30/2020,Abby,SM-P.rett_1,PBS,P.rett,2,8,1,1
1/30/2020,Abby,SM-P.rett_1,PBS,P.rett,2,8,1,1
1/30/2020,Abby,SM-P.rett_1,PBS,P.rett,2,8,1,1
1/30/2020,Abby,SM-P.rett_1,PBS,P.rett,2,8,1,1
1/30/2020,Abby,SM-P.rett_1,PBS,P.rett,2,8,1,1
1/30/2020,Abby,SM-P.rett_1,PBS,P.rett,2,8,1,1
1/30/2020,Abby,SM-P.rett_1,PBS,P.rett,2,8,1,1
1/30/2020,Abby,SM-P.rett_1,PBS,P.rett,2,8,1,1
1/30/2020,Abby,SM-P.rett_1,PBS,P.rett,2,8,1,1
1/30/2020,Abby,SM-P.rett_1,PBS,P.rett,2,8,1,1
1/30/2020,Abby,SM-P.rett_1,PBS,P.rett,2,9,1,1
1/30/2020,Abby,SM-P.rett_1,PBS,P.rett,2,9,1,1
1/30/2020,Abby,SM-P.rett_1,PBS,P.rett,2,9,1,1
1/30/2020,Abby,SM-P.rett_1,PBS,P.rett,2,9,1,1
1/30/2020,Abby,SM-P.rett_1,PBS,P.rett,2,9,1,1
1/30/2020,Abby,SM-P.rett_1,PBS,P.rett,2,9,1,1
1/30/2020,Abby,SM-P.rett_1,PBS,P.rett,5,10,1,1
1/30/2020,Abby,SM-P.rett_1,PBS,P.rett,5,10,1,1
1/30/2020,Abby,SM-P.rett_1,PBS,P.rett,5,10,1,1
1/30/2020,Abby,SM-P.rett_1,PBS,P.rett,5,10,1,1
1/30/2020,Abby,SM-P.rett_1,PBS,P.rett,5,10,1,1
1/30/2020,Abby,SM-P.rett_1,PBS,P.rett,5,10,1,1
1/30/2020,Abby,SM-P.rett_1,PBS,P.rett,5,10,1,1
1/30/2020,Abby,SM-P.rett_1,PBS,P.rett,5,10,1,1
1/30/2020,Abby,SM-P.rett_1,PBS,P.rett,5,10,1,1
1/30/2020,Abby,SM-P.rett_1,PBS,P.rett,5,11,1,1
1/30/2020,Abby,SM-P.rett_1,PBS,P.rett,5,11,1,1
1/30/2020,Abby,SM-P.rett_1,PBS,P.rett,5,11,1,1
1/30/2020,Abby,SM-P.rett_1,PBS,P.rett,5,11,1,1
1/30/2020,Abby,SM-P.rett_1,PBS,P.rett,5,11,1,1
1/30/2020,Abby,SM-P.rett_1,PBS,P.rett,5,11,1,1
1/30/2020,Abby,SM-P.rett_1,PBS,P.rett,5,11,1,1
1/30/2020,Abby,SM-P.rett_1,PBS,P.rett,5,11,1,1
1/30/2020,Abby,SM-P.rett_1,PBS,P.rett,5,11,1,1
1/30/2020,Abby,SM-P.rett_1,PBS,P.rett,5,11,1,1
1/30/2020,Abby,SM-P.rett_1,PBS,P.rett,5,12,1,1
1/30/2020,Abby,SM-P.rett_1,PBS,P.rett,5,12,1,1
1/30/2020,Abby,SM-P.rett_1,PBS,P.rett,5,12,1,1
1/30/2020,Abby,SM-P.rett_1,PBS,P.rett,5,12,1,1
1/30/2020,Abby,SM-P.rett_1,PBS,P.rett,5,12,1,1
1/30/2020,Abby,SM-P.rett_1,PBS,P.rett,5,12,1,1
1/30/2020,Abby,SM-P.rett_1,PBS,P.rett,5,12,1,1
1/30/2020,Abby,SM-P.rett_1,PBS,P.rett,5,12,1,1
1/30/2020,Abby,SM-P.rett_1,PBS,P.rett,5,12,1,1
1/30/2020,Abby,SM-P.rett_1,S.m,PBS,0,C3,8,1
1/30/2020,Abby,SM-P.rett_1,S.m,PBS,0,C3,18,1
1/30/2020,Abby,SM-P.rett_1,S.m,PBS,0,C3,18,1
1/30/2020,Abby,SM-P.rett_1,S.m,PBS,0,C3,21,1
1/30/2020,Abby,SM-P.rett_1,S.m,PBS,0,C3,21,0
1/30/2020,Abby,SM-P.rett_1,S.m,PBS,0,C3,21,0
1/30/2020,Abby,SM-P.rett_1,S.m,PBS,0,C3,21,0
1/30/2020,Abby,SM-P.rett_1,S.m,PBS,0,C3,21,0
1/30/2020,Abby,SM-P.rett_1,S.m,PBS,0,C3,21,0
1/30/2020,Abby,SM-P.rett_1,S.m,PBS,0,C3,21,0
1/30/2020,Abby,SM-P.rett_1,S.m,PBS,0,C4,19,1
1/30/2020,Abby,SM-P.rett_1,S.m,PBS,0,C4,20,1
1/30/2020,Abby,SM-P.rett_1,S.m,PBS,0,C4,20,1
1/30/2020,Abby,SM-P.rett_1,S.m,PBS,0,C4,20,1
1/30/2020,Abby,SM-P.rett_1,S.m,PBS,0,C4,21,1
1/30/2020,Abby,SM-P.rett_1,S.m,PBS,0,C4,21,0
1/30/2020,Abby,SM-P.rett_1,S.m,PBS,0,C4,21,0
1/30/2020,Abby,SM-P.rett_1,S.m,PBS,0,C4,21,0
1/30/2020,Abby,SM-P.rett_1,S.m,PBS,0,C4,21,0
1/30/2020,Abby,SM-P.rett_1,S.m,PBS,0,C4,21,0
1/30/2020,Abby,SM-P.rett_1,S.m,P.rett,0.1,13,1,1
1/30/2020,Abby,SM-P.rett_1,S.m,P.rett,0.1,13,10,1
1/30/2020,Abby,SM-P.rett_1,S.m,P.rett,0.1,13,10,1
1/30/2020,Abby,SM-P.rett_1,S.m,P.rett,0.1,13,14,1
1/30/2020,Abby,SM-P.rett_1,S.m,P.rett,0.1,13,14,1
1/30/2020,Abby,SM-P.rett_1,S.m,P.rett,0.1,13,18,1
1/30/2020,Abby,SM-P.rett_1,S.m,P.rett,0.1,13,19,1
1/30/2020,Abby,SM-P.rett_1,S.m,P.rett,0.1,13,21,0
1/30/2020,Abby,SM-P.rett_1,S.m,P.rett,0.1,13,21,0
1/30/2020,Abby,SM-P.rett_1,S.m,P.rett,0.1,13,21,0
1/30/2020,Abby,SM-P.rett_1,S.m,P.rett,0.1,14,3,1
1/30/2020,Abby,SM-P.rett_1,S.m,P.rett,0.1,14,16,1
1/30/2020,Abby,SM-P.rett_1,S.m,P.rett,0.1,14,18,1
1/30/2020,Abby,SM-P.rett_1,S.m,P.rett,0.1,14,20,1
1/30/2020,Abby,SM-P.rett_1,S.m,P.rett,0.1,14,21,1
1/30/2020,Abby,SM-P.rett_1,S.m,P.rett,0.1,14,21,0
1/30/2020,Abby,SM-P.rett_1,S.m,P.rett,0.1,14,21,0
1/30/2020,Abby,SM-P.rett_1,S.m,P.rett,0.1,14,21,0
1/30/2020,Abby,SM-P.rett_1,S.m,P.rett,0.1,15,1,1
1/30/2020,Abby,SM-P.rett_1,S.m,P.rett,0.1,15,8,1
1/30/2020,Abby,SM-P.rett_1,S.m,P.rett,0.1,15,20,1
1/30/2020,Abby,SM-P.rett_1,S.m,P.rett,0.1,15,21,0
1/30/2020,Abby,SM-P.rett_1,S.m,P.rett,0.1,15,21,0
1/30/2020,Abby,SM-P.rett_1,S.m,P.rett,1,16,21,0
1/30/2020,Abby,SM-P.rett_1,S.m,P.rett,1,16,1,1
1/30/2020,Abby,SM-P.rett_1,S.m,P.rett,1,16,1,1
1/30/2020,Abby,SM-P.rett_1,S.m,P.rett,1,16,3,1
1/30/2020,Abby,SM-P.rett_1,S.m,P.rett,1,16,8,1
1/30/2020,Abby,SM-P.rett_1,S.m,P.rett,1,16,14,1
1/30/2020,Abby,SM-P.rett_1,S.m,P.rett,1,16,17,1
1/30/2020,Abby,SM-P.rett_1,S.m,P.rett,1,16,20,1
1/30/2020,Abby,SM-P.rett_1,S.m,P.rett,1,16,21,1
1/30/2020,Abby,SM-P.rett_1,S.m,P.rett,1,16,21,0
1/30/2020,Abby,SM-P.rett_1,S.m,P.rett,1,17,1,1
1/30/2020,Abby,SM-P.rett_1,S.m,P.rett,1,17,1,1
1/30/2020,Abby,SM-P.rett_1,S.m,P.rett,1,17,1,1
1/30/2020,Abby,SM-P.rett_1,S.m,P.rett,1,17,7,1
1/30/2020,Abby,SM-P.rett_1,S.m,P.rett,1,17,16,1
1/30/2020,Abby,SM-P.rett_1,S.m,P.rett,1,17,21,0
1/30/2020,Abby,SM-P.rett_1,S.m,P.rett,1,17,21,0
1/30/2020,Abby,SM-P.rett_1,S.m,P.rett,1,18,18,1
1/30/2020,Abby,SM-P.rett_1,S.m,P.rett,1,18,18,1
1/30/2020,Abby,SM-P.rett_1,S.m,P.rett,1,18,19,1
1/30/2020,Abby,SM-P.rett_1,S.m,P.rett,1,18,20,1
1/30/2020,Abby,SM-P.rett_1,S.m,P.rett,1,18,20,1
1/30/2020,Abby,SM-P.rett_1,S.m,P.rett,1,18,21,1
1/30/2020,Abby,SM-P.rett_1,S.m,P.rett,1,18,21,0
1/30/2020,Abby,SM-P.rett_1,S.m,P.rett,2,19,1,1
1/30/2020,Abby,SM-P.rett_1,S.m,P.rett,2,19,1,1
1/30/2020,Abby,SM-P.rett_1,S.m,P.rett,2,19,1,1
1/30/2020,Abby,SM-P.rett_1,S.m,P.rett,2,19,1,1
1/30/2020,Abby,SM-P.rett_1,S.m,P.rett,2,19,11,1
1/30/2020,Abby,SM-P.rett_1,S.m,P.rett,2,19,14,1
1/30/2020,Abby,SM-P.rett_1,S.m,P.rett,2,19,17,1
1/30/2020,Abby,SM-P.rett_1,S.m,P.rett,2,19,21,0
1/30/2020,Abby,SM-P.rett_1,S.m,P.rett,2,20,3,1
1/30/2020,Abby,SM-P.rett_1,S.m,P.rett,2,20,3,1
1/30/2020,Abby,SM-P.rett_1,S.m,P.rett,2,20,10,1
1/30/2020,Abby,SM-P.rett_1,S.m,P.rett,2,20,15,1
1/30/2020,Abby,SM-P.rett_1,S.m,P.rett,2,20,19,1
1/30/2020,Abby,SM-P.rett_1,S.m,P.rett,2,20,21,0
1/30/2020,Abby,SM-P.rett_1,S.m,P.rett,2,20,21,0
1/30/2020,Abby,SM-P.rett_1,S.m,P.rett,2,20,21,0
1/30/2020,Abby,SM-P.rett_1,S.m,P.rett,2,20,21,0
1/30/2020,Abby,SM-P.rett_1,S.m,P.rett,2,21,9,1
1/30/2020,Abby,SM-P.rett_1,S.m,P.rett,2,21,13,1
1/30/2020,Abby,SM-P.rett_1,S.m,P.rett,2,21,14,1
1/30/2020,Abby,SM-P.rett_1,S.m,P.rett,2,21,14,1
1/30/2020,Abby,SM-P.rett_1,S.m,P.rett,2,21,14,1
1/30/2020,Abby,SM-P.rett_1,S.m,P.rett,2,21,14,1
1/30/2020,Abby,SM-P.rett_1,S.m,P.rett,2,21,14,1
1/30/2020,Abby,SM-P.rett_1,S.m,P.rett,2,21,14,1
1/30/2020,Abby,SM-P.rett_1,S.m,P.rett,5,22,12,1
1/30/2020,Abby,SM-P.rett_1,S.m,P.rett,5,22,14,1
1/30/2020,Abby,SM-P.rett_1,S.m,P.rett,5,22,16,1
1/30/2020,Abby,SM-P.rett_1,S.m,P.rett,5,22,21,1
1/30/2020,Abby,SM-P.rett_1,S.m,P.rett,5,22,21,0
1/30/2020,Abby,SM-P.rett_1,S.m,P.rett,5,22,21,0
1/30/2020,Abby,SM-P.rett_1,S.m,P.rett,5,22,21,0
1/30/2020,Abby,SM-P.rett_1,S.m,P.rett,5,22,21,0
1/30/2020,Abby,SM-P.rett_1,S.m,P.rett,5,23,3,1
1/30/2020,Abby,SM-P.rett_1,S.m,P.rett,5,23,15,1
1/30/2020,Abby,SM-P.rett_1,S.m,P.rett,5,23,16,1
1/30/2020,Abby,SM-P.rett_1,S.m,P.rett,5,23,16,1
1/30/2020,Abby,SM-P.rett_1,S.m,P.rett,5,23,20,1
1/30/2020,Abby,SM-P.rett_1,S.m,P.rett,5,23,20,1
1/30/2020,Abby,SM-P.rett_1,S.m,P.rett,5,23,21,0
1/30/2020,Abby,SM-P.rett_1,S.m,P.rett,5,23,21,0
1/30/2020,Abby,SM-P.rett_1,S.m,P.rett,5,24,1,1
1/30/2020,Abby,SM-P.rett_1,S.m,P.rett,5,24,11,1
1/30/2020,Abby,SM-P.rett_1,S.m,P.rett,5,24,17,1
1/30/2020,Abby,SM-P.rett_1,S.m,P.rett,5,24,19,1
1/30/2020,Abby,SM-P.rett_1,S.m,P.rett,5,24,20,1
1/30/2020,Abby,SM-P.rett_1,S.m,P.rett,5,24,21,1
1/30/2020,Abby,SM-P.rett_1,S.m,P.rett,5,24,21,0
1/30/2020,Abby,SM-P.rett_1,S.m,P.rett,5,24,21,0
1/30/2020,Abby,SM-P.rett_1,S.m,P.rett,5,24,21,0
2/13/2020,Abby,SM-P.rett2,PBS,PBS,0,C1,4,1
2/13/2020,Abby,SM-P.rett2,PBS,PBS,0,C1,6,1
2/13/2020,Abby,SM-P.rett2,PBS,PBS,0,C1,6,1
2/13/2020,Abby,SM-P.rett2,PBS,PBS,0,C1,6,1
2/13/2020,Abby,SM-P.rett2,PBS,PBS,0,C1,6,1
2/13/2020,Abby,SM-P.rett2,PBS,PBS,0,C1,6,1
2/13/2020,Abby,SM-P.rett2,PBS,PBS,0,C1,6,1
2/13/2020,Abby,SM-P.rett2,PBS,PBS,0,C1,7,1
2/13/2020,Abby,SM-P.rett2,PBS,PBS,0,C1,7,1
2/13/2020,Abby,SM-P.rett2,PBS,PBS,0,C1,7,1
2/13/2020,Abby,SM-P.rett2,PBS,PBS,0,C2,10,1
2/13/2020,Abby,SM-P.rett2,PBS,PBS,0,C2,12,1
2/13/2020,Abby,SM-P.rett2,PBS,PBS,0,C2,12,1
2/13/2020,Abby,SM-P.rett2,PBS,PBS,0,C2,12,1
2/13/2020,Abby,SM-P.rett2,PBS,PBS,0,C2,12,1
2/13/2020,Abby,SM-P.rett2,PBS,PBS,0,C2,12,1
2/13/2020,Abby,SM-P.rett2,PBS,PBS,0,C2,12,1
2/13/2020,Abby,SM-P.rett2,PBS,PBS,0,C2,12,1
2/13/2020,Abby,SM-P.rett2,PBS,P.rett,0.1,1,1,1
2/13/2020,Abby,SM-P.rett2,PBS,P.rett,0.1,1,1,1
2/13/2020,Abby,SM-P.rett2,PBS,P.rett,0.1,1,1,1
2/13/2020,Abby,SM-P.rett2,PBS,P.rett,0.1,1,1,1
2/13/2020,Abby,SM-P.rett2,PBS,P.rett,0.1,1,2,1
2/13/2020,Abby,SM-P.rett2,PBS,P.rett,0.1,1,5,1
2/13/2020,Abby,SM-P.rett2,PBS,P.rett,0.1,1,6,1
2/13/2020,Abby,SM-P.rett2,PBS,P.rett,0.1,1,6,1
2/13/2020,Abby,SM-P.rett2,PBS,P.rett,0.1,1,6,1
2/13/2020,Abby,SM-P.rett2,PBS,P.rett,0.1,1,6,1
2/13/2020,Abby,SM-P.rett2,PBS,P.rett,0.1,2,1,1
2/13/2020,Abby,SM-P.rett2,PBS,P.rett,0.1,2,1,1
2/13/2020,Abby,SM-P.rett2,PBS,P.rett,0.1,2,1,1
2/13/2020,Abby,SM-P.rett2,PBS,P.rett,0.1,2,1,1
2/13/2020,Abby,SM-P.rett2,PBS,P.rett,0.1,2,9,1
2/13/2020,Abby,SM-P.rett2,PBS,P.rett,0.1,2,11,1
2/13/2020,Abby,SM-P.rett2,PBS,P.rett,0.1,2,12,1
2/13/2020,Abby,SM-P.rett2,PBS,P.rett,0.1,2,12,0
2/13/2020,Abby,SM-P.rett2,PBS,P.rett,0.1,3,1,1
2/13/2020,Abby,SM-P.rett2,PBS,P.rett,0.1,3,1,1
2/13/2020,Abby,SM-P.rett2,PBS,P.rett,0.1,3,1,1
2/13/2020,Abby,SM-P.rett2,PBS,P.rett,0.1,3,2,1
2/13/2020,Abby,SM-P.rett2,PBS,P.rett,0.1,3,4,1
2/13/2020,Abby,SM-P.rett2,PBS,P.rett,0.1,3,6,1
2/13/2020,Abby,SM-P.rett2,PBS,P.rett,0.1,3,12,1
2/13/2020,Abby,SM-P.rett2,PBS,P.rett,0.1,3,12,1
2/13/2020,Abby,SM-P.rett2,PBS,P.rett,0.1,3,12,1
2/13/2020,Abby,SM-P.rett2,PBS,P.rett,0.1,3,12,0
2/13/2020,Abby,SM-P.rett2,PBS,P.rett,1,4,1,1
2/13/2020,Abby,SM-P.rett2,PBS,P.rett,1,4,1,1
2/13/2020,Abby,SM-P.rett2,PBS,P.rett,1,4,1,1
2/13/2020,Abby,SM-P.rett2,PBS,P.rett,1,4,1,1
2/13/2020,Abby,SM-P.rett2,PBS,P.rett,1,4,1,1
2/13/2020,Abby,SM-P.rett2,PBS,P.rett,1,4,1,1
2/13/2020,Abby,SM-P.rett2,PBS,P.rett,1,4,1,1
2/13/2020,Abby,SM-P.rett2,PBS,P.rett,1,4,1,1
2/13/2020,Abby,SM-P.rett2,PBS,P.rett,1,4,1,1
2/13/2020,Abby,SM-P.rett2,PBS,P.rett,1,4,1,1
2/13/2020,Abby,SM-P.rett2,PBS,P.rett,1,5,1,1
2/13/2020,Abby,SM-P.rett2,PBS,P.rett,1,5,1,1
2/13/2020,Abby,SM-P.rett2,PBS,P.rett,1,5,1,1
2/13/2020,Abby,SM-P.rett2,PBS,P.rett,1,5,1,1
2/13/2020,Abby,SM-P.rett2,PBS,P.rett,1,5,1,1
2/13/2020,Abby,SM-P.rett2,PBS,P.rett,1,5,1,1
2/13/2020,Abby,SM-P.rett2,PBS,P.rett,1,5,1,1
2/13/2020,Abby,SM-P.rett2,PBS,P.rett,1,5,1,1
2/13/2020,Abby,SM-P.rett2,PBS,P.rett,1,5,1,1
2/13/2020,Abby,SM-P.rett2,PBS,P.rett,1,5,1,1
2/13/2020,Abby,SM-P.rett2,PBS,P.rett,1,6,1,1
2/13/2020,Abby,SM-P.rett2,PBS,P.rett,1,6,1,1
2/13/2020,Abby,SM-P.rett2,PBS,P.rett,1,6,1,1
2/13/2020,Abby,SM-P.rett2,PBS,P.rett,1,6,1,1
2/13/2020,Abby,SM-P.rett2,PBS,P.rett,1,6,1,1
2/13/2020,Abby,SM-P.rett2,PBS,P.rett,1,6,1,1
2/13/2020,Abby,SM-P.rett2,PBS,P.rett,1,6,1,1
2/13/2020,Abby,SM-P.rett2,PBS,P.rett,1,6,1,1
2/13/2020,Abby,SM-P.rett2,PBS,P.rett,1,6,1,1
2/13/2020,Abby,SM-P.rett2,PBS,P.rett,1,6,1,1
2/13/2020,Abby,SM-P.rett2,PBS,P.rett,1,6,1,1
2/13/2020,Abby,SM-P.rett2,PBS,P.rett,2,7,1,1
2/13/2020,Abby,SM-P.rett2,PBS,P.rett,2,7,1,1
2/13/2020,Abby,SM-P.rett2,PBS,P.rett,2,7,1,1
2/13/2020,Abby,SM-P.rett2,PBS,P.rett,2,7,1,1
2/13/2020,Abby,SM-P.rett2,PBS,P.rett,2,7,1,1
2/13/2020,Abby,SM-P.rett2,PBS,P.rett,2,7,1,1
2/13/2020,Abby,SM-P.rett2,PBS,P.rett,2,7,1,1
2/13/2020,Abby,SM-P.rett2,PBS,P.rett,2,7,1,1
2/13/2020,Abby,SM-P.rett2,PBS,P.rett,2,7,1,1
2/13/2020,Abby,SM-P.rett2,PBS,P.rett,2,7,1,1
2/13/2020,Abby,SM-P.rett2,PBS,P.rett,2,8,1,1
2/13/2020,Abby,SM-P.rett2,PBS,P.rett,2,8,1,1
2/13/2020,Abby,SM-P.rett2,PBS,P.rett,2,8,1,1
2/13/2020,Abby,SM-P.rett2,PBS,P.rett,2,8,1,1
2/13/2020,Abby,SM-P.rett2,PBS,P.rett,2,8,1,1
2/13/2020,Abby,SM-P.rett2,PBS,P.rett,2,8,1,1
2/13/2020,Abby,SM-P.rett2,PBS,P.rett,2,8,1,1
2/13/2020,Abby,SM-P.rett2,PBS,P.rett,2,8,1,1
2/13/2020,Abby,SM-P.rett2,PBS,P.rett,2,8,1,1
2/13/2020,Abby,SM-P.rett2,PBS,P.rett,2,8,1,1
2/13/2020,Abby,SM-P.rett2,PBS,P.rett,2,9,1,1
2/13/2020,Abby,SM-P.rett2,PBS,P.rett,2,9,1,1
2/13/2020,Abby,SM-P.rett2,PBS,P.rett,2,9,1,1
2/13/2020,Abby,SM-P.rett2,PBS,P.rett,2,9,1,1
2/13/2020,Abby,SM-P.rett2,PBS,P.rett,2,9,1,1
2/13/2020,Abby,SM-P.rett2,PBS,P.rett,2,9,1,1
2/13/2020,Abby,SM-P.rett2,PBS,P.rett,2,9,1,1
2/13/2020,Abby,SM-P.rett2,PBS,P.rett,2,9,1,1
2/13/2020,Abby,SM-P.rett2,PBS,P.rett,2,9,1,1
2/13/2020,Abby,SM-P.rett2,PBS,P.rett,2,9,1,1
2/13/2020,Abby,SM-P.rett2,PBS,P.rett,5,10,1,1
2/13/2020,Abby,SM-P.rett2,PBS,P.rett,5,10,1,1
2/13/2020,Abby,SM-P.rett2,PBS,P.rett,5,10,1,1
2/13/2020,Abby,SM-P.rett2,PBS,P.rett,5,10,1,1
2/13/2020,Abby,SM-P.rett2,PBS,P.rett,5,10,1,1
2/13/2020,Abby,SM-P.rett2,PBS,P.rett,5,10,1,1
2/13/2020,Abby,SM-P.rett2,PBS,P.rett,5,10,1,1
2/13/2020,Abby,SM-P.rett2,PBS,P.rett,5,10,1,1
2/13/2020,Abby,SM-P.rett2,PBS,P.rett,5,10,1,1
2/13/2020,Abby,SM-P.rett2,PBS,P.rett,5,10,1,1
2/13/2020,Abby,SM-P.rett2,PBS,P.rett,5,11,1,1
2/13/2020,Abby,SM-P.rett2,PBS,P.rett,5,11,1,1
2/13/2020,Abby,SM-P.rett2,PBS,P.rett,5,11,1,1
2/13/2020,Abby,SM-P.rett2,PBS,P.rett,5,11,1,1
2/13/2020,Abby,SM-P.rett2,PBS,P.rett,5,11,1,1
2/13/2020,Abby,SM-P.rett2,PBS,P.rett,5,11,1,1
2/13/2020,Abby,SM-P.rett2,PBS,P.rett,5,11,1,1
2/13/2020,Abby,SM-P.rett2,PBS,P.rett,5,11,1,1
2/13/2020,Abby,SM-P.rett2,PBS,P.rett,5,11,1,1
2/13/2020,Abby,SM-P.rett2,PBS,P.rett,5,11,1,1
2/13/2020,Abby,SM-P.rett2,PBS,P.rett,5,12,1,1
2/13/2020,Abby,SM-P.rett2,PBS,P.rett,5,12,1,1
2/13/2020,Abby,SM-P.rett2,PBS,P.rett,5,12,1,1
2/13/2020,Abby,SM-P.rett2,PBS,P.rett,5,12,1,1
2/13/2020,Abby,SM-P.rett2,PBS,P.rett,5,12,1,1
2/13/2020,Abby,SM-P.rett2,PBS,P.rett,5,12,1,1
2/13/2020,Abby,SM-P.rett2,PBS,P.rett,5,12,1,1
2/13/2020,Abby,SM-P.rett2,PBS,P.rett,5,12,1,1
2/13/2020,Abby,SM-P.rett2,PBS,P.rett,5,12,1,1
2/13/2020,Abby,SM-P.rett2,PBS,P.rett,5,12,1,1
2/13/2020,Abby,SM-P.rett2,S.m,PBS,0,C3,12,1
2/13/2020,Abby,SM-P.rett2,S.m,PBS,0,C3,12,0
2/13/2020,Abby,SM-P.rett2,S.m,PBS,0,C3,12,0
2/13/2020,Abby,SM-P.rett2,S.m,PBS,0,C3,12,0
2/13/2020,Abby,SM-P.rett2,S.m,PBS,0,C3,12,0
2/13/2020,Abby,SM-P.rett2,S.m,PBS,0,C3,12,0
2/13/2020,Abby,SM-P.rett2,S.m,PBS,0,C3,12,0
2/13/2020,Abby,SM-P.rett2,S.m,PBS,0,C3,12,0
2/13/2020,Abby,SM-P.rett2,S.m,PBS,0,C3,12,0
2/13/2020,Abby,SM-P.rett2,S.m,PBS,0,C3,12,0
2/13/2020,Abby,SM-P.rett2,S.m,PBS,0,C4,1,1
2/13/2020,Abby,SM-P.rett2,S.m,PBS,0,C4,3,1
2/13/2020,Abby,SM-P.rett2,S.m,PBS,0,C4,5,1
2/13/2020,Abby,SM-P.rett2,S.m,PBS,0,C4,12,1
2/13/2020,Abby,SM-P.rett2,S.m,PBS,0,C4,12,1
2/13/2020,Abby,SM-P.rett2,S.m,PBS,0,C4,12,0
2/13/2020,Abby,SM-P.rett2,S.m,PBS,0,C4,12,0
2/13/2020,Abby,SM-P.rett2,S.m,PBS,0,C4,12,0
2/13/2020,Abby,SM-P.rett2,S.m,P.rett,0.1,13,1,1
2/13/2020,Abby,SM-P.rett2,S.m,P.rett,0.1,13,2,1
2/13/2020,Abby,SM-P.rett2,S.m,P.rett,0.1,13,6,1
2/13/2020,Abby,SM-P.rett2,S.m,P.rett,0.1,13,12,1
2/13/2020,Abby,SM-P.rett2,S.m,P.rett,0.1,13,12,1
2/13/2020,Abby,SM-P.rett2,S.m,P.rett,0.1,13,12,0
2/13/2020,Abby,SM-P.rett2,S.m,P.rett,0.1,13,12,0
2/13/2020,Abby,SM-P.rett2,S.m,P.rett,0.1,13,12,0
2/13/2020,Abby,SM-P.rett2,S.m,P.rett,0.1,13,12,0
2/13/2020,Abby,SM-P.rett2,S.m,P.rett,0.1,13,12,0
2/13/2020,Abby,SM-P.rett2,S.m,P.rett,0.1,14,1,1
2/13/2020,Abby,SM-P.rett2,S.m,P.rett,0.1,14,2,1
2/13/2020,Abby,SM-P.rett2,S.m,P.rett,0.1,14,6,1
2/13/2020,Abby,SM-P.rett2,S.m,P.rett,0.1,14,12,0
2/13/2020,Abby,SM-P.rett2,S.m,P.rett,0.1,14,12,0
2/13/2020,Abby,SM-P.rett2,S.m,P.rett,0.1,14,12,0
2/13/2020,Abby,SM-P.rett2,S.m,P.rett,0.1,14,12,0
2/13/2020,Abby,SM-P.rett2,S.m,P.rett,0.1,14,12,0
2/13/2020,Abby,SM-P.rett2,S.m,P.rett,0.1,14,12,0
2/13/2020,Abby,SM-P.rett2,S.m,P.rett,0.1,14,12,0
2/13/2020,Abby,SM-P.rett2,S.m,P.rett,0.1,15,2,1
2/13/2020,Abby,SM-P.rett2,S.m,P.rett,0.1,15,12,1
2/13/2020,Abby,SM-P.rett2,S.m,P.rett,0.1,15,12,0
2/13/2020,Abby,SM-P.rett2,S.m,P.rett,0.1,15,12,0
2/13/2020,Abby,SM-P.rett2,S.m,P.rett,0.1,15,12,0
2/13/2020,Abby,SM-P.rett2,S.m,P.rett,0.1,15,12,0
2/13/2020,Abby,SM-P.rett2,S.m,P.rett,0.1,15,12,0
2/13/2020,Abby,SM-P.rett2,S.m,P.rett,0.1,15,12,0
2/13/2020,Abby,SM-P.rett2,S.m,P.rett,1,16,1,1
2/13/2020,Abby,SM-P.rett2,S.m,P.rett,1,16,2,1
2/13/2020,Abby,SM-P.rett2,S.m,P.rett,1,16,2,1
2/13/2020,Abby,SM-P.rett2,S.m,P.rett,1,16,4,1
2/13/2020,Abby,SM-P.rett2,S.m,P.rett,1,16,7,1
2/13/2020,Abby,SM-P.rett2,S.m,P.rett,1,16,7,1
2/13/2020,Abby,SM-P.rett2,S.m,P.rett,1,16,12,1
2/13/2020,Abby,SM-P.rett2,S.m,P.rett,1,16,12,0
2/13/2020,Abby,SM-P.rett2,S.m,P.rett,1,16,12,0
2/13/2020,Abby,SM-P.rett2,S.m,P.rett,1,16,12,0
2/13/2020,Abby,SM-P.rett2,S.m,P.rett,1,17,1,1
2/13/2020,Abby,SM-P.rett2,S.m,P.rett,1,17,1,1
2/13/2020,Abby,SM-P.rett2,S.m,P.rett,1,17,1,1
2/13/2020,Abby,SM-P.rett2,S.m,P.rett,1,17,7,1
2/13/2020,Abby,SM-P.rett2,S.m,P.rett,1,17,11,1
2/13/2020,Abby,SM-P.rett2,S.m,P.rett,1,17,12,0
2/13/2020,Abby,SM-P.rett2,S.m,P.rett,1,17,12,0
2/13/2020,Abby,SM-P.rett2,S.m,P.rett,1,17,12,0
2/13/2020,Abby,SM-P.rett2,S.m,P.rett,1,17,12,0
2/13/2020,Abby,SM-P.rett2,S.m,P.rett,1,17,12,0
2/13/2020,Abby,SM-P.rett2,S.m,P.rett,1,18,1,1
2/13/2020,Abby,SM-P.rett2,S.m,P.rett,1,18,2,1
2/13/2020,Abby,SM-P.rett2,S.m,P.rett,1,18,4,1
2/13/2020,Abby,SM-P.rett2,S.m,P.rett,1,18,12,0
2/13/2020,Abby,SM-P.rett2,S.m,P.rett,1,18,12,0
2/13/2020,Abby,SM-P.rett2,S.m,P.rett,1,18,12,0
2/13/2020,Abby,SM-P.rett2,S.m,P.rett,1,18,12,0
2/13/2020,Abby,SM-P.rett2,S.m,P.rett,1,18,12,0
2/13/2020,Abby,SM-P.rett2,S.m,P.rett,2,19,10,1
2/13/2020,Abby,SM-P.rett2,S.m,P.rett,2,19,12,0
2/13/2020,Abby,SM-P.rett2,S.m,P.rett,2,19,12,0
2/13/2020,Abby,SM-P.rett2,S.m,P.rett,2,19,12,0
2/13/2020,Abby,SM-P.rett2,S.m,P.rett,2,19,12,0
2/13/2020,Abby,SM-P.rett2,S.m,P.rett,2,19,12,0
2/13/2020,Abby,SM-P.rett2,S.m,P.rett,2,19,12,0
2/13/2020,Abby,SM-P.rett2,S.m,P.rett,2,19,12,0
2/13/2020,Abby,SM-P.rett2,S.m,P.rett,2,19,12,0
2/13/2020,Abby,SM-P.rett2,S.m,P.rett,2,19,12,0
2/13/2020,Abby,SM-P.rett2,S.m,P.rett,2,20,1,1
2/13/2020,Abby,SM-P.rett2,S.m,P.rett,2,20,9,1
2/13/2020,Abby,SM-P.rett2,S.m,P.rett,2,20,12,1
2/13/2020,Abby,SM-P.rett2,S.m,P.rett,2,20,12,0
2/13/2020,Abby,SM-P.rett2,S.m,P.rett,2,20,12,0
2/13/2020,Abby,SM-P.rett2,S.m,P.rett,2,20,12,0
2/13/2020,Abby,SM-P.rett2,S.m,P.rett,2,20,12,0
2/13/2020,Abby,SM-P.rett2,S.m,P.rett,2,20,12,0
2/13/2020,Abby,SM-P.rett2,S.m,P.rett,2,20,12,0
2/13/2020,Abby,SM-P.rett2,S.m,P.rett,2,20,12,0
2/13/2020,Abby,SM-P.rett2,S.m,P.rett,2,21,1,1
2/13/2020,Abby,SM-P.rett2,S.m,P.rett,2,21,1,1
2/13/2020,Abby,SM-P.rett2,S.m,P.rett,2,21,3,1
2/13/2020,Abby,SM-P.rett2,S.m,P.rett,2,21,8,1
2/13/2020,Abby,SM-P.rett2,S.m,P.rett,2,21,12,0
2/13/2020,Abby,SM-P.rett2,S.m,P.rett,2,21,12,0
2/13/2020,Abby,SM-P.rett2,S.m,P.rett,2,21,12,0
2/13/2020,Abby,SM-P.rett2,S.m,P.rett,2,21,12,0
2/13/2020,Abby,SM-P.rett2,S.m,P.rett,5,22,0,1
2/13/2020,Abby,SM-P.rett2,S.m,P.rett,5,22,0,1
2/13/2020,Abby,SM-P.rett2,S.m,P.rett,5,22,1,1
2/13/2020,Abby,SM-P.rett2,S.m,P.rett,5,22,12,1
2/13/2020,Abby,SM-P.rett2,S.m,P.rett,5,22,12,1
2/13/2020,Abby,SM-P.rett2,S.m,P.rett,5,22,12,1
2/13/2020,Abby,SM-P.rett2,S.m,P.rett,5,22,12,0
2/13/2020,Abby,SM-P.rett2,S.m,P.rett,5,22,12,0
2/13/2020,Abby,SM-P.rett2,S.m,P.rett,5,22,12,0
2/13/2020,Abby,SM-P.rett2,S.m,P.rett,5,22,12,0
2/13/2020,Abby,SM-P.rett2,S.m,P.rett,5,23,1,1
2/13/2020,Abby,SM-P.rett2,S.m,P.rett,5,23,2,1
2/13/2020,Abby,SM-P.rett2,S.m,P.rett,5,23,6,1
2/13/2020,Abby,SM-P.rett2,S.m,P.rett,5,23,9,1
2/13/2020,Abby,SM-P.rett2,S.m,P.rett,5,23,9,1
2/13/2020,Abby,SM-P.rett2,S.m,P.rett,5,23,11,1
2/13/2020,Abby,SM-P.rett2,S.m,P.rett,5,23,11,1
2/13/2020,Abby,SM-P.rett2,S.m,P.rett,5,23,12,1
2/13/2020,Abby,SM-P.rett2,S.m,P.rett,5,23,12,1
2/13/2020,Abby,SM-P.rett2,S.m,P.rett,5,23,12,0
2/13/2020,Abby,SM-P.rett2,S.m,P.rett,5,24,3,1
2/13/2020,Abby,SM-P.rett2,S.m,P.rett,5,24,8,1
2/13/2020,Abby,SM-P.rett2,S.m,P.rett,5,24,10,1
2/13/2020,Abby,SM-P.rett2,S.m,P.rett,5,24,12,1
2/13/2020,Abby,SM-P.rett2,S.m,P.rett,5,24,12,1
2/13/2020,Abby,SM-P.rett2,S.m,P.rett,5,24,12,1
2/13/2020,Abby,SM-P.rett2,S.m,P.rett,5,24,12,0
2/13/2020,Abby,SM-P.rett2,S.m,P.rett,5,24,12,0
9/27/2020,Abby,Fall 2020 exp 1,PBS,PBS,0,C1,12,0
9/27/2020,Abby,Fall 2020 exp 1,PBS,PBS,0,C1,12,0
9/27/2020,Abby,Fall 2020 exp 1,PBS,PBS,0,C1,12,0
9/27/2020,Abby,Fall 2020 exp 1,PBS,PBS,0,C1,12,0
9/27/2020,Abby,Fall 2020 exp 1,PBS,PBS,0,C1,12,0
9/27/2020,Abby,Fall 2020 exp 1,PBS,PBS,0,C1,12,0
9/27/2020,Abby,Fall 2020 exp 1,PBS,PBS,0,C1,12,0
9/27/2020,Abby,Fall 2020 exp 1,PBS,PBS,0,C1,12,0
9/27/2020,Abby,Fall 2020 exp 1,PBS,PBS,0,C1,12,0
9/27/2020,Abby,Fall 2020 exp 1,PBS,PBS,0,C1,12,0
9/27/2020,Abby,Fall 2020 exp 1,PBS,P.rett,1,1,1,1
9/27/2020,Abby,Fall 2020 exp 1,PBS,P.rett,1,1,1,1
9/27/2020,Abby,Fall 2020 exp 1,PBS,P.rett,1,1,1,1
9/27/2020,Abby,Fall 2020 exp 1,PBS,P.rett,1,1,1,1
9/27/2020,Abby,Fall 2020 exp 1,PBS,P.rett,1,1,1,1
9/27/2020,Abby,Fall 2020 exp 1,PBS,P.rett,1,1,1,1
9/27/2020,Abby,Fall 2020 exp 1,PBS,P.rett,1,1,1,1
9/27/2020,Abby,Fall 2020 exp 1,PBS,P.rett,1,1,1,1
9/27/2020,Abby,Fall 2020 exp 1,PBS,P.rett,1,1,1,1
9/27/2020,Abby,Fall 2020 exp 1,PBS,P.rett,1,1,2,1
9/27/2020,Abby,Fall 2020 exp 1,PBS,P.rett,1,2,1,1
9/27/2020,Abby,Fall 2020 exp 1,PBS,P.rett,1,2,1,1
9/27/2020,Abby,Fall 2020 exp 1,PBS,P.rett,1,2,1,1
9/27/2020,Abby,Fall 2020 exp 1,PBS,P.rett,1,2,1,1
9/27/2020,Abby,Fall 2020 exp 1,PBS,P.rett,1,2,1,1
9/27/2020,Abby,Fall 2020 exp 1,PBS,P.rett,1,2,1,1
9/27/2020,Abby,Fall 2020 exp 1,PBS,P.rett,1,2,1,1
9/27/2020,Abby,Fall 2020 exp 1,PBS,P.rett,1,2,1,1
9/27/2020,Abby,Fall 2020 exp 1,PBS,P.rett,1,2,1,1
9/27/2020,Abby,Fall 2020 exp 1,PBS,P.rett,1,2,4,1
9/27/2020,Abby,Fall 2020 exp 1,PBS,P.rett,1,3,1,1
9/27/2020,Abby,Fall 2020 exp 1,PBS,P.rett,1,3,1,1
9/27/2020,Abby,Fall 2020 exp 1,PBS,P.rett,1,3,1,1
9/27/2020,Abby,Fall 2020 exp 1,PBS,P.rett,1,3,1,1
9/27/2020,Abby,Fall 2020 exp 1,PBS,P.rett,1,3,1,1
9/27/2020,Abby,Fall 2020 exp 1,PBS,P.rett,1,3,2,1
9/27/2020,Abby,Fall 2020 exp 1,PBS,P.rett,1,3,4,1
9/27/2020,Abby,Fall 2020 exp 1,PBS,P.rett,2,4,1,1
9/27/2020,Abby,Fall 2020 exp 1,PBS,P.rett,2,4,1,1
9/27/2020,Abby,Fall 2020 exp 1,PBS,P.rett,2,4,1,1
9/27/2020,Abby,Fall 2020 exp 1,PBS,P.rett,2,4,1,1
9/27/2020,Abby,Fall 2020 exp 1,PBS,P.rett,2,4,1,1
9/27/2020,Abby,Fall 2020 exp 1,PBS,P.rett,2,4,1,1
9/27/2020,Abby,Fall 2020 exp 1,PBS,P.rett,2,4,1,1
9/27/2020,Abby,Fall 2020 exp 1,PBS,P.rett,2,4,1,1
9/27/2020,Abby,Fall 2020 exp 1,PBS,P.rett,2,4,1,1
9/27/2020,Abby,Fall 2020 exp 1,PBS,P.rett,2,4,1,1
9/27/2020,Abby,Fall 2020 exp 1,PBS,P.rett,2,5,1,1
9/27/2020,Abby,Fall 2020 exp 1,PBS,P.rett,2,5,1,1
9/27/2020,Abby,Fall 2020 exp 1,PBS,P.rett,2,5,1,1
9/27/2020,Abby,Fall 2020 exp 1,PBS,P.rett,2,5,1,1
9/27/2020,Abby,Fall 2020 exp 1,PBS,P.rett,2,5,1,1
9/27/2020,Abby,Fall 2020 exp 1,PBS,P.rett,2,5,1,1
9/27/2020,Abby,Fall 2020 exp 1,PBS,P.rett,2,5,1,1
9/27/2020,Abby,Fall 2020 exp 1,PBS,P.rett,2,5,1,1
9/27/2020,Abby,Fall 2020 exp 1,PBS,P.rett,2,5,1,1
9/27/2020,Abby,Fall 2020 exp 1,PBS,P.rett,2,6,1,1
9/27/2020,Abby,Fall 2020 exp 1,PBS,P.rett,2,6,1,1
9/27/2020,Abby,Fall 2020 exp 1,PBS,P.rett,2,6,1,1
9/27/2020,Abby,Fall 2020 exp 1,PBS,P.rett,2,6,1,1
9/27/2020,Abby,Fall 2020 exp 1,PBS,P.rett,2,6,1,1
9/27/2020,Abby,Fall 2020 exp 1,PBS,P.rett,2,6,1,1
9/27/2020,Abby,Fall 2020 exp 1,PBS,P.rett,2,6,1,1
9/27/2020,Abby,Fall 2020 exp 1,PBS,P.rett,3,7,1,1
9/27/2020,Abby,Fall 2020 exp 1,PBS,P.rett,3,7,1,1
9/27/2020,Abby,Fall 2020 exp 1,PBS,P.rett,3,7,1,1
9/27/2020,Abby,Fall 2020 exp 1,PBS,P.rett,3,7,1,1
9/27/2020,Abby,Fall 2020 exp 1,PBS,P.rett,3,7,1,1
9/27/2020,Abby,Fall 2020 exp 1,PBS,P.rett,3,7,1,1
9/27/2020,Abby,Fall 2020 exp 1,PBS,P.rett,3,7,1,1
9/27/2020,Abby,Fall 2020 exp 1,PBS,P.rett,3,7,1,1
9/27/2020,Abby,Fall 2020 exp 1,PBS,P.rett,3,7,1,1
9/27/2020,Abby,Fall 2020 exp 1,PBS,P.rett,3,7,1,1
9/27/2020,Abby,Fall 2020 exp 1,PBS,P.rett,3,8,1,1
9/27/2020,Abby,Fall 2020 exp 1,PBS,P.rett,3,8,1,1
9/27/2020,Abby,Fall 2020 exp 1,PBS,P.rett,3,8,1,1
9/27/2020,Abby,Fall 2020 exp 1,PBS,P.rett,3,8,1,1
9/27/2020,Abby,Fall 2020 exp 1,PBS,P.rett,3,8,1,1
9/27/2020,Abby,Fall 2020 exp 1,PBS,P.rett,3,8,1,1
9/27/2020,Abby,Fall 2020 exp 1,PBS,P.rett,3,8,1,1
9/27/2020,Abby,Fall 2020 exp 1,PBS,P.rett,3,8,1,1
9/27/2020,Abby,Fall 2020 exp 1,PBS,P.rett,3,8,1,1
9/27/2020,Abby,Fall 2020 exp 1,PBS,P.rett,3,8,1,1
9/27/2020,Abby,Fall 2020 exp 1,PBS,P.rett,5,10,1,1
9/27/2020,Abby,Fall 2020 exp 1,PBS,P.rett,5,10,1,1
9/27/2020,Abby,Fall 2020 exp 1,PBS,P.rett,5,10,1,1
9/27/2020,Abby,Fall 2020 exp 1,PBS,P.rett,5,10,1,1
9/27/2020,Abby,Fall 2020 exp 1,PBS,P.rett,5,10,1,1
9/27/2020,Abby,Fall 2020 exp 1,PBS,P.rett,5,10,1,1
9/27/2020,Abby,Fall 2020 exp 1,PBS,P.rett,5,10,1,1
9/27/2020,Abby,Fall 2020 exp 1,PBS,P.rett,5,10,1,1
9/27/2020,Abby,Fall 2020 exp 1,PBS,P.rett,5,10,1,1
9/27/2020,Abby,Fall 2020 exp 1,PBS,P.rett,5,10,1,1
9/27/2020,Abby,Fall 2020 exp 1,PBS,P.rett,5,11,1,1
9/27/2020,Abby,Fall 2020 exp 1,PBS,P.rett,5,11,1,1
9/27/2020,Abby,Fall 2020 exp 1,PBS,P.rett,5,11,1,1
9/27/2020,Abby,Fall 2020 exp 1,PBS,P.rett,5,11,1,1
9/27/2020,Abby,Fall 2020 exp 1,PBS,P.rett,5,11,1,1
9/27/2020,Abby,Fall 2020 exp 1,PBS,P.rett,5,11,1,1
9/27/2020,Abby,Fall 2020 exp 1,PBS,P.rett,5,11,1,1
9/27/2020,Abby,Fall 2020 exp 1,PBS,P.rett,5,11,1,1
9/27/2020,Abby,Fall 2020 exp 1,PBS,P.rett,5,11,1,1
9/27/2020,Abby,Fall 2020 exp 1,PBS,P.rett,5,11,1,1
9/27/2020,Abby,Fall 2020 exp 1,S.m,PBS,0,C2,1,1
9/27/2020,Abby,Fall 2020 exp 1,S.m,PBS,0,C2,12,0
9/27/2020,Abby,Fall 2020 exp 1,S.m,PBS,0,C2,12,0
9/27/2020,Abby,Fall 2020 exp 1,S.m,PBS,0,C2,12,0
9/27/2020,Abby,Fall 2020 exp 1,S.m,PBS,0,C2,12,0
9/27/2020,Abby,Fall 2020 exp 1,S.m,PBS,0,C2,12,0
9/27/2020,Abby,Fall 2020 exp 1,S.m,PBS,0,C2,12,0
9/27/2020,Abby,Fall 2020 exp 1,S.m,PBS,0,C2,12,0
9/27/2020,Abby,Fall 2020 exp 1,S.m,PBS,0,C2,12,0
9/27/2020,Abby,Fall 2020 exp 1,S.m,PBS,0,C2,12,0
9/27/2020,Abby,Fall 2020 exp 1,S.m,P.rett,1,13,1,1
9/27/2020,Abby,Fall 2020 exp 1,S.m,P.rett,1,13,1,1
9/27/2020,Abby,Fall 2020 exp 1,S.m,P.rett,1,13,7,1
9/27/2020,Abby,Fall 2020 exp 1,S.m,P.rett,1,13,8,1
9/27/2020,Abby,Fall 2020 exp 1,S.m,P.rett,1,13,8,0
9/27/2020,Abby,Fall 2020 exp 1,S.m,P.rett,1,13,8,0
9/27/2020,Abby,Fall 2020 exp 1,S.m,P.rett,1,13,8,0
9/27/2020,Abby,Fall 2020 exp 1,S.m,P.rett,1,13,8,0
9/27/2020,Abby,Fall 2020 exp 1,S.m,P.rett,1,13,8,0
9/27/2020,Abby,Fall 2020 exp 1,S.m,P.rett,1,13,8,0
9/27/2020,Abby,Fall 2020 exp 1,S.m,P.rett,1,14,5,1
9/27/2020,Abby,Fall 2020 exp 1,S.m,P.rett,1,14,8,0
9/27/2020,Abby,Fall 2020 exp 1,S.m,P.rett,1,14,8,0
9/27/2020,Abby,Fall 2020 exp 1,S.m,P.rett,1,14,8,0
9/27/2020,Abby,Fall 2020 exp 1,S.m,P.rett,1,14,8,0
9/27/2020,Abby,Fall 2020 exp 1,S.m,P.rett,1,14,8,0
9/27/2020,Abby,Fall 2020 exp 1,S.m,P.rett,1,14,8,0
9/27/2020,Abby,Fall 2020 exp 1,S.m,P.rett,1,14,8,0
9/27/2020,Abby,Fall 2020 exp 1,S.m,P.rett,1,14,8,0
9/27/2020,Abby,Fall 2020 exp 1,S.m,P.rett,1,15,7,1
9/27/2020,Abby,Fall 2020 exp 1,S.m,P.rett,1,15,7,1
9/27/2020,Abby,Fall 2020 exp 1,S.m,P.rett,1,15,10,0
9/27/2020,Abby,Fall 2020 exp 1,S.m,P.rett,1,15,10,0
9/27/2020,Abby,Fall 2020 exp 1,S.m,P.rett,1,15,10,0
9/27/2020,Abby,Fall 2020 exp 1,S.m,P.rett,1,15,10,0
9/27/2020,Abby,Fall 2020 exp 1,S.m,P.rett,1,15,10,0
9/27/2020,Abby,Fall 2020 exp 1,S.m,P.rett,1,15,10,0
9/27/2020,Abby,Fall 2020 exp 1,S.m,P.rett,1,15,10,0
9/27/2020,Abby,Fall 2020 exp 1,S.m,P.rett,2,16,1,1
9/27/2020,Abby,Fall 2020 exp 1,S.m,P.rett,2,16,1,1
9/27/2020,Abby,Fall 2020 exp 1,S.m,P.rett,2,16,8,1
9/27/2020,Abby,Fall 2020 exp 1,S.m,P.rett,2,16,9,1
9/27/2020,Abby,Fall 2020 exp 1,S.m,P.rett,2,16,10,0
9/27/2020,Abby,Fall 2020 exp 1,S.m,P.rett,2,16,10,0
9/27/2020,Abby,Fall 2020 exp 1,S.m,P.rett,2,16,10,0
9/27/2020,Abby,Fall 2020 exp 1,S.m,P.rett,2,16,10,0
9/27/2020,Abby,Fall 2020 exp 1,S.m,P.rett,2,16,10,0
9/27/2020,Abby,Fall 2020 exp 1,S.m,P.rett,2,16,10,0
9/27/2020,Abby,Fall 2020 exp 1,S.m,P.rett,2,17,1,1
9/27/2020,Abby,Fall 2020 exp 1,S.m,P.rett,2,17,2,1
9/27/2020,Abby,Fall 2020 exp 1,S.m,P.rett,2,17,9,1
9/27/2020,Abby,Fall 2020 exp 1,S.m,P.rett,2,17,10,1
9/27/2020,Abby,Fall 2020 exp 1,S.m,P.rett,2,17,12,0
9/27/2020,Abby,Fall 2020 exp 1,S.m,P.rett,2,17,12,0
9/27/2020,Abby,Fall 2020 exp 1,S.m,P.rett,2,17,12,0
9/27/2020,Abby,Fall 2020 exp 1,S.m,P.rett,2,17,12,0
9/27/2020,Abby,Fall 2020 exp 1,S.m,P.rett,2,17,12,0
9/27/2020,Abby,Fall 2020 exp 1,S.m,P.rett,2,17,12,0
9/27/2020,Abby,Fall 2020 exp 1,S.m,P.rett,2,18,1,1
9/27/2020,Abby,Fall 2020 exp 1,S.m,P.rett,2,18,12,0
9/27/2020,Abby,Fall 2020 exp 1,S.m,P.rett,2,18,12,0
9/27/2020,Abby,Fall 2020 exp 1,S.m,P.rett,2,18,12,0
9/27/2020,Abby,Fall 2020 exp 1,S.m,P.rett,2,18,12,0
9/27/2020,Abby,Fall 2020 exp 1,S.m,P.rett,2,18,12,0
9/27/2020,Abby,Fall 2020 exp 1,S.m,P.rett,2,18,12,0
9/27/2020,Abby,Fall 2020 exp 1,S.m,P.rett,3,19,1,1
9/27/2020,Abby,Fall 2020 exp 1,S.m,P.rett,3,19,1,1
9/27/2020,Abby,Fall 2020 exp 1,S.m,P.rett,3,19,1,1
9/27/2020,Abby,Fall 2020 exp 1,S.m,P.rett,3,19,11,1
9/27/2020,Abby,Fall 2020 exp 1,S.m,P.rett,3,19,12,0
9/27/2020,Abby,Fall 2020 exp 1,S.m,P.rett,3,19,12,0
9/27/2020,Abby,Fall 2020 exp 1,S.m,P.rett,3,19,12,0
9/27/2020,Abby,Fall 2020 exp 1,S.m,P.rett,3,19,12,0
9/27/2020,Abby,Fall 2020 exp 1,S.m,P.rett,3,19,12,0
9/27/2020,Abby,Fall 2020 exp 1,S.m,P.rett,3,19,12,0
9/27/2020,Abby,Fall 2020 exp 1,S.m,P.rett,3,20,1,1
9/27/2020,Abby,Fall 2020 exp 1,S.m,P.rett,3,20,1,1
9/27/2020,Abby,Fall 2020 exp 1,S.m,P.rett,3,20,4,1
9/27/2020,Abby,Fall 2020 exp 1,S.m,P.rett,3,20,7,1
9/27/2020,Abby,Fall 2020 exp 1,S.m,P.rett,3,20,12,0
9/27/2020,Abby,Fall 2020 exp 1,S.m,P.rett,3,20,12,0
9/27/2020,Abby,Fall 2020 exp 1,S.m,P.rett,3,20,12,0
9/27/2020,Abby,Fall 2020 exp 1,S.m,P.rett,3,20,12,0
9/27/2020,Abby,Fall 2020 exp 1,S.m,P.rett,3,20,12,0
9/27/2020,Abby,Fall 2020 exp 1,S.m,P.rett,3,20,12,0
9/27/2020,Abby,Fall 2020 exp 1,S.m,P.rett,3,21,2,1
9/27/2020,Abby,Fall 2020 exp 1,S.m,P.rett,3,21,9,1
9/27/2020,Abby,Fall 2020 exp 1,S.m,P.rett,3,21,12,0
9/27/2020,Abby,Fall 2020 exp 1,S.m,P.rett,3,21,12,0
9/27/2020,Abby,Fall 2020 exp 1,S.m,P.rett,3,21,12,0
9/27/2020,Abby,Fall 2020 exp 1,S.m,P.rett,3,21,12,0
9/27/2020,Abby,Fall 2020 exp 1,S.m,P.rett,3,21,12,0
9/27/2020,Abby,Fall 2020 exp 1,S.m,P.rett,3,21,12,0
9/27/2020,Abby,Fall 2020 exp 1,S.m,P.rett,5,22,1,1
9/27/2020,Abby,Fall 2020 exp 1,S.m,P.rett,5,22,1,1
9/27/2020,Abby,Fall 2020 exp 1,S.m,P.rett,5,22,1,1
9/27/2020,Abby,Fall 2020 exp 1,S.m,P.rett,5,22,1,1
9/27/2020,Abby,Fall 2020 exp 1,S.m,P.rett,5,22,1,1
9/27/2020,Abby,Fall 2020 exp 1,S.m,P.rett,5,22,1,1
9/27/2020,Abby,Fall 2020 exp 1,S.m,P.rett,5,22,8,1
9/27/2020,Abby,Fall 2020 exp 1,S.m,P.rett,5,22,10,1
9/27/2020,Abby,Fall 2020 exp 1,S.m,P.rett,5,22,10,0
9/27/2020,Abby,Fall 2020 exp 1,S.m,P.rett,5,22,10,0
9/27/2020,Abby,Fall 2020 exp 1,S.m,P.rett,5,23,1,1
9/27/2020,Abby,Fall 2020 exp 1,S.m,P.rett,5,23,1,1
9/27/2020,Abby,Fall 2020 exp 1,S.m,P.rett,5,23,11,1
9/27/2020,Abby,Fall 2020 exp 1,S.m,P.rett,5,23,11,1
9/27/2020,Abby,Fall 2020 exp 1,S.m,P.rett,5,23,12,1
9/27/2020,Abby,Fall 2020 exp 1,S.m,P.rett,5,23,12,1
9/27/2020,Abby,Fall 2020 exp 1,S.m,P.rett,5,23,12,0
9/27/2020,Abby,Fall 2020 exp 1,S.m,P.rett,5,23,12,0
9/27/2020,Abby,Fall 2020 exp 1,S.m,P.rett,5,23,12,0
9/27/2020,Abby,Fall 2020 exp 1,S.m,P.rett,5,23,12,0
9/27/2020,Abby,Fall 2020 exp 1,S.m,P.rett,5,24,1,1
9/27/2020,Abby,Fall 2020 exp 1,S.m,P.rett,5,24,1,1
9/27/2020,Abby,Fall 2020 exp 1,S.m,P.rett,5,24,12,0
9/27/2020,Abby,Fall 2020 exp 1,S.m,P.rett,5,24,12,0
9/27/2020,Abby,Fall 2020 exp 1,S.m,P.rett,5,24,12,0
9/27/2020,Abby,Fall 2020 exp 1,S.m,P.rett,5,24,12,0
9/27/2020,Abby,Fall 2020 exp 1,S.m,P.rett,5,24,12,0
10/6/2020,Abby,Fall 2020 exp 3,PBS,PBS,0,C1,2,1
10/6/2020,Abby,Fall 2020 exp 3,PBS,PBS,0,C1,3,1
10/6/2020,Abby,Fall 2020 exp 3,PBS,PBS,0,C1,10,0
10/6/2020,Abby,Fall 2020 exp 3,PBS,PBS,0,C1,10,0
10/6/2020,Abby,Fall 2020 exp 3,PBS,PBS,0,C1,10,0
10/6/2020,Abby,Fall 2020 exp 3,PBS,PBS,0,C1,10,0
10/6/2020,Abby,Fall 2020 exp 3,PBS,PBS,0,C1,10,0
10/6/2020,Abby,Fall 2020 exp 3,PBS,PBS,0,C1,10,0
10/6/2020,Abby,Fall 2020 exp 3,PBS,PBS,0,C1,10,0
10/6/2020,Abby,Fall 2020 exp 3,PBS,PBS,0,C1,10,0
10/6/2020,Abby,Fall 2020 exp 3,PBS,PBS,0,C2,6,1
10/6/2020,Abby,Fall 2020 exp 3,PBS,PBS,0,C2,10,0
10/6/2020,Abby,Fall 2020 exp 3,PBS,PBS,0,C2,10,0
10/6/2020,Abby,Fall 2020 exp 3,PBS,PBS,0,C2,10,0
10/6/2020,Abby,Fall 2020 exp 3,PBS,PBS,0,C2,10,0
10/6/2020,Abby,Fall 2020 exp 3,PBS,PBS,0,C2,10,0
10/6/2020,Abby,Fall 2020 exp 3,PBS,PBS,0,C2,10,0
10/6/2020,Abby,Fall 2020 exp 3,PBS,PBS,0,C2,10,0
10/6/2020,Abby,Fall 2020 exp 3,PBS,PBS,0,C2,10,0
10/6/2020,Abby,Fall 2020 exp 3,PBS,PBS,0,C2,10,0
10/6/2020,Abby,Fall 2020 exp 3,PBS,P.rett,1,1,1,1
10/6/2020,Abby,Fall 2020 exp 3,PBS,P.rett,1,1,1,1
10/6/2020,Abby,Fall 2020 exp 3,PBS,P.rett,1,1,1,1
10/6/2020,Abby,Fall 2020 exp 3,PBS,P.rett,1,1,1,1
10/6/2020,Abby,Fall 2020 exp 3,PBS,P.rett,1,1,1,1
10/6/2020,Abby,Fall 2020 exp 3,PBS,P.rett,1,1,1,1
10/6/2020,Abby,Fall 2020 exp 3,PBS,P.rett,1,1,1,1
10/6/2020,Abby,Fall 2020 exp 3,PBS,P.rett,1,1,1,1
10/6/2020,Abby,Fall 2020 exp 3,PBS,P.rett,1,1,1,1
10/6/2020,Abby,Fall 2020 exp 3,PBS,P.rett,1,1,10,0
10/6/2020,Abby,Fall 2020 exp 3,PBS,P.rett,1,2,1,1
10/6/2020,Abby,Fall 2020 exp 3,PBS,P.rett,1,2,1,1
10/6/2020,Abby,Fall 2020 exp 3,PBS,P.rett,1,2,1,1
10/6/2020,Abby,Fall 2020 exp 3,PBS,P.rett,1,2,1,1
10/6/2020,Abby,Fall 2020 exp 3,PBS,P.rett,1,2,1,1
10/6/2020,Abby,Fall 2020 exp 3,PBS,P.rett,1,2,1,1
10/6/2020,Abby,Fall 2020 exp 3,PBS,P.rett,1,2,1,1
10/6/2020,Abby,Fall 2020 exp 3,PBS,P.rett,1,2,2,1
10/6/2020,Abby,Fall 2020 exp 3,PBS,P.rett,1,2,10,0
10/6/2020,Abby,Fall 2020 exp 3,PBS,P.rett,1,2,10,0
10/6/2020,Abby,Fall 2020 exp 3,PBS,P.rett,1,3,1,1
10/6/2020,Abby,Fall 2020 exp 3,PBS,P.rett,1,3,1,1
10/6/2020,Abby,Fall 2020 exp 3,PBS,P.rett,1,3,1,1
10/6/2020,Abby,Fall 2020 exp 3,PBS,P.rett,1,3,1,1
10/6/2020,Abby,Fall 2020 exp 3,PBS,P.rett,1,3,1,1
10/6/2020,Abby,Fall 2020 exp 3,PBS,P.rett,1,3,2,1
10/6/2020,Abby,Fall 2020 exp 3,PBS,P.rett,1,3,2,1
10/6/2020,Abby,Fall 2020 exp 3,PBS,P.rett,1,3,10,0
10/6/2020,Abby,Fall 2020 exp 3,PBS,P.rett,2,4,1,1
10/6/2020,Abby,Fall 2020 exp 3,PBS,P.rett,2,4,1,1
10/6/2020,Abby,Fall 2020 exp 3,PBS,P.rett,2,4,1,1
10/6/2020,Abby,Fall 2020 exp 3,PBS,P.rett,2,4,1,1
10/6/2020,Abby,Fall 2020 exp 3,PBS,P.rett,2,4,1,1
10/6/2020,Abby,Fall 2020 exp 3,PBS,P.rett,2,4,1,1
10/6/2020,Abby,Fall 2020 exp 3,PBS,P.rett,2,4,1,1
10/6/2020,Abby,Fall 2020 exp 3,PBS,P.rett,2,4,1,1
10/6/2020,Abby,Fall 2020 exp 3,PBS,P.rett,2,4,1,1
10/6/2020,Abby,Fall 2020 exp 3,PBS,P.rett,2,4,1,1
10/6/2020,Abby,Fall 2020 exp 3,PBS,P.rett,2,5,1,1
10/6/2020,Abby,Fall 2020 exp 3,PBS,P.rett,2,5,1,1
10/6/2020,Abby,Fall 2020 exp 3,PBS,P.rett,2,5,1,1
10/6/2020,Abby,Fall 2020 exp 3,PBS,P.rett,2,5,1,1
10/6/2020,Abby,Fall 2020 exp 3,PBS,P.rett,2,5,1,1
10/6/2020,Abby,Fall 2020 exp 3,PBS,P.rett,2,5,1,1
10/6/2020,Abby,Fall 2020 exp 3,PBS,P.rett,2,5,1,1
10/6/2020,Abby,Fall 2020 exp 3,PBS,P.rett,2,5,1,1
10/6/2020,Abby,Fall 2020 exp 3,PBS,P.rett,2,5,1,1
10/6/2020,Abby,Fall 2020 exp 3,PBS,P.rett,2,5,1,1
10/6/2020,Abby,Fall 2020 exp 3,PBS,P.rett,2,6,1,1
10/6/2020,Abby,Fall 2020 exp 3,PBS,P.rett,2,6,1,1
10/6/2020,Abby,Fall 2020 exp 3,PBS,P.rett,2,6,1,1
10/6/2020,Abby,Fall 2020 exp 3,PBS,P.rett,2,6,1,1
10/6/2020,Abby,Fall 2020 exp 3,PBS,P.rett,2,6,1,1
10/6/2020,Abby,Fall 2020 exp 3,PBS,P.rett,2,6,1,1
10/6/2020,Abby,Fall 2020 exp 3,PBS,P.rett,2,6,1,1
10/6/2020,Abby,Fall 2020 exp 3,PBS,P.rett,2,6,4,1
10/6/2020,Abby,Fall 2020 exp 3,PBS,P.rett,3,7,1,1
10/6/2020,Abby,Fall 2020 exp 3,PBS,P.rett,3,7,1,1
10/6/2020,Abby,Fall 2020 exp 3,PBS,P.rett,3,7,1,1
10/6/2020,Abby,Fall 2020 exp 3,PBS,P.rett,3,7,1,1
10/6/2020,Abby,Fall 2020 exp 3,PBS,P.rett,3,7,1,1
10/6/2020,Abby,Fall 2020 exp 3,PBS,P.rett,3,7,1,1
10/6/2020,Abby,Fall 2020 exp 3,PBS,P.rett,3,7,1,1
10/6/2020,Abby,Fall 2020 exp 3,PBS,P.rett,3,7,1,1
10/6/2020,Abby,Fall 2020 exp 3,PBS,P.rett,3,7,1,1
10/6/2020,Abby,Fall 2020 exp 3,PBS,P.rett,3,7,1,1
10/6/2020,Abby,Fall 2020 exp 3,PBS,P.rett,3,8,1,1
10/6/2020,Abby,Fall 2020 exp 3,PBS,P.rett,3,8,1,1
10/6/2020,Abby,Fall 2020 exp 3,PBS,P.rett,3,8,1,1
10/6/2020,Abby,Fall 2020 exp 3,PBS,P.rett,3,8,1,1
10/6/2020,Abby,Fall 2020 exp 3,PBS,P.rett,3,8,1,1
10/6/2020,Abby,Fall 2020 exp 3,PBS,P.rett,3,8,1,1
10/6/2020,Abby,Fall 2020 exp 3,PBS,P.rett,3,8,1,1
10/6/2020,Abby,Fall 2020 exp 3,PBS,P.rett,3,8,1,1
10/6/2020,Abby,Fall 2020 exp 3,PBS,P.rett,3,8,1,1
10/6/2020,Abby,Fall 2020 exp 3,PBS,P.rett,3,8,1,1
10/6/2020,Abby,Fall 2020 exp 3,PBS,P.rett,3,9,1,1
10/6/2020,Abby,Fall 2020 exp 3,PBS,P.rett,3,9,1,1
10/6/2020,Abby,Fall 2020 exp 3,PBS,P.rett,3,9,1,1
10/6/2020,Abby,Fall 2020 exp 3,PBS,P.rett,3,9,1,1
10/6/2020,Abby,Fall 2020 exp 3,PBS,P.rett,3,9,1,1
10/6/2020,Abby,Fall 2020 exp 3,PBS,P.rett,3,9,1,1
10/6/2020,Abby,Fall 2020 exp 3,PBS,P.rett,3,9,1,1
10/6/2020,Abby,Fall 2020 exp 3,PBS,P.rett,3,9,1,1
10/6/2020,Abby,Fall 2020 exp 3,PBS,P.rett,3,9,1,1
10/6/2020,Abby,Fall 2020 exp 3,PBS,P.rett,3,9,1,1
10/6/2020,Abby,Fall 2020 exp 3,PBS,P.rett,5,10,1,1
10/6/2020,Abby,Fall 2020 exp 3,PBS,P.rett,5,10,1,1
10/6/2020,Abby,Fall 2020 exp 3,PBS,P.rett,5,10,1,1
10/6/2020,Abby,Fall 2020 exp 3,PBS,P.rett,5,10,1,1
10/6/2020,Abby,Fall 2020 exp 3,PBS,P.rett,5,10,1,1
10/6/2020,Abby,Fall 2020 exp 3,PBS,P.rett,5,10,1,1
10/6/2020,Abby,Fall 2020 exp 3,PBS,P.rett,5,10,1,1
10/6/2020,Abby,Fall 2020 exp 3,PBS,P.rett,5,10,1,1
10/6/2020,Abby,Fall 2020 exp 3,PBS,P.rett,5,10,1,1
10/6/2020,Abby,Fall 2020 exp 3,PBS,P.rett,5,10,1,1
10/6/2020,Abby,Fall 2020 exp 3,PBS,P.rett,5,11,1,1
10/6/2020,Abby,Fall 2020 exp 3,PBS,P.rett,5,11,1,1
10/6/2020,Abby,Fall 2020 exp 3,PBS,P.rett,5,11,1,1
10/6/2020,Abby,Fall 2020 exp 3,PBS,P.rett,5,11,1,1
10/6/2020,Abby,Fall 2020 exp 3,PBS,P.rett,5,11,1,1
10/6/2020,Abby,Fall 2020 exp 3,PBS,P.rett,5,11,1,1
10/6/2020,Abby,Fall 2020 exp 3,PBS,P.rett,5,11,1,1
10/6/2020,Abby,Fall 2020 exp 3,PBS,P.rett,5,11,1,1
10/6/2020,Abby,Fall 2020 exp 3,PBS,P.rett,5,11,1,1
10/6/2020,Abby,Fall 2020 exp 3,PBS,P.rett,5,11,1,1
10/6/2020,Abby,Fall 2020 exp 3,PBS,P.rett,5,12,1,1
10/6/2020,Abby,Fall 2020 exp 3,PBS,P.rett,5,12,1,1
10/6/2020,Abby,Fall 2020 exp 3,PBS,P.rett,5,12,1,1
10/6/2020,Abby,Fall 2020 exp 3,PBS,P.rett,5,12,1,1
10/6/2020,Abby,Fall 2020 exp 3,PBS,P.rett,5,12,1,1
10/6/2020,Abby,Fall 2020 exp 3,PBS,P.rett,5,12,1,1
10/6/2020,Abby,Fall 2020 exp 3,PBS,P.rett,5,12,1,1
10/6/2020,Abby,Fall 2020 exp 3,PBS,P.rett,5,12,1,1
10/6/2020,Abby,Fall 2020 exp 3,PBS,P.rett,5,12,1,1
10/6/2020,Abby,Fall 2020 exp 3,S.m,PBS,0,C3,6,1
10/6/2020,Abby,Fall 2020 exp 3,S.m,PBS,0,C3,7,1
10/6/2020,Abby,Fall 2020 exp 3,S.m,PBS,0,C3,9,1
10/6/2020,Abby,Fall 2020 exp 3,S.m,PBS,0,C3,10,1
10/6/2020,Abby,Fall 2020 exp 3,S.m,PBS,0,C3,10,0
10/6/2020,Abby,Fall 2020 exp 3,S.m,PBS,0,C3,10,0
10/6/2020,Abby,Fall 2020 exp 3,S.m,PBS,0,C3,10,0
10/6/2020,Abby,Fall 2020 exp 3,S.m,PBS,0,C3,10,0
10/6/2020,Abby,Fall 2020 exp 3,S.m,PBS,0,C3,10,0
10/6/2020,Abby,Fall 2020 exp 3,S.m,PBS,0,C3,10,0
10/6/2020,Abby,Fall 2020 exp 3,S.m,PBS,0,C4,8,1
10/6/2020,Abby,Fall 2020 exp 3,S.m,PBS,0,C4,10,0
10/6/2020,Abby,Fall 2020 exp 3,S.m,PBS,0,C4,10,0
10/6/2020,Abby,Fall 2020 exp 3,S.m,PBS,0,C4,10,0
10/6/2020,Abby,Fall 2020 exp 3,S.m,PBS,0,C4,10,0
10/6/2020,Abby,Fall 2020 exp 3,S.m,PBS,0,C4,10,0
10/6/2020,Abby,Fall 2020 exp 3,S.m,P.rett,1,13,1,1
10/6/2020,Abby,Fall 2020 exp 3,S.m,P.rett,1,13,1,1
10/6/2020,Abby,Fall 2020 exp 3,S.m,P.rett,1,13,10,0
10/6/2020,Abby,Fall 2020 exp 3,S.m,P.rett,1,13,10,0
10/6/2020,Abby,Fall 2020 exp 3,S.m,P.rett,1,13,10,0
10/6/2020,Abby,Fall 2020 exp 3,S.m,P.rett,1,13,10,0
10/6/2020,Abby,Fall 2020 exp 3,S.m,P.rett,1,13,10,0
10/6/2020,Abby,Fall 2020 exp 3,S.m,P.rett,1,13,10,0
10/6/2020,Abby,Fall 2020 exp 3,S.m,P.rett,1,13,10,0
10/6/2020,Abby,Fall 2020 exp 3,S.m,P.rett,1,13,10,0
10/6/2020,Abby,Fall 2020 exp 3,S.m,P.rett,1,14,2,1
10/6/2020,Abby,Fall 2020 exp 3,S.m,P.rett,1,14,10,1
10/6/2020,Abby,Fall 2020 exp 3,S.m,P.rett,1,14,10,0
10/6/2020,Abby,Fall 2020 exp 3,S.m,P.rett,1,14,10,0
10/6/2020,Abby,Fall 2020 exp 3,S.m,P.rett,1,14,10,0
10/6/2020,Abby,Fall 2020 exp 3,S.m,P.rett,1,14,10,0
10/6/2020,Abby,Fall 2020 exp 3,S.m,P.rett,1,14,10,0
10/6/2020,Abby,Fall 2020 exp 3,S.m,P.rett,1,14,10,0
10/6/2020,Abby,Fall 2020 exp 3,S.m,P.rett,1,14,10,0
10/6/2020,Abby,Fall 2020 exp 3,S.m,P.rett,1,14,10,0
10/6/2020,Abby,Fall 2020 exp 3,S.m,P.rett,1,15,1,1
10/6/2020,Abby,Fall 2020 exp 3,S.m,P.rett,1,15,5,1
10/6/2020,Abby,Fall 2020 exp 3,S.m,P.rett,1,15,8,1
10/6/2020,Abby,Fall 2020 exp 3,S.m,P.rett,1,15,8,1
10/6/2020,Abby,Fall 2020 exp 3,S.m,P.rett,1,15,8,1
10/6/2020,Abby,Fall 2020 exp 3,S.m,P.rett,1,15,9,1
10/6/2020,Abby,Fall 2020 exp 3,S.m,P.rett,1,15,9,1
10/6/2020,Abby,Fall 2020 exp 3,S.m,P.rett,1,15,9,1
10/6/2020,Abby,Fall 2020 exp 3,S.m,P.rett,2,16,1,1
10/6/2020,Abby,Fall 2020 exp 3,S.m,P.rett,2,16,10,0
10/6/2020,Abby,Fall 2020 exp 3,S.m,P.rett,2,16,10,0
10/6/2020,Abby,Fall 2020 exp 3,S.m,P.rett,2,16,10,0
10/6/2020,Abby,Fall 2020 exp 3,S.m,P.rett,2,16,10,0
10/6/2020,Abby,Fall 2020 exp 3,S.m,P.rett,2,16,10,0
10/6/2020,Abby,Fall 2020 exp 3,S.m,P.rett,2,16,10,0
10/6/2020,Abby,Fall 2020 exp 3,S.m,P.rett,2,16,10,0
10/6/2020,Abby,Fall 2020 exp 3,S.m,P.rett,2,16,10,0
10/6/2020,Abby,Fall 2020 exp 3,S.m,P.rett,2,16,10,0
10/6/2020,Abby,Fall 2020 exp 3,S.m,P.rett,2,17,4,1
10/6/2020,Abby,Fall 2020 exp 3,S.m,P.rett,2,17,8,1
10/6/2020,Abby,Fall 2020 exp 3,S.m,P.rett,2,17,8,1
10/6/2020,Abby,Fall 2020 exp 3,S.m,P.rett,2,17,8,1
10/6/2020,Abby,Fall 2020 exp 3,S.m,P.rett,2,17,10,1
10/6/2020,Abby,Fall 2020 exp 3,S.m,P.rett,2,17,10,0
10/6/2020,Abby,Fall 2020 exp 3,S.m,P.rett,2,17,10,0
10/6/2020,Abby,Fall 2020 exp 3,S.m,P.rett,2,17,10,0
10/6/2020,Abby,Fall 2020 exp 3,S.m,P.rett,2,17,10,0
10/6/2020,Abby,Fall 2020 exp 3,S.m,P.rett,2,17,10,0
10/6/2020,Abby,Fall 2020 exp 3,S.m,P.rett,2,18,3,1
10/6/2020,Abby,Fall 2020 exp 3,S.m,P.rett,2,18,10,1
10/6/2020,Abby,Fall 2020 exp 3,S.m,P.rett,2,18,10,1
10/6/2020,Abby,Fall 2020 exp 3,S.m,P.rett,2,18,10,0
10/6/2020,Abby,Fall 2020 exp 3,S.m,P.rett,2,18,10,0
10/6/2020,Abby,Fall 2020 exp 3,S.m,P.rett,2,18,10,0
10/6/2020,Abby,Fall 2020 exp 3,S.m,P.rett,2,18,10,0
10/6/2020,Abby,Fall 2020 exp 3,S.m,P.rett,3,19,7,1
10/6/2020,Abby,Fall 2020 exp 3,S.m,P.rett,3,19,7,1
10/6/2020,Abby,Fall 2020 exp 3,S.m,P.rett,3,19,7,1
10/6/2020,Abby,Fall 2020 exp 3,S.m,P.rett,3,19,7,1
10/6/2020,Abby,Fall 2020 exp 3,S.m,P.rett,3,19,7,1
10/6/2020,Abby,Fall 2020 exp 3,S.m,P.rett,3,19,7,1
10/6/2020,Abby,Fall 2020 exp 3,S.m,P.rett,3,19,7,1
10/6/2020,Abby,Fall 2020 exp 3,S.m,P.rett,3,19,7,1
10/6/2020,Abby,Fall 2020 exp 3,S.m,P.rett,3,19,7,1
10/6/2020,Abby,Fall 2020 exp 3,S.m,P.rett,3,19,7,1
10/6/2020,Abby,Fall 2020 exp 3,S.m,P.rett,3,20,10,0
10/6/2020,Abby,Fall 2020 exp 3,S.m,P.rett,3,20,10,0
10/6/2020,Abby,Fall 2020 exp 3,S.m,P.rett,3,20,10,0
10/6/2020,Abby,Fall 2020 exp 3,S.m,P.rett,3,20,10,0
10/6/2020,Abby,Fall 2020 exp 3,S.m,P.rett,3,20,10,0
10/6/2020,Abby,Fall 2020 exp 3,S.m,P.rett,3,20,10,0
10/6/2020,Abby,Fall 2020 exp 3,S.m,P.rett,3,20,10,0
10/6/2020,Abby,Fall 2020 exp 3,S.m,P.rett,3,20,10,0
10/6/2020,Abby,Fall 2020 exp 3,S.m,P.rett,3,20,10,0
10/6/2020,Abby,Fall 2020 exp 3,S.m,P.rett,3,20,10,0
10/6/2020,Abby,Fall 2020 exp 3,S.m,P.rett,3,21,2,1
10/6/2020,Abby,Fall 2020 exp 3,S.m,P.rett,3,21,3,1
10/6/2020,Abby,Fall 2020 exp 3,S.m,P.rett,3,21,4,1
10/6/2020,Abby,Fall 2020 exp 3,S.m,P.rett,3,21,5,1
10/6/2020,Abby,Fall 2020 exp 3,S.m,P.rett,3,21,10,0
10/6/2020,Abby,Fall 2020 exp 3,S.m,P.rett,3,21,10,0
10/6/2020,Abby,Fall 2020 exp 3,S.m,P.rett,5,22,3,1
10/6/2020,Abby,Fall 2020 exp 3,S.m,P.rett,5,22,3,1
10/6/2020,Abby,Fall 2020 exp 3,S.m,P.rett,5,22,5,1
10/6/2020,Abby,Fall 2020 exp 3,S.m,P.rett,5,22,6,1
10/6/2020,Abby,Fall 2020 exp 3,S.m,P.rett,5,22,7,1
10/6/2020,Abby,Fall 2020 exp 3,S.m,P.rett,5,22,8,1
10/6/2020,Abby,Fall 2020 exp 3,S.m,P.rett,5,22,10,0
10/6/2020,Abby,Fall 2020 exp 3,S.m,P.rett,5,22,10,0
10/6/2020,Abby,Fall 2020 exp 3,S.m,P.rett,5,22,10,0
10/6/2020,Abby,Fall 2020 exp 3,S.m,P.rett,5,22,10,0
10/6/2020,Abby,Fall 2020 exp 3,S.m,P.rett,5,23,2,1
10/6/2020,Abby,Fall 2020 exp 3,S.m,P.rett,5,23,9,1
10/6/2020,Abby,Fall 2020 exp 3,S.m,P.rett,5,23,10,0
10/6/2020,Abby,Fall 2020 exp 3,S.m,P.rett,5,23,10,0
10/6/2020,Abby,Fall 2020 exp 3,S.m,P.rett,5,23,10,0
10/6/2020,Abby,Fall 2020 exp 3,S.m,P.rett,5,23,10,0
10/6/2020,Abby,Fall 2020 exp 3,S.m,P.rett,5,23,10,0
10/6/2020,Abby,Fall 2020 exp 3,S.m,P.rett,5,23,10,0
10/6/2020,Abby,Fall 2020 exp 3,S.m,P.rett,5,23,10,0
10/6/2020,Abby,Fall 2020 exp 3,S.m,P.rett,5,23,10,0
10/6/2020,Abby,Fall 2020 exp 3,S.m,P.rett,5,24,1,1
10/6/2020,Abby,Fall 2020 exp 3,S.m,P.rett,5,24,1,1
10/6/2020,Abby,Fall 2020 exp 3,S.m,P.rett,5,24,10,1
10/6/2020,Abby,Fall 2020 exp 3,S.m,P.rett,5,24,10,0
10/6/2020,Abby,Fall 2020 exp 3,S.m,P.rett,5,24,10,0
10/6/2020,Abby,Fall 2020 exp 3,S.m,P.rett,5,24,10,0
10/6/2020,Abby,Fall 2020 exp 3,S.m,P.rett,5,24,10,0
11/1/2020,Abby,Fall 2020 exp 10,PBS,PBS,0,C1,2,1
11/1/2020,Abby,Fall 2020 exp 10,PBS,PBS,0,C1,13,0
11/1/2020,Abby,Fall 2020 exp 10,PBS,PBS,0,C1,13,0
11/1/2020,Abby,Fall 2020 exp 10,PBS,PBS,0,C1,13,0
11/1/2020,Abby,Fall 2020 exp 10,PBS,PBS,0,C1,13,0
11/1/2020,Abby,Fall 2020 exp 10,PBS,PBS,0,C1,13,0
11/1/2020,Abby,Fall 2020 exp 10,PBS,PBS,0,C1,13,0
11/1/2020,Abby,Fall 2020 exp 10,PBS,PBS,0,C1,13,0
11/1/2020,Abby,Fall 2020 exp 10,PBS,PBS,0,C1,13,0
11/1/2020,Abby,Fall 2020 exp 10,PBS,PBS,0,C1,13,0
11/1/2020,Abby,Fall 2020 exp 10,PBS,PBS,0,C2,13,0
11/1/2020,Abby,Fall 2020 exp 10,PBS,PBS,0,C2,13,0
11/1/2020,Abby,Fall 2020 exp 10,PBS,PBS,0,C2,13,0
11/1/2020,Abby,Fall 2020 exp 10,PBS,PBS,0,C2,13,0
11/1/2020,Abby,Fall 2020 exp 10,PBS,PBS,0,C2,13,0
11/1/2020,Abby,Fall 2020 exp 10,PBS,PBS,0,C2,13,0
11/1/2020,Abby,Fall 2020 exp 10,PBS,PBS,0,C2,13,0
11/1/2020,Abby,Fall 2020 exp 10,PBS,PBS,0,C2,13,0
11/1/2020,Abby,Fall 2020 exp 10,PBS,PBS,0,C2,13,0
11/1/2020,Abby,Fall 2020 exp 10,PBS,PBS,0,C2,13,0
11/1/2020,Abby,Fall 2020 exp 10,PBS,P.rett,1,1,1,1
11/1/2020,Abby,Fall 2020 exp 10,PBS,P.rett,1,1,1,1
11/1/2020,Abby,Fall 2020 exp 10,PBS,P.rett,1,1,1,1
11/1/2020,Abby,Fall 2020 exp 10,PBS,P.rett,1,1,1,1
11/1/2020,Abby,Fall 2020 exp 10,PBS,P.rett,1,1,1,1
11/1/2020,Abby,Fall 2020 exp 10,PBS,P.rett,1,1,1,1
11/1/2020,Abby,Fall 2020 exp 10,PBS,P.rett,1,1,1,1
11/1/2020,Abby,Fall 2020 exp 10,PBS,P.rett,1,1,1,1
11/1/2020,Abby,Fall 2020 exp 10,PBS,P.rett,1,1,2,1
11/1/2020,Abby,Fall 2020 exp 10,PBS,P.rett,1,1,2,1
11/1/2020,Abby,Fall 2020 exp 10,PBS,P.rett,1,2,1,1
11/1/2020,Abby,Fall 2020 exp 10,PBS,P.rett,1,2,1,1
11/1/2020,Abby,Fall 2020 exp 10,PBS,P.rett,1,2,1,1
11/1/2020,Abby,Fall 2020 exp 10,PBS,P.rett,1,2,1,1
11/1/2020,Abby,Fall 2020 exp 10,PBS,P.rett,1,2,1,1
11/1/2020,Abby,Fall 2020 exp 10,PBS,P.rett,1,2,2,1
11/1/2020,Abby,Fall 2020 exp 10,PBS,P.rett,1,2,2,1
11/1/2020,Abby,Fall 2020 exp 10,PBS,P.rett,1,2,13,1
11/1/2020,Abby,Fall 2020 exp 10,PBS,P.rett,1,2,13,0
11/1/2020,Abby,Fall 2020 exp 10,PBS,P.rett,1,2,13,0
11/1/2020,Abby,Fall 2020 exp 10,PBS,P.rett,1,3,1,1
11/1/2020,Abby,Fall 2020 exp 10,PBS,P.rett,1,3,1,1
11/1/2020,Abby,Fall 2020 exp 10,PBS,P.rett,1,3,1,1
11/1/2020,Abby,Fall 2020 exp 10,PBS,P.rett,1,3,1,1
11/1/2020,Abby,Fall 2020 exp 10,PBS,P.rett,1,3,1,1
11/1/2020,Abby,Fall 2020 exp 10,PBS,P.rett,1,3,1,1
11/1/2020,Abby,Fall 2020 exp 10,PBS,P.rett,1,3,2,1
11/1/2020,Abby,Fall 2020 exp 10,PBS,P.rett,1,3,2,1
11/1/2020,Abby,Fall 2020 exp 10,PBS,P.rett,1,3,2,1
11/1/2020,Abby,Fall 2020 exp 10,PBS,P.rett,1,3,12,1
11/1/2020,Abby,Fall 2020 exp 10,PBS,P.rett,2,4,1,1
11/1/2020,Abby,Fall 2020 exp 10,PBS,P.rett,2,4,1,1
11/1/2020,Abby,Fall 2020 exp 10,PBS,P.rett,2,4,1,1
11/1/2020,Abby,Fall 2020 exp 10,PBS,P.rett,2,4,1,1
11/1/2020,Abby,Fall 2020 exp 10,PBS,P.rett,2,4,1,1
11/1/2020,Abby,Fall 2020 exp 10,PBS,P.rett,2,4,1,1
11/1/2020,Abby,Fall 2020 exp 10,PBS,P.rett,2,4,1,1
11/1/2020,Abby,Fall 2020 exp 10,PBS,P.rett,2,4,1,1
11/1/2020,Abby,Fall 2020 exp 10,PBS,P.rett,2,4,1,1
11/1/2020,Abby,Fall 2020 exp 10,PBS,P.rett,2,4,2,1
11/1/2020,Abby,Fall 2020 exp 10,PBS,P.rett,2,5,1,1
11/1/2020,Abby,Fall 2020 exp 10,PBS,P.rett,2,5,1,1
11/1/2020,Abby,Fall 2020 exp 10,PBS,P.rett,2,5,1,1
11/1/2020,Abby,Fall 2020 exp 10,PBS,P.rett,2,5,1,1
11/1/2020,Abby,Fall 2020 exp 10,PBS,P.rett,2,5,1,1
11/1/2020,Abby,Fall 2020 exp 10,PBS,P.rett,2,5,1,1
11/1/2020,Abby,Fall 2020 exp 10,PBS,P.rett,2,5,1,1
11/1/2020,Abby,Fall 2020 exp 10,PBS,P.rett,2,5,1,1
11/1/2020,Abby,Fall 2020 exp 10,PBS,P.rett,2,5,1,1
11/1/2020,Abby,Fall 2020 exp 10,PBS,P.rett,2,5,2,1
11/1/2020,Abby,Fall 2020 exp 10,PBS,P.rett,2,6,1,1
11/1/2020,Abby,Fall 2020 exp 10,PBS,P.rett,2,6,1,1
11/1/2020,Abby,Fall 2020 exp 10,PBS,P.rett,2,6,1,1
11/1/2020,Abby,Fall 2020 exp 10,PBS,P.rett,2,6,1,1
11/1/2020,Abby,Fall 2020 exp 10,PBS,P.rett,2,6,1,1
11/1/2020,Abby,Fall 2020 exp 10,PBS,P.rett,2,6,1,1
11/1/2020,Abby,Fall 2020 exp 10,PBS,P.rett,2,6,1,1
11/1/2020,Abby,Fall 2020 exp 10,PBS,P.rett,2,6,1,1
11/1/2020,Abby,Fall 2020 exp 10,PBS,P.rett,2,6,2,1
11/1/2020,Abby,Fall 2020 exp 10,PBS,P.rett,2,6,2,1
11/1/2020,Abby,Fall 2020 exp 10,PBS,P.rett,3,7,1,1
11/1/2020,Abby,Fall 2020 exp 10,PBS,P.rett,3,7,1,1
11/1/2020,Abby,Fall 2020 exp 10,PBS,P.rett,3,7,1,1
11/1/2020,Abby,Fall 2020 exp 10,PBS,P.rett,3,7,1,1
11/1/2020,Abby,Fall 2020 exp 10,PBS,P.rett,3,7,1,1
11/1/2020,Abby,Fall 2020 exp 10,PBS,P.rett,3,7,1,1
11/1/2020,Abby,Fall 2020 exp 10,PBS,P.rett,3,7,1,1
11/1/2020,Abby,Fall 2020 exp 10,PBS,P.rett,3,7,1,1
11/1/2020,Abby,Fall 2020 exp 10,PBS,P.rett,3,7,1,1
11/1/2020,Abby,Fall 2020 exp 10,PBS,P.rett,3,7,2,1
11/1/2020,Abby,Fall 2020 exp 10,PBS,P.rett,3,8,1,1
11/1/2020,Abby,Fall 2020 exp 10,PBS,P.rett,3,8,1,1
11/1/2020,Abby,Fall 2020 exp 10,PBS,P.rett,3,8,1,1
11/1/2020,Abby,Fall 2020 exp 10,PBS,P.rett,3,8,1,1
11/1/2020,Abby,Fall 2020 exp 10,PBS,P.rett,3,8,1,1
11/1/2020,Abby,Fall 2020 exp 10,PBS,P.rett,3,8,1,1
11/1/2020,Abby,Fall 2020 exp 10,PBS,P.rett,3,8,1,1
11/1/2020,Abby,Fall 2020 exp 10,PBS,P.rett,3,8,1,1
11/1/2020,Abby,Fall 2020 exp 10,PBS,P.rett,3,8,2,1
11/1/2020,Abby,Fall 2020 exp 10,PBS,P.rett,3,8,2,1
11/1/2020,Abby,Fall 2020 exp 10,PBS,P.rett,3,9,1,1
11/1/2020,Abby,Fall 2020 exp 10,PBS,P.rett,3,9,1,1
11/1/2020,Abby,Fall 2020 exp 10,PBS,P.rett,3,9,1,1
11/1/2020,Abby,Fall 2020 exp 10,PBS,P.rett,3,9,1,1
11/1/2020,Abby,Fall 2020 exp 10,PBS,P.rett,3,9,1,1
11/1/2020,Abby,Fall 2020 exp 10,PBS,P.rett,3,9,1,1
11/1/2020,Abby,Fall 2020 exp 10,PBS,P.rett,3,9,1,1
11/1/2020,Abby,Fall 2020 exp 10,PBS,P.rett,3,9,1,1
11/1/2020,Abby,Fall 2020 exp 10,PBS,P.rett,3,9,1,1
11/1/2020,Abby,Fall 2020 exp 10,PBS,P.rett,3,9,1,1
11/1/2020,Abby,Fall 2020 exp 10,PBS,P.rett,5,10,1,1
11/1/2020,Abby,Fall 2020 exp 10,PBS,P.rett,5,10,1,1
11/1/2020,Abby,Fall 2020 exp 10,PBS,P.rett,5,10,1,1
11/1/2020,Abby,Fall 2020 exp 10,PBS,P.rett,5,10,1,1
11/1/2020,Abby,Fall 2020 exp 10,PBS,P.rett,5,10,1,1
11/1/2020,Abby,Fall 2020 exp 10,PBS,P.rett,5,10,1,1
11/1/2020,Abby,Fall 2020 exp 10,PBS,P.rett,5,10,1,1
11/1/2020,Abby,Fall 2020 exp 10,PBS,P.rett,5,10,1,1
11/1/2020,Abby,Fall 2020 exp 10,PBS,P.rett,5,10,1,1
11/1/2020,Abby,Fall 2020 exp 10,PBS,P.rett,5,10,1,1
11/1/2020,Abby,Fall 2020 exp 10,PBS,P.rett,5,11,1,1
11/1/2020,Abby,Fall 2020 exp 10,PBS,P.rett,5,11,1,1
11/1/2020,Abby,Fall 2020 exp 10,PBS,P.rett,5,11,1,1
11/1/2020,Abby,Fall 2020 exp 10,PBS,P.rett,5,11,1,1
11/1/2020,Abby,Fall 2020 exp 10,PBS,P.rett,5,11,1,1
11/1/2020,Abby,Fall 2020 exp 10,PBS,P.rett,5,11,1,1
11/1/2020,Abby,Fall 2020 exp 10,PBS,P.rett,5,11,1,1
11/1/2020,Abby,Fall 2020 exp 10,PBS,P.rett,5,11,1,1
11/1/2020,Abby,Fall 2020 exp 10,PBS,P.rett,5,11,1,1
11/1/2020,Abby,Fall 2020 exp 10,PBS,P.rett,5,11,1,1
11/1/2020,Abby,Fall 2020 exp 10,PBS,P.rett,5,12,1,1
11/1/2020,Abby,Fall 2020 exp 10,PBS,P.rett,5,12,1,1
11/1/2020,Abby,Fall 2020 exp 10,PBS,P.rett,5,12,1,1
11/1/2020,Abby,Fall 2020 exp 10,PBS,P.rett,5,12,1,1
11/1/2020,Abby,Fall 2020 exp 10,PBS,P.rett,5,12,1,1
11/1/2020,Abby,Fall 2020 exp 10,PBS,P.rett,5,12,1,1
11/1/2020,Abby,Fall 2020 exp 10,PBS,P.rett,5,12,1,1
11/1/2020,Abby,Fall 2020 exp 10,PBS,P.rett,5,12,1,1
11/1/2020,Abby,Fall 2020 exp 10,PBS,P.rett,5,12,1,1
11/1/2020,Abby,Fall 2020 exp 10,PBS,P.rett,5,12,1,1
11/1/2020,Abby,Fall 2020 exp 10,S.m,PBS,0,C3,2,1
11/1/2020,Abby,Fall 2020 exp 10,S.m,PBS,0,C3,5,1
11/1/2020,Abby,Fall 2020 exp 10,S.m,PBS,0,C3,8,1
11/1/2020,Abby,Fall 2020 exp 10,S.m,PBS,0,C3,9,1
11/1/2020,Abby,Fall 2020 exp 10,S.m,PBS,0,C3,9,1
11/1/2020,Abby,Fall 2020 exp 10,S.m,PBS,0,C3,10,1
11/1/2020,Abby,Fall 2020 exp 10,S.m,PBS,0,C3,13,0
11/1/2020,Abby,Fall 2020 exp 10,S.m,PBS,0,C3,13,0
11/1/2020,Abby,Fall 2020 exp 10,S.m,PBS,0,C3,13,0
11/1/2020,Abby,Fall 2020 exp 10,S.m,PBS,0,C3,13,0
11/1/2020,Abby,Fall 2020 exp 10,S.m,PBS,0,C4,5,1
11/1/2020,Abby,Fall 2020 exp 10,S.m,PBS,0,C4,8,1
11/1/2020,Abby,Fall 2020 exp 10,S.m,PBS,0,C4,10,1
11/1/2020,Abby,Fall 2020 exp 10,S.m,PBS,0,C4,11,1
11/1/2020,Abby,Fall 2020 exp 10,S.m,PBS,0,C4,11,1
11/1/2020,Abby,Fall 2020 exp 10,S.m,PBS,0,C4,12,1
11/1/2020,Abby,Fall 2020 exp 10,S.m,PBS,0,C4,12,1
11/1/2020,Abby,Fall 2020 exp 10,S.m,PBS,0,C4,13,0
11/1/2020,Abby,Fall 2020 exp 10,S.m,PBS,0,C4,13,0
11/1/2020,Abby,Fall 2020 exp 10,S.m,PBS,0,C4,13,0
11/1/2020,Abby,Fall 2020 exp 10,S.m,P.rett,1,13,5,1
11/1/2020,Abby,Fall 2020 exp 10,S.m,P.rett,1,13,10,1
11/1/2020,Abby,Fall 2020 exp 10,S.m,P.rett,1,13,13,1
11/1/2020,Abby,Fall 2020 exp 10,S.m,P.rett,1,13,13,0
11/1/2020,Abby,Fall 2020 exp 10,S.m,P.rett,1,13,13,0
11/1/2020,Abby,Fall 2020 exp 10,S.m,P.rett,1,13,13,0
11/1/2020,Abby,Fall 2020 exp 10,S.m,P.rett,1,13,13,0
11/1/2020,Abby,Fall 2020 exp 10,S.m,P.rett,1,13,13,0
11/1/2020,Abby,Fall 2020 exp 10,S.m,P.rett,1,13,13,0
11/1/2020,Abby,Fall 2020 exp 10,S.m,P.rett,1,13,13,0
11/1/2020,Abby,Fall 2020 exp 10,S.m,P.rett,1,14,2,1
11/1/2020,Abby,Fall 2020 exp 10,S.m,P.rett,1,14,6,1
11/1/2020,Abby,Fall 2020 exp 10,S.m,P.rett,1,14,8,1
11/1/2020,Abby,Fall 2020 exp 10,S.m,P.rett,1,14,13,0
11/1/2020,Abby,Fall 2020 exp 10,S.m,P.rett,1,14,13,0
11/1/2020,Abby,Fall 2020 exp 10,S.m,P.rett,1,14,13,0
11/1/2020,Abby,Fall 2020 exp 10,S.m,P.rett,1,14,13,0
11/1/2020,Abby,Fall 2020 exp 10,S.m,P.rett,1,14,13,0
11/1/2020,Abby,Fall 2020 exp 10,S.m,P.rett,1,14,13,0
11/1/2020,Abby,Fall 2020 exp 10,S.m,P.rett,1,14,13,0
11/1/2020,Abby,Fall 2020 exp 10,S.m,P.rett,1,15,4,1
11/1/2020,Abby,Fall 2020 exp 10,S.m,P.rett,1,15,6,1
11/1/2020,Abby,Fall 2020 exp 10,S.m,P.rett,1,15,7,1
11/1/2020,Abby,Fall 2020 exp 10,S.m,P.rett,1,15,8,1
11/1/2020,Abby,Fall 2020 exp 10,S.m,P.rett,1,15,10,1
11/1/2020,Abby,Fall 2020 exp 10,S.m,P.rett,1,15,12,1
11/1/2020,Abby,Fall 2020 exp 10,S.m,P.rett,1,15,13,1
11/1/2020,Abby,Fall 2020 exp 10,S.m,P.rett,1,15,13,0
11/1/2020,Abby,Fall 2020 exp 10,S.m,P.rett,1,15,13,0
11/1/2020,Abby,Fall 2020 exp 10,S.m,P.rett,1,15,13,0
11/1/2020,Abby,Fall 2020 exp 10,S.m,P.rett,2,16,10,1
11/1/2020,Abby,Fall 2020 exp 10,S.m,P.rett,2,16,11,1
11/1/2020,Abby,Fall 2020 exp 10,S.m,P.rett,2,16,13,0
11/1/2020,Abby,Fall 2020 exp 10,S.m,P.rett,2,16,13,0
11/1/2020,Abby,Fall 2020 exp 10,S.m,P.rett,2,16,13,0
11/1/2020,Abby,Fall 2020 exp 10,S.m,P.rett,2,16,13,0
11/1/2020,Abby,Fall 2020 exp 10,S.m,P.rett,2,16,13,0
11/1/2020,Abby,Fall 2020 exp 10,S.m,P.rett,2,16,13,0
11/1/2020,Abby,Fall 2020 exp 10,S.m,P.rett,2,16,13,0
11/1/2020,Abby,Fall 2020 exp 10,S.m,P.rett,2,16,13,0
11/1/2020,Abby,Fall 2020 exp 10,S.m,P.rett,2,17,2,1
11/1/2020,Abby,Fall 2020 exp 10,S.m,P.rett,2,17,3,1
11/1/2020,Abby,Fall 2020 exp 10,S.m,P.rett,2,17,7,1
11/1/2020,Abby,Fall 2020 exp 10,S.m,P.rett,2,17,13,0
11/1/2020,Abby,Fall 2020 exp 10,S.m,P.rett,2,17,13,0
11/1/2020,Abby,Fall 2020 exp 10,S.m,P.rett,2,17,13,0
11/1/2020,Abby,Fall 2020 exp 10,S.m,P.rett,2,17,13,0
11/1/2020,Abby,Fall 2020 exp 10,S.m,P.rett,2,17,13,0
11/1/2020,Abby,Fall 2020 exp 10,S.m,P.rett,2,17,13,0
11/1/2020,Abby,Fall 2020 exp 10,S.m,P.rett,2,17,13,0
11/1/2020,Abby,Fall 2020 exp 10,S.m,P.rett,2,18,2,1
11/1/2020,Abby,Fall 2020 exp 10,S.m,P.rett,2,18,2,1
11/1/2020,Abby,Fall 2020 exp 10,S.m,P.rett,2,18,2,1
11/1/2020,Abby,Fall 2020 exp 10,S.m,P.rett,2,18,5,1
11/1/2020,Abby,Fall 2020 exp 10,S.m,P.rett,2,18,7,1
11/1/2020,Abby,Fall 2020 exp 10,S.m,P.rett,2,18,13,0
11/1/2020,Abby,Fall 2020 exp 10,S.m,P.rett,2,18,13,0
11/1/2020,Abby,Fall 2020 exp 10,S.m,P.rett,2,18,13,0
11/1/2020,Abby,Fall 2020 exp 10,S.m,P.rett,2,18,13,0
11/1/2020,Abby,Fall 2020 exp 10,S.m,P.rett,2,18,13,0
11/1/2020,Abby,Fall 2020 exp 10,S.m,P.rett,3,19,2,1
11/1/2020,Abby,Fall 2020 exp 10,S.m,P.rett,3,19,5,1
11/1/2020,Abby,Fall 2020 exp 10,S.m,P.rett,3,19,6,1
11/1/2020,Abby,Fall 2020 exp 10,S.m,P.rett,3,19,6,1
11/1/2020,Abby,Fall 2020 exp 10,S.m,P.rett,3,19,8,1
11/1/2020,Abby,Fall 2020 exp 10,S.m,P.rett,3,19,8,1
11/1/2020,Abby,Fall 2020 exp 10,S.m,P.rett,3,19,11,1
11/1/2020,Abby,Fall 2020 exp 10,S.m,P.rett,3,19,12,1
11/1/2020,Abby,Fall 2020 exp 10,S.m,P.rett,3,19,13,0
11/1/2020,Abby,Fall 2020 exp 10,S.m,P.rett,3,19,13,0
11/1/2020,Abby,Fall 2020 exp 10,S.m,P.rett,3,20,1,1
11/1/2020,Abby,Fall 2020 exp 10,S.m,P.rett,3,20,2,1
11/1/2020,Abby,Fall 2020 exp 10,S.m,P.rett,3,20,2,1
11/1/2020,Abby,Fall 2020 exp 10,S.m,P.rett,3,20,5,1
11/1/2020,Abby,Fall 2020 exp 10,S.m,P.rett,3,20,6,1
11/1/2020,Abby,Fall 2020 exp 10,S.m,P.rett,3,20,8,1
11/1/2020,Abby,Fall 2020 exp 10,S.m,P.rett,3,20,9,1
11/1/2020,Abby,Fall 2020 exp 10,S.m,P.rett,3,20,10,1
11/1/2020,Abby,Fall 2020 exp 10,S.m,P.rett,3,20,13,0
11/1/2020,Abby,Fall 2020 exp 10,S.m,P.rett,3,20,13,0
11/1/2020,Abby,Fall 2020 exp 10,S.m,P.rett,3,21,2,1
11/1/2020,Abby,Fall 2020 exp 10,S.m,P.rett,3,21,2,1
11/1/2020,Abby,Fall 2020 exp 10,S.m,P.rett,3,21,4,1
11/1/2020,Abby,Fall 2020 exp 10,S.m,P.rett,3,21,4,1
11/1/2020,Abby,Fall 2020 exp 10,S.m,P.rett,3,21,10,1
11/1/2020,Abby,Fall 2020 exp 10,S.m,P.rett,3,21,13,0
11/1/2020,Abby,Fall 2020 exp 10,S.m,P.rett,3,21,13,0
11/1/2020,Abby,Fall 2020 exp 10,S.m,P.rett,5,22,1,1
11/1/2020,Abby,Fall 2020 exp 10,S.m,P.rett,5,22,1,1
11/1/2020,Abby,Fall 2020 exp 10,S.m,P.rett,5,22,1,1
11/1/2020,Abby,Fall 2020 exp 10,S.m,P.rett,5,22,4,1
11/1/2020,Abby,Fall 2020 exp 10,S.m,P.rett,5,22,8,1
11/1/2020,Abby,Fall 2020 exp 10,S.m,P.rett,5,22,10,1
11/1/2020,Abby,Fall 2020 exp 10,S.m,P.rett,5,22,13,0
11/1/2020,Abby,Fall 2020 exp 10,S.m,P.rett,5,22,13,0
11/1/2020,Abby,Fall 2020 exp 10,S.m,P.rett,5,22,13,0
11/1/2020,Abby,Fall 2020 exp 10,S.m,P.rett,5,22,13,0
11/1/2020,Abby,Fall 2020 exp 10,S.m,P.rett,5,23,1,1
11/1/2020,Abby,Fall 2020 exp 10,S.m,P.rett,5,23,1,1
11/1/2020,Abby,Fall 2020 exp 10,S.m,P.rett,5,23,1,1
11/1/2020,Abby,Fall 2020 exp 10,S.m,P.rett,5,23,1,1
11/1/2020,Abby,Fall 2020 exp 10,S.m,P.rett,5,23,4,1
11/1/2020,Abby,Fall 2020 exp 10,S.m,P.rett,5,23,6,1
11/1/2020,Abby,Fall 2020 exp 10,S.m,P.rett,5,23,11,1
11/1/2020,Abby,Fall 2020 exp 10,S.m,P.rett,5,23,12,1
11/1/2020,Abby,Fall 2020 exp 10,S.m,P.rett,5,23,12,1
11/1/2020,Abby,Fall 2020 exp 10,S.m,P.rett,5,23,13,0
11/1/2020,Abby,Fall 2020 exp 10,S.m,P.rett,5,24,11,1
11/1/2020,Abby,Fall 2020 exp 10,S.m,P.rett,5,24,12,1
11/1/2020,Abby,Fall 2020 exp 10,S.m,P.rett,5,24,13,0
11/1/2020,Abby,Fall 2020 exp 10,S.m,P.rett,5,24,13,0
11/1/2020,Abby,Fall 2020 exp 10,S.m,P.rett,5,24,13,0
6/16/2021,Abby,Summer 2021 exp 1,PBS,PBS,0,C1,7,0
6/16/2021,Abby,Summer 2021 exp 1,PBS,PBS,0,C1,7,0
6/16/2021,Abby,Summer 2021 exp 1,PBS,PBS,0,C1,7,0
6/16/2021,Abby,Summer 2021 exp 1,PBS,PBS,0,C1,7,0
6/16/2021,Abby,Summer 2021 exp 1,PBS,PBS,0,C1,7,0
6/16/2021,Abby,Summer 2021 exp 1,PBS,PBS,0,C1,7,0
6/16/2021,Abby,Summer 2021 exp 1,PBS,PBS,0,C1,7,0
6/16/2021,Abby,Summer 2021 exp 1,PBS,PBS,0,C1,7,0
6/16/2021,Abby,Summer 2021 exp 1,PBS,PBS,0,C1,7,0
6/16/2021,Abby,Summer 2021 exp 1,PBS,PBS,0,C1,7,0
6/16/2021,Abby,Summer 2021 exp 1,PBS,PBS,0,C2,7,0
6/16/2021,Abby,Summer 2021 exp 1,PBS,PBS,0,C2,7,0
6/16/2021,Abby,Summer 2021 exp 1,PBS,PBS,0,C2,7,0
6/16/2021,Abby,Summer 2021 exp 1,PBS,PBS,0,C2,7,0
6/16/2021,Abby,Summer 2021 exp 1,PBS,PBS,0,C2,7,0
6/16/2021,Abby,Summer 2021 exp 1,PBS,PBS,0,C2,7,0
6/16/2021,Abby,Summer 2021 exp 1,PBS,PBS,0,C2,7,0
6/16/2021,Abby,Summer 2021 exp 1,PBS,PBS,0,C2,7,0
6/16/2021,Abby,Summer 2021 exp 1,PBS,PBS,0,C2,7,0
6/16/2021,Abby,Summer 2021 exp 1,PBS,PBS,0,C2,7,0
6/16/2021,Abby,Summer 2021 exp 1,PBS,PBS,0,C3,7,0
6/16/2021,Abby,Summer 2021 exp 1,PBS,PBS,0,C3,7,0
6/16/2021,Abby,Summer 2021 exp 1,PBS,PBS,0,C3,7,0
6/16/2021,Abby,Summer 2021 exp 1,PBS,PBS,0,C3,7,0
6/16/2021,Abby,Summer 2021 exp 1,PBS,PBS,0,C3,7,0
6/16/2021,Abby,Summer 2021 exp 1,PBS,PBS,0,C3,7,0
6/16/2021,Abby,Summer 2021 exp 1,PBS,PBS,0,C3,7,0
6/16/2021,Abby,Summer 2021 exp 1,PBS,PBS,0,C3,7,0
6/16/2021,Abby,Summer 2021 exp 1,PBS,PBS,0,C3,7,0
6/16/2021,Abby,Summer 2021 exp 1,PBS,P.rett,0.1,1,1,1
6/16/2021,Abby,Summer 2021 exp 1,PBS,P.rett,0.1,1,1,1
6/16/2021,Abby,Summer 2021 exp 1,PBS,P.rett,0.1,1,1,1
6/16/2021,Abby,Summer 2021 exp 1,PBS,P.rett,0.1,1,1,1
6/16/2021,Abby,Summer 2021 exp 1,PBS,P.rett,0.1,1,1,1
6/16/2021,Abby,Summer 2021 exp 1,PBS,P.rett,0.1,1,1,1
6/16/2021,Abby,Summer 2021 exp 1,PBS,P.rett,0.1,1,1,1
6/16/2021,Abby,Summer 2021 exp 1,PBS,P.rett,0.1,1,1,1
6/16/2021,Abby,Summer 2021 exp 1,PBS,P.rett,0.1,1,2,1
6/16/2021,Abby,Summer 2021 exp 1,PBS,P.rett,0.1,1,7,0
6/16/2021,Abby,Summer 2021 exp 1,PBS,P.rett,0.1,2,1,1
6/16/2021,Abby,Summer 2021 exp 1,PBS,P.rett,0.1,2,1,1
6/16/2021,Abby,Summer 2021 exp 1,PBS,P.rett,0.1,2,1,1
6/16/2021,Abby,Summer 2021 exp 1,PBS,P.rett,0.1,2,1,1
6/16/2021,Abby,Summer 2021 exp 1,PBS,P.rett,0.1,2,1,1
6/16/2021,Abby,Summer 2021 exp 1,PBS,P.rett,0.1,2,1,1
6/16/2021,Abby,Summer 2021 exp 1,PBS,P.rett,0.1,2,1,1
6/16/2021,Abby,Summer 2021 exp 1,PBS,P.rett,0.1,2,1,1
6/16/2021,Abby,Summer 2021 exp 1,PBS,P.rett,0.1,2,2,1
6/16/2021,Abby,Summer 2021 exp 1,PBS,P.rett,0.1,2,2,1
6/16/2021,Abby,Summer 2021 exp 1,PBS,P.rett,0.1,3,1,1
6/16/2021,Abby,Summer 2021 exp 1,PBS,P.rett,0.1,3,1,1
6/16/2021,Abby,Summer 2021 exp 1,PBS,P.rett,0.1,3,1,1
6/16/2021,Abby,Summer 2021 exp 1,PBS,P.rett,0.1,3,1,1
6/16/2021,Abby,Summer 2021 exp 1,PBS,P.rett,0.1,3,1,1
6/16/2021,Abby,Summer 2021 exp 1,PBS,P.rett,0.1,3,1,1
6/16/2021,Abby,Summer 2021 exp 1,PBS,P.rett,0.1,3,1,1
6/16/2021,Abby,Summer 2021 exp 1,PBS,P.rett,0.1,3,2,1
6/16/2021,Abby,Summer 2021 exp 1,PBS,P.rett,0.1,3,2,1
6/16/2021,Abby,Summer 2021 exp 1,PBS,P.rett,0.1,3,7,0
6/16/2021,Abby,Summer 2021 exp 1,PBS,P.rett,1,4,1,1
6/16/2021,Abby,Summer 2021 exp 1,PBS,P.rett,1,4,1,1
6/16/2021,Abby,Summer 2021 exp 1,PBS,P.rett,1,4,1,1
6/16/2021,Abby,Summer 2021 exp 1,PBS,P.rett,1,4,1,1
6/16/2021,Abby,Summer 2021 exp 1,PBS,P.rett,1,4,1,1
6/16/2021,Abby,Summer 2021 exp 1,PBS,P.rett,1,4,1,1
6/16/2021,Abby,Summer 2021 exp 1,PBS,P.rett,1,4,1,1
6/16/2021,Abby,Summer 2021 exp 1,PBS,P.rett,1,4,1,1
6/16/2021,Abby,Summer 2021 exp 1,PBS,P.rett,1,4,1,1
6/16/2021,Abby,Summer 2021 exp 1,PBS,P.rett,1,4,1,1
6/16/2021,Abby,Summer 2021 exp 1,PBS,P.rett,1,5,1,1
6/16/2021,Abby,Summer 2021 exp 1,PBS,P.rett,1,5,1,1
6/16/2021,Abby,Summer 2021 exp 1,PBS,P.rett,1,5,1,1
6/16/2021,Abby,Summer 2021 exp 1,PBS,P.rett,1,5,1,1
6/16/2021,Abby,Summer 2021 exp 1,PBS,P.rett,1,5,1,1
6/16/2021,Abby,Summer 2021 exp 1,PBS,P.rett,1,5,1,1
6/16/2021,Abby,Summer 2021 exp 1,PBS,P.rett,1,5,1,1
6/16/2021,Abby,Summer 2021 exp 1,PBS,P.rett,1,5,1,1
6/16/2021,Abby,Summer 2021 exp 1,PBS,P.rett,1,5,1,1
6/16/2021,Abby,Summer 2021 exp 1,PBS,P.rett,1,6,1,1
6/16/2021,Abby,Summer 2021 exp 1,PBS,P.rett,1,6,1,1
6/16/2021,Abby,Summer 2021 exp 1,PBS,P.rett,1,6,1,1
6/16/2021,Abby,Summer 2021 exp 1,PBS,P.rett,1,6,1,1
6/16/2021,Abby,Summer 2021 exp 1,PBS,P.rett,1,6,1,1
6/16/2021,Abby,Summer 2021 exp 1,PBS,P.rett,1,6,1,1
6/16/2021,Abby,Summer 2021 exp 1,PBS,P.rett,1,6,1,1
6/16/2021,Abby,Summer 2021 exp 1,PBS,P.rett,1,6,1,1
6/16/2021,Abby,Summer 2021 exp 1,PBS,P.rett,1,6,2,1
6/16/2021,Abby,Summer 2021 exp 1,PBS,P.rett,2,7,1,1
6/16/2021,Abby,Summer 2021 exp 1,PBS,P.rett,2,7,1,1
6/16/2021,Abby,Summer 2021 exp 1,PBS,P.rett,2,7,1,1
6/16/2021,Abby,Summer 2021 exp 1,PBS,P.rett,2,7,1,1
6/16/2021,Abby,Summer 2021 exp 1,PBS,P.rett,2,7,1,1
6/16/2021,Abby,Summer 2021 exp 1,PBS,P.rett,2,7,1,1
6/16/2021,Abby,Summer 2021 exp 1,PBS,P.rett,2,7,1,1
6/16/2021,Abby,Summer 2021 exp 1,PBS,P.rett,2,7,1,1
6/16/2021,Abby,Summer 2021 exp 1,PBS,P.rett,2,7,1,1
6/16/2021,Abby,Summer 2021 exp 1,PBS,P.rett,2,7,1,1
6/16/2021,Abby,Summer 2021 exp 1,PBS,P.rett,2,8,1,1
6/16/2021,Abby,Summer 2021 exp 1,PBS,P.rett,2,8,1,1
6/16/2021,Abby,Summer 2021 exp 1,PBS,P.rett,2,8,1,1
6/16/2021,Abby,Summer 2021 exp 1,PBS,P.rett,2,8,1,1
6/16/2021,Abby,Summer 2021 exp 1,PBS,P.rett,2,8,1,1
6/16/2021,Abby,Summer 2021 exp 1,PBS,P.rett,2,8,1,1
6/16/2021,Abby,Summer 2021 exp 1,PBS,P.rett,2,8,1,1
6/16/2021,Abby,Summer 2021 exp 1,PBS,P.rett,2,8,1,1
6/16/2021,Abby,Summer 2021 exp 1,PBS,P.rett,2,8,1,1
6/16/2021,Abby,Summer 2021 exp 1,PBS,P.rett,2,8,2,1
6/16/2021,Abby,Summer 2021 exp 1,PBS,P.rett,2,9,1,1
6/16/2021,Abby,Summer 2021 exp 1,PBS,P.rett,2,9,1,1
6/16/2021,Abby,Summer 2021 exp 1,PBS,P.rett,2,9,1,1
6/16/2021,Abby,Summer 2021 exp 1,PBS,P.rett,2,9,1,1
6/16/2021,Abby,Summer 2021 exp 1,PBS,P.rett,2,9,1,1
6/16/2021,Abby,Summer 2021 exp 1,PBS,P.rett,2,9,1,1
6/16/2021,Abby,Summer 2021 exp 1,PBS,P.rett,2,9,1,1
6/16/2021,Abby,Summer 2021 exp 1,PBS,P.rett,2,9,1,1
6/16/2021,Abby,Summer 2021 exp 1,PBS,P.rett,5,10,1,1
6/16/2021,Abby,Summer 2021 exp 1,PBS,P.rett,5,10,1,1
6/16/2021,Abby,Summer 2021 exp 1,PBS,P.rett,5,10,1,1
6/16/2021,Abby,Summer 2021 exp 1,PBS,P.rett,5,10,1,1
6/16/2021,Abby,Summer 2021 exp 1,PBS,P.rett,5,10,1,1
6/16/2021,Abby,Summer 2021 exp 1,PBS,P.rett,5,10,1,1
6/16/2021,Abby,Summer 2021 exp 1,PBS,P.rett,5,10,1,1
6/16/2021,Abby,Summer 2021 exp 1,PBS,P.rett,5,10,1,1
6/16/2021,Abby,Summer 2021 exp 1,PBS,P.rett,5,10,1,1
6/16/2021,Abby,Summer 2021 exp 1,PBS,P.rett,5,10,1,1
6/16/2021,Abby,Summer 2021 exp 1,PBS,P.rett,5,11,1,1
6/16/2021,Abby,Summer 2021 exp 1,PBS,P.rett,5,11,1,1
6/16/2021,Abby,Summer 2021 exp 1,PBS,P.rett,5,11,1,1
6/16/2021,Abby,Summer 2021 exp 1,PBS,P.rett,5,11,1,1
6/16/2021,Abby,Summer 2021 exp 1,PBS,P.rett,5,11,1,1
6/16/2021,Abby,Summer 2021 exp 1,PBS,P.rett,5,11,1,1
6/16/2021,Abby,Summer 2021 exp 1,PBS,P.rett,5,11,1,1
6/16/2021,Abby,Summer 2021 exp 1,PBS,P.rett,5,11,1,1
6/16/2021,Abby,Summer 2021 exp 1,PBS,P.rett,5,11,1,1
6/16/2021,Abby,Summer 2021 exp 1,PBS,P.rett,5,11,2,1
6/16/2021,Abby,Summer 2021 exp 1,PBS,P.rett,5,12,1,1
6/16/2021,Abby,Summer 2021 exp 1,PBS,P.rett,5,12,1,1
6/16/2021,Abby,Summer 2021 exp 1,PBS,P.rett,5,12,1,1
6/16/2021,Abby,Summer 2021 exp 1,PBS,P.rett,5,12,1,1
6/16/2021,Abby,Summer 2021 exp 1,PBS,P.rett,5,12,1,1
6/16/2021,Abby,Summer 2021 exp 1,PBS,P.rett,5,12,1,1
6/16/2021,Abby,Summer 2021 exp 1,PBS,P.rett,5,12,1,1
6/16/2021,Abby,Summer 2021 exp 1,PBS,P.rett,5,12,1,1
6/16/2021,Abby,Summer 2021 exp 1,S.m,PBS,0,C4,7,0
6/16/2021,Abby,Summer 2021 exp 1,S.m,PBS,0,C4,7,0
6/16/2021,Abby,Summer 2021 exp 1,S.m,PBS,0,C4,7,0
6/16/2021,Abby,Summer 2021 exp 1,S.m,PBS,0,C4,7,0
6/16/2021,Abby,Summer 2021 exp 1,S.m,PBS,0,C4,7,0
6/16/2021,Abby,Summer 2021 exp 1,S.m,PBS,0,C4,7,0
6/16/2021,Abby,Summer 2021 exp 1,S.m,PBS,0,C4,7,0
6/16/2021,Abby,Summer 2021 exp 1,S.m,PBS,0,C4,7,0
6/16/2021,Abby,Summer 2021 exp 1,S.m,PBS,0,C4,7,0
6/16/2021,Abby,Summer 2021 exp 1,S.m,PBS,0,C4,7,0
6/16/2021,Abby,Summer 2021 exp 1,S.m,PBS,0,C5,2,1
6/16/2021,Abby,Summer 2021 exp 1,S.m,PBS,0,C5,3,1
6/16/2021,Abby,Summer 2021 exp 1,S.m,PBS,0,C5,7,0
6/16/2021,Abby,Summer 2021 exp 1,S.m,PBS,0,C5,7,0
6/16/2021,Abby,Summer 2021 exp 1,S.m,PBS,0,C5,7,0
6/16/2021,Abby,Summer 2021 exp 1,S.m,PBS,0,C5,7,0
6/16/2021,Abby,Summer 2021 exp 1,S.m,PBS,0,C5,7,0
6/16/2021,Abby,Summer 2021 exp 1,S.m,PBS,0,C5,7,0
6/16/2021,Abby,Summer 2021 exp 1,S.m,PBS,0,C5,7,0
6/16/2021,Abby,Summer 2021 exp 1,S.m,PBS,0,C5,7,0
6/16/2021,Abby,Summer 2021 exp 1,S.m,PBS,0,C6,7,0
6/16/2021,Abby,Summer 2021 exp 1,S.m,PBS,0,C6,7,0
6/16/2021,Abby,Summer 2021 exp 1,S.m,PBS,0,C6,7,0
6/16/2021,Abby,Summer 2021 exp 1,S.m,PBS,0,C6,7,0
6/16/2021,Abby,Summer 2021 exp 1,S.m,PBS,0,C6,7,0
6/16/2021,Abby,Summer 2021 exp 1,S.m,PBS,0,C6,7,0
6/16/2021,Abby,Summer 2021 exp 1,S.m,PBS,0,C6,7,0
6/16/2021,Abby,Summer 2021 exp 1,S.m,PBS,0,C6,7,0
6/16/2021,Abby,Summer 2021 exp 1,S.m,PBS,0,C6,7,0
6/16/2021,Abby,Summer 2021 exp 1,S.m,PBS,0,C6,7,0
6/16/2021,Abby,Summer 2021 exp 1,S.m,P.rett,0.1,13,7,1
6/16/2021,Abby,Summer 2021 exp 1,S.m,P.rett,0.1,13,7,0
6/16/2021,Abby,Summer 2021 exp 1,S.m,P.rett,0.1,13,7,0
6/16/2021,Abby,Summer 2021 exp 1,S.m,P.rett,0.1,13,7,0
6/16/2021,Abby,Summer 2021 exp 1,S.m,P.rett,0.1,13,7,0
6/16/2021,Abby,Summer 2021 exp 1,S.m,P.rett,0.1,13,7,0
6/16/2021,Abby,Summer 2021 exp 1,S.m,P.rett,0.1,13,7,0
6/16/2021,Abby,Summer 2021 exp 1,S.m,P.rett,0.1,13,7,0
6/16/2021,Abby,Summer 2021 exp 1,S.m,P.rett,0.1,13,7,0
6/16/2021,Abby,Summer 2021 exp 1,S.m,P.rett,0.1,13,7,0
6/16/2021,Abby,Summer 2021 exp 1,S.m,P.rett,0.1,14,1,1
6/16/2021,Abby,Summer 2021 exp 1,S.m,P.rett,0.1,14,1,1
6/16/2021,Abby,Summer 2021 exp 1,S.m,P.rett,0.1,14,1,1
6/16/2021,Abby,Summer 2021 exp 1,S.m,P.rett,0.1,14,3,1
6/16/2021,Abby,Summer 2021 exp 1,S.m,P.rett,0.1,14,7,0
6/16/2021,Abby,Summer 2021 exp 1,S.m,P.rett,0.1,14,7,0
6/16/2021,Abby,Summer 2021 exp 1,S.m,P.rett,0.1,14,7,0
6/16/2021,Abby,Summer 2021 exp 1,S.m,P.rett,0.1,14,7,0
6/16/2021,Abby,Summer 2021 exp 1,S.m,P.rett,0.1,14,7,0
6/16/2021,Abby,Summer 2021 exp 1,S.m,P.rett,0.1,14,7,0
6/16/2021,Abby,Summer 2021 exp 1,S.m,P.rett,0.1,15,5,1
6/16/2021,Abby,Summer 2021 exp 1,S.m,P.rett,0.1,15,7,0
6/16/2021,Abby,Summer 2021 exp 1,S.m,P.rett,0.1,15,7,0
6/16/2021,Abby,Summer 2021 exp 1,S.m,P.rett,0.1,15,7,0
6/16/2021,Abby,Summer 2021 exp 1,S.m,P.rett,0.1,15,7,0
6/16/2021,Abby,Summer 2021 exp 1,S.m,P.rett,0.1,15,7,0
6/16/2021,Abby,Summer 2021 exp 1,S.m,P.rett,0.1,15,7,0
6/16/2021,Abby,Summer 2021 exp 1,S.m,P.rett,0.1,15,7,0
6/16/2021,Abby,Summer 2021 exp 1,S.m,P.rett,0.1,15,7,0
6/16/2021,Abby,Summer 2021 exp 1,S.m,P.rett,1,16,7,1
6/16/2021,Abby,Summer 2021 exp 1,S.m,P.rett,1,16,7,0
6/16/2021,Abby,Summer 2021 exp 1,S.m,P.rett,1,16,7,0
6/16/2021,Abby,Summer 2021 exp 1,S.m,P.rett,1,16,7,0
6/16/2021,Abby,Summer 2021 exp 1,S.m,P.rett,1,16,7,0
6/16/2021,Abby,Summer 2021 exp 1,S.m,P.rett,1,16,7,0
6/16/2021,Abby,Summer 2021 exp 1,S.m,P.rett,1,16,7,0
6/16/2021,Abby,Summer 2021 exp 1,S.m,P.rett,1,16,7,0
6/16/2021,Abby,Summer 2021 exp 1,S.m,P.rett,1,16,7,0
6/16/2021,Abby,Summer 2021 exp 1,S.m,P.rett,1,16,7,0
6/16/2021,Abby,Summer 2021 exp 1,S.m,P.rett,1,17,1,1
6/16/2021,Abby,Summer 2021 exp 1,S.m,P.rett,1,17,7,0
6/16/2021,Abby,Summer 2021 exp 1,S.m,P.rett,1,17,7,0
6/16/2021,Abby,Summer 2021 exp 1,S.m,P.rett,1,17,7,0
6/16/2021,Abby,Summer 2021 exp 1,S.m,P.rett,1,17,7,0
6/16/2021,Abby,Summer 2021 exp 1,S.m,P.rett,1,17,7,0
6/16/2021,Abby,Summer 2021 exp 1,S.m,P.rett,1,17,7,0
6/16/2021,Abby,Summer 2021 exp 1,S.m,P.rett,1,17,7,0
6/16/2021,Abby,Summer 2021 exp 1,S.m,P.rett,1,17,7,0
6/16/2021,Abby,Summer 2021 exp 1,S.m,P.rett,1,17,7,0
6/16/2021,Abby,Summer 2021 exp 1,S.m,P.rett,1,18,1,1
6/16/2021,Abby,Summer 2021 exp 1,S.m,P.rett,1,18,3,1
6/16/2021,Abby,Summer 2021 exp 1,S.m,P.rett,1,18,7,0
6/16/2021,Abby,Summer 2021 exp 1,S.m,P.rett,1,18,7,0
6/16/2021,Abby,Summer 2021 exp 1,S.m,P.rett,1,18,7,0
6/16/2021,Abby,Summer 2021 exp 1,S.m,P.rett,1,18,7,0
6/16/2021,Abby,Summer 2021 exp 1,S.m,P.rett,1,18,7,0
6/16/2021,Abby,Summer 2021 exp 1,S.m,P.rett,1,18,7,0
6/16/2021,Abby,Summer 2021 exp 1,S.m,P.rett,1,18,7,0
6/16/2021,Abby,Summer 2021 exp 1,S.m,P.rett,2,19,1,1
6/16/2021,Abby,Summer 2021 exp 1,S.m,P.rett,2,19,1,1
6/16/2021,Abby,Summer 2021 exp 1,S.m,P.rett,2,19,7,0
6/16/2021,Abby,Summer 2021 exp 1,S.m,P.rett,2,19,7,0
6/16/2021,Abby,Summer 2021 exp 1,S.m,P.rett,2,19,7,0
6/16/2021,Abby,Summer 2021 exp 1,S.m,P.rett,2,19,7,0
6/16/2021,Abby,Summer 2021 exp 1,S.m,P.rett,2,19,7,0
6/16/2021,Abby,Summer 2021 exp 1,S.m,P.rett,2,19,7,0
6/16/2021,Abby,Summer 2021 exp 1,S.m,P.rett,2,19,7,0
6/16/2021,Abby,Summer 2021 exp 1,S.m,P.rett,2,20,7,0
6/16/2021,Abby,Summer 2021 exp 1,S.m,P.rett,2,20,7,0
6/16/2021,Abby,Summer 2021 exp 1,S.m,P.rett,2,20,7,0
6/16/2021,Abby,Summer 2021 exp 1,S.m,P.rett,2,20,7,0
6/16/2021,Abby,Summer 2021 exp 1,S.m,P.rett,2,20,7,0
6/16/2021,Abby,Summer 2021 exp 1,S.m,P.rett,2,20,7,0
6/16/2021,Abby,Summer 2021 exp 1,S.m,P.rett,2,20,7,0
6/16/2021,Abby,Summer 2021 exp 1,S.m,P.rett,2,20,7,0
6/16/2021,Abby,Summer 2021 exp 1,S.m,P.rett,2,20,7,0
6/16/2021,Abby,Summer 2021 exp 1,S.m,P.rett,2,20,7,0
6/16/2021,Abby,Summer 2021 exp 1,S.m,P.rett,2,21,1,1
6/16/2021,Abby,Summer 2021 exp 1,S.m,P.rett,2,21,2,1
6/16/2021,Abby,Summer 2021 exp 1,S.m,P.rett,2,21,3,1
6/16/2021,Abby,Summer 2021 exp 1,S.m,P.rett,2,21,7,0
6/16/2021,Abby,Summer 2021 exp 1,S.m,P.rett,2,21,7,0
6/16/2021,Abby,Summer 2021 exp 1,S.m,P.rett,2,21,7,0
6/16/2021,Abby,Summer 2021 exp 1,S.m,P.rett,2,21,7,0
6/16/2021,Abby,Summer 2021 exp 1,S.m,P.rett,2,21,7,0
6/16/2021,Abby,Summer 2021 exp 1,S.m,P.rett,5,22,1,1
6/16/2021,Abby,Summer 2021 exp 1,S.m,P.rett,5,22,2,1
6/16/2021,Abby,Summer 2021 exp 1,S.m,P.rett,5,22,7,0
6/16/2021,Abby,Summer 2021 exp 1,S.m,P.rett,5,22,7,0
6/16/2021,Abby,Summer 2021 exp 1,S.m,P.rett,5,22,7,0
6/16/2021,Abby,Summer 2021 exp 1,S.m,P.rett,5,22,7,0
6/16/2021,Abby,Summer 2021 exp 1,S.m,P.rett,5,22,7,0
6/16/2021,Abby,Summer 2021 exp 1,S.m,P.rett,5,22,7,0
6/16/2021,Abby,Summer 2021 exp 1,S.m,P.rett,5,22,7,0
6/16/2021,Abby,Summer 2021 exp 1,S.m,P.rett,5,22,7,0
6/16/2021,Abby,Summer 2021 exp 1,S.m,P.rett,5,23,1,1
6/16/2021,Abby,Summer 2021 exp 1,S.m,P.rett,5,23,7,0
6/16/2021,Abby,Summer 2021 exp 1,S.m,P.rett,5,23,7,0
6/16/2021,Abby,Summer 2021 exp 1,S.m,P.rett,5,23,7,0
6/16/2021,Abby,Summer 2021 exp 1,S.m,P.rett,5,23,7,0
6/16/2021,Abby,Summer 2021 exp 1,S.m,P.rett,5,23,7,0
6/16/2021,Abby,Summer 2021 exp 1,S.m,P.rett,5,23,7,0
6/16/2021,Abby,Summer 2021 exp 1,S.m,P.rett,5,23,7,0
6/16/2021,Abby,Summer 2021 exp 1,S.m,P.rett,5,23,7,0
6/16/2021,Abby,Summer 2021 exp 1,S.m,P.rett,5,23,7,0
6/16/2021,Abby,Summer 2021 exp 1,S.m,P.rett,5,24,1,1
6/16/2021,Abby,Summer 2021 exp 1,S.m,P.rett,5,24,7,0
6/16/2021,Abby,Summer 2021 exp 1,S.m,P.rett,5,24,7,0
6/16/2021,Abby,Summer 2021 exp 1,S.m,P.rett,5,24,7,0
6/16/2021,Abby,Summer 2021 exp 1,S.m,P.rett,5,24,7,0
6/16/2021,Abby,Summer 2021 exp 1,S.m,P.rett,5,24,7,0
6/16/2021,Abby,Summer 2021 exp 1,S.m,P.rett,5,24,7,0
