date,scientist,rep,primary,secondary,secondary_dose,vial,day,status,alive3,average.0.hour,average.10.hour
6/18/2018,Frank,1,PBS,P.rett,0.01,3,1,1,FALSE,NA,NA
6/18/2018,Frank,1,PBS,P.rett,0.01,3,1,1,FALSE,NA,NA
6/18/2018,Frank,1,PBS,P.rett,0.01,3,1,1,FALSE,NA,NA
6/18/2018,Frank,1,PBS,P.rett,0.01,3,1,1,FALSE,NA,NA
6/18/2018,Frank,1,PBS,P.rett,0.01,3,2,1,FALSE,NA,NA
6/18/2018,Frank,1,PBS,P.rett,0.01,3,6,1,TRUE,NA,NA
6/18/2018,Frank,1,PBS,P.rett,0.01,3,7,0,TRUE,NA,NA
6/18/2018,Frank,1,PBS,P.rett,0.01,3,7,0,TRUE,NA,NA
6/18/2018,Frank,1,PBS,P.rett,0.1,9,1,1,FALSE,NA,NA
6/18/2018,Frank,1,PBS,P.rett,0.1,9,1,1,FALSE,NA,NA
6/18/2018,Frank,1,PBS,P.rett,0.1,9,1,1,FALSE,NA,NA
6/18/2018,Frank,1,PBS,P.rett,0.1,9,1,1,FALSE,NA,NA
6/18/2018,Frank,1,PBS,P.rett,0.1,9,1,1,FALSE,NA,NA
6/18/2018,Frank,1,PBS,P.rett,0.1,9,1,1,FALSE,NA,NA
6/18/2018,Frank,1,PBS,P.rett,0.1,9,7,0,TRUE,NA,NA
6/18/2018,Frank,1,PBS,P.rett,0.1,9,7,0,TRUE,NA,NA
6/18/2018,Frank,1,PBS,P.rett,0.1,9,7,0,TRUE,NA,NA
6/18/2018,Frank,1,PBS,P.rett,0.1,9,7,0,TRUE,NA,NA
6/18/2018,Frank,1,E.fae,P.rett,0.01,15,6,1,TRUE,NA,NA
6/18/2018,Frank,1,E.fae,P.rett,0.01,15,7,0,TRUE,NA,NA
6/18/2018,Frank,1,E.fae,P.rett,0.01,15,7,0,TRUE,NA,NA
6/18/2018,Frank,1,E.fae,P.rett,0.01,15,7,0,TRUE,NA,NA
6/18/2018,Frank,1,E.fae,P.rett,0.01,15,7,0,TRUE,NA,NA
6/18/2018,Frank,1,E.fae,P.rett,0.01,15,7,0,TRUE,NA,NA
6/18/2018,Frank,1,E.fae,P.rett,0.01,15,7,0,TRUE,NA,NA
6/18/2018,Frank,1,E.fae,P.rett,0.01,15,7,0,TRUE,NA,NA
6/18/2018,Frank,1,E.fae,P.rett,0.1,19,1,1,FALSE,NA,NA
6/18/2018,Frank,1,E.fae,P.rett,0.1,19,1,1,FALSE,NA,NA
6/18/2018,Frank,1,E.fae,P.rett,0.1,19,1,1,FALSE,NA,NA
6/18/2018,Frank,1,E.fae,P.rett,0.1,19,1,1,FALSE,NA,NA
6/18/2018,Frank,1,E.fae,P.rett,0.1,19,6,1,TRUE,NA,NA
6/18/2018,Frank,1,E.fae,P.rett,0.1,19,7,0,TRUE,NA,NA
6/18/2018,Frank,1,E.fae,P.rett,0.1,19,7,0,TRUE,NA,NA
6/18/2018,Frank,1,E.fae,P.rett,0.1,19,7,0,TRUE,NA,NA
6/18/2018,Frank,1,E.fae,P.rett,0.1,19,7,0,TRUE,NA,NA
6/20/2018,Frank,2,PBS,P.rett,0.01,4,1,1,FALSE,NA,NA
6/20/2018,Frank,2,PBS,P.rett,0.01,4,1,1,FALSE,NA,NA
6/20/2018,Frank,2,PBS,P.rett,0.01,4,1,1,FALSE,NA,NA
6/20/2018,Frank,2,PBS,P.rett,0.01,4,1,1,FALSE,NA,NA
6/20/2018,Frank,2,PBS,P.rett,0.01,4,2,1,FALSE,NA,NA
6/20/2018,Frank,2,PBS,P.rett,0.01,4,7,0,TRUE,NA,NA
6/20/2018,Frank,2,PBS,P.rett,0.01,4,7,0,TRUE,NA,NA
6/20/2018,Frank,2,PBS,P.rett,0.1,5,1,1,FALSE,NA,NA
6/20/2018,Frank,2,PBS,P.rett,0.1,5,1,1,FALSE,NA,NA
6/20/2018,Frank,2,PBS,P.rett,0.1,5,1,1,FALSE,NA,NA
6/20/2018,Frank,2,PBS,P.rett,0.1,5,1,1,FALSE,NA,NA
6/20/2018,Frank,2,PBS,P.rett,0.1,5,1,1,FALSE,NA,NA
6/20/2018,Frank,2,PBS,P.rett,0.1,5,2,1,FALSE,NA,NA
6/20/2018,Frank,2,PBS,P.rett,0.1,5,2,1,FALSE,NA,NA
6/20/2018,Frank,2,PBS,P.rett,0.1,5,7,0,TRUE,NA,NA
6/20/2018,Frank,2,PBS,P.rett,0.1,11,1,1,FALSE,NA,NA
6/20/2018,Frank,2,PBS,P.rett,0.1,11,1,1,FALSE,NA,NA
6/20/2018,Frank,2,PBS,P.rett,0.1,11,1,1,FALSE,NA,NA
6/20/2018,Frank,2,PBS,P.rett,0.1,11,1,1,FALSE,NA,NA
6/20/2018,Frank,2,PBS,P.rett,0.1,11,1,1,FALSE,NA,NA
6/20/2018,Frank,2,PBS,P.rett,0.1,11,2,1,FALSE,NA,NA
6/20/2018,Frank,2,PBS,P.rett,0.1,11,7,0,TRUE,NA,NA
6/20/2018,Frank,2,PBS,P.rett,0.1,11,7,0,TRUE,NA,NA
6/20/2018,Frank,2,PBS,P.rett,0.1,12,1,1,FALSE,NA,NA
6/20/2018,Frank,2,PBS,P.rett,0.1,12,1,1,FALSE,NA,NA
6/20/2018,Frank,2,PBS,P.rett,0.1,12,1,1,FALSE,NA,NA
6/20/2018,Frank,2,PBS,P.rett,0.1,12,1,1,FALSE,NA,NA
6/20/2018,Frank,2,PBS,P.rett,0.1,12,4,1,TRUE,NA,NA
6/20/2018,Frank,2,PBS,P.rett,0.1,12,4,1,TRUE,NA,NA
6/20/2018,Frank,2,PBS,P.rett,0.1,12,7,0,TRUE,NA,NA
6/20/2018,Frank,2,PBS,P.rett,0.1,12,7,0,TRUE,NA,NA
6/20/2018,Frank,2,PBS,P.rett,0.1,12,7,0,TRUE,NA,NA
6/20/2018,Frank,2,E.fae,P.rett,0.01,17,1,1,FALSE,NA,NA
6/20/2018,Frank,2,E.fae,P.rett,0.01,17,2,1,FALSE,NA,NA
6/20/2018,Frank,2,E.fae,P.rett,0.01,17,4,1,TRUE,NA,NA
6/20/2018,Frank,2,E.fae,P.rett,0.01,17,6,1,TRUE,NA,NA
6/20/2018,Frank,2,E.fae,P.rett,0.01,17,7,0,TRUE,NA,NA
6/20/2018,Frank,2,E.fae,P.rett,0.01,17,7,0,TRUE,NA,NA
6/20/2018,Frank,2,E.fae,P.rett,0.01,17,7,0,TRUE,NA,NA
6/20/2018,Frank,2,E.fae,P.rett,0.01,19,1,1,FALSE,NA,NA
6/20/2018,Frank,2,E.fae,P.rett,0.01,19,2,1,FALSE,NA,NA
6/20/2018,Frank,2,E.fae,P.rett,0.01,19,4,1,TRUE,NA,NA
6/20/2018,Frank,2,E.fae,P.rett,0.01,19,7,0,TRUE,NA,NA
6/20/2018,Frank,2,E.fae,P.rett,0.01,19,7,0,TRUE,NA,NA
6/20/2018,Frank,2,E.fae,P.rett,0.01,19,7,0,TRUE,NA,NA
6/20/2018,Frank,2,E.fae,P.rett,0.01,19,7,0,TRUE,NA,NA
6/20/2018,Frank,2,E.fae,P.rett,0.01,19,7,0,TRUE,NA,NA
6/20/2018,Frank,2,E.fae,P.rett,0.1,25,1,1,FALSE,NA,NA
6/20/2018,Frank,2,E.fae,P.rett,0.1,25,1,1,FALSE,NA,NA
6/20/2018,Frank,2,E.fae,P.rett,0.1,25,2,1,FALSE,NA,NA
6/20/2018,Frank,2,E.fae,P.rett,0.1,25,4,1,TRUE,NA,NA
6/20/2018,Frank,2,E.fae,P.rett,0.1,25,6,1,TRUE,NA,NA
6/20/2018,Frank,2,E.fae,P.rett,0.1,25,7,0,TRUE,NA,NA
6/20/2018,Frank,2,E.fae,P.rett,0.1,25,7,0,TRUE,NA,NA
6/20/2018,Frank,2,E.fae,P.rett,0.1,26,1,1,FALSE,NA,NA
6/20/2018,Frank,2,E.fae,P.rett,0.1,26,1,1,FALSE,NA,NA
6/20/2018,Frank,2,E.fae,P.rett,0.1,26,7,0,TRUE,NA,NA
6/20/2018,Frank,2,E.fae,P.rett,0.1,26,7,0,TRUE,NA,NA
6/20/2018,Frank,2,E.fae,P.rett,0.1,26,7,0,TRUE,NA,NA
6/20/2018,Frank,2,E.fae,P.rett,0.1,26,7,0,TRUE,NA,NA
6/20/2018,Frank,2,E.fae,P.rett,0.1,26,7,0,TRUE,NA,NA
6/20/2018,Frank,2,E.fae,P.rett,0.1,27,1,1,FALSE,NA,NA
6/20/2018,Frank,2,E.fae,P.rett,0.1,27,1,1,FALSE,NA,NA
6/20/2018,Frank,2,E.fae,P.rett,0.1,27,1,1,FALSE,NA,NA
6/20/2018,Frank,2,E.fae,P.rett,0.1,27,1,1,FALSE,NA,NA
6/20/2018,Frank,2,E.fae,P.rett,0.1,27,1,1,FALSE,NA,NA
6/20/2018,Frank,2,E.fae,P.rett,0.1,27,2,1,FALSE,NA,NA
6/20/2018,Frank,2,E.fae,P.rett,0.1,27,6,1,TRUE,NA,NA
6/20/2018,Frank,2,E.fae,P.rett,0.1,27,7,0,TRUE,NA,NA
6/22/2018,Frank,3,PBS,P.rett,0.001,2,2,1,FALSE,24.4,29150
6/22/2018,Frank,3,PBS,P.rett,0.001,2,2,1,FALSE,24.4,29150
6/22/2018,Frank,3,PBS,P.rett,0.001,2,2,1,FALSE,24.4,29150
6/22/2018,Frank,3,PBS,P.rett,0.001,2,5,0,TRUE,24.4,29150
6/22/2018,Frank,3,PBS,P.rett,0.001,2,5,0,TRUE,24.4,29150
6/22/2018,Frank,3,PBS,P.rett,0.001,2,5,0,TRUE,24.4,29150
6/22/2018,Frank,3,PBS,P.rett,0.001,2,5,0,TRUE,24.4,29150
6/22/2018,Frank,3,PBS,P.rett,0.001,2,5,0,TRUE,24.4,29150
6/22/2018,Frank,3,PBS,P.rett,0.001,2,5,0,TRUE,24.4,29150
6/22/2018,Frank,3,PBS,P.rett,0.001,2,5,0,TRUE,24.4,29150
6/22/2018,Frank,3,PBS,P.rett,0.001,3,1,1,FALSE,24.4,29150
6/22/2018,Frank,3,PBS,P.rett,0.001,3,2,1,FALSE,24.4,29150
6/22/2018,Frank,3,PBS,P.rett,0.001,3,2,1,FALSE,24.4,29150
6/22/2018,Frank,3,PBS,P.rett,0.001,3,2,1,FALSE,24.4,29150
6/22/2018,Frank,3,PBS,P.rett,0.001,3,2,1,FALSE,24.4,29150
6/22/2018,Frank,3,PBS,P.rett,0.001,3,2,1,FALSE,24.4,29150
6/22/2018,Frank,3,PBS,P.rett,0.001,3,5,0,TRUE,24.4,29150
6/22/2018,Frank,3,PBS,P.rett,0.001,3,5,0,TRUE,24.4,29150
6/22/2018,Frank,3,PBS,P.rett,0.001,3,5,0,TRUE,24.4,29150
6/22/2018,Frank,3,PBS,P.rett,0.001,4,1,1,FALSE,24.4,29150
6/22/2018,Frank,3,PBS,P.rett,0.001,4,2,1,FALSE,24.4,29150
6/22/2018,Frank,3,PBS,P.rett,0.001,4,2,1,FALSE,24.4,29150
6/22/2018,Frank,3,PBS,P.rett,0.001,4,2,1,FALSE,24.4,29150
6/22/2018,Frank,3,PBS,P.rett,0.001,4,5,0,TRUE,24.4,29150
6/22/2018,Frank,3,PBS,P.rett,0.001,4,5,0,TRUE,24.4,29150
6/22/2018,Frank,3,PBS,P.rett,0.001,4,5,0,TRUE,24.4,29150
6/22/2018,Frank,3,PBS,P.rett,0.001,4,5,0,TRUE,24.4,29150
6/22/2018,Frank,3,PBS,P.rett,0.001,4,5,0,TRUE,24.4,29150
6/22/2018,Frank,3,PBS,P.rett,0.01,5,1,1,FALSE,261,118000
6/22/2018,Frank,3,PBS,P.rett,0.01,5,1,1,FALSE,261,118000
6/22/2018,Frank,3,PBS,P.rett,0.01,5,1,1,FALSE,261,118000
6/22/2018,Frank,3,PBS,P.rett,0.01,5,2,1,FALSE,261,118000
6/22/2018,Frank,3,PBS,P.rett,0.01,5,2,1,FALSE,261,118000
6/22/2018,Frank,3,PBS,P.rett,0.01,5,5,0,TRUE,261,118000
6/22/2018,Frank,3,PBS,P.rett,0.01,5,5,0,TRUE,261,118000
6/22/2018,Frank,3,PBS,P.rett,0.01,5,5,0,TRUE,261,118000
6/22/2018,Frank,3,PBS,P.rett,0.01,5,5,0,TRUE,261,118000
6/22/2018,Frank,3,PBS,P.rett,0.01,5,5,0,TRUE,261,118000
6/22/2018,Frank,3,PBS,P.rett,0.01,7,1,1,FALSE,261,118000
6/22/2018,Frank,3,PBS,P.rett,0.01,7,1,1,FALSE,261,118000
6/22/2018,Frank,3,PBS,P.rett,0.01,7,1,1,FALSE,261,118000
6/22/2018,Frank,3,PBS,P.rett,0.01,7,1,1,FALSE,261,118000
6/22/2018,Frank,3,PBS,P.rett,0.01,7,2,1,FALSE,261,118000
6/22/2018,Frank,3,PBS,P.rett,0.01,7,2,1,FALSE,261,118000
6/22/2018,Frank,3,PBS,P.rett,0.01,7,2,1,FALSE,261,118000
6/22/2018,Frank,3,PBS,P.rett,0.01,7,2,1,FALSE,261,118000
6/22/2018,Frank,3,PBS,P.rett,0.1,9,1,1,FALSE,1567.333333,1322500
6/22/2018,Frank,3,PBS,P.rett,0.1,9,1,1,FALSE,1567.333333,1322500
6/22/2018,Frank,3,PBS,P.rett,0.1,9,1,1,FALSE,1567.333333,1322500
6/22/2018,Frank,3,PBS,P.rett,0.1,9,1,1,FALSE,1567.333333,1322500
6/22/2018,Frank,3,PBS,P.rett,0.1,9,1,1,FALSE,1567.333333,1322500
6/22/2018,Frank,3,PBS,P.rett,0.1,9,1,1,FALSE,1567.333333,1322500
6/22/2018,Frank,3,PBS,P.rett,0.1,9,1,1,FALSE,1567.333333,1322500
6/22/2018,Frank,3,PBS,P.rett,0.1,9,2,1,FALSE,1567.333333,1322500
6/22/2018,Frank,3,PBS,P.rett,0.1,9,5,0,TRUE,1567.333333,1322500
6/22/2018,Frank,3,PBS,P.rett,0.1,9,5,0,TRUE,1567.333333,1322500
6/22/2018,Frank,3,PBS,P.rett,0.1,10,1,1,FALSE,1567.333333,1322500
6/22/2018,Frank,3,PBS,P.rett,0.1,10,1,1,FALSE,1567.333333,1322500
6/22/2018,Frank,3,PBS,P.rett,0.1,10,1,1,FALSE,1567.333333,1322500
6/22/2018,Frank,3,PBS,P.rett,0.1,10,1,1,FALSE,1567.333333,1322500
6/22/2018,Frank,3,PBS,P.rett,0.1,10,1,1,FALSE,1567.333333,1322500
6/22/2018,Frank,3,PBS,P.rett,0.1,10,1,1,FALSE,1567.333333,1322500
6/22/2018,Frank,3,PBS,P.rett,0.1,10,1,1,FALSE,1567.333333,1322500
6/22/2018,Frank,3,PBS,P.rett,0.1,10,5,0,TRUE,1567.333333,1322500
6/22/2018,Frank,3,PBS,P.rett,0.1,10,5,0,TRUE,1567.333333,1322500
6/22/2018,Frank,3,PBS,P.rett,0.1,10,5,0,TRUE,1567.333333,1322500
6/22/2018,Frank,3,PBS,P.rett,0.1,11,1,1,FALSE,1567.333333,1322500
6/22/2018,Frank,3,PBS,P.rett,0.1,11,1,1,FALSE,1567.333333,1322500
6/22/2018,Frank,3,PBS,P.rett,0.1,11,1,1,FALSE,1567.333333,1322500
6/22/2018,Frank,3,PBS,P.rett,0.1,11,1,1,FALSE,1567.333333,1322500
6/22/2018,Frank,3,PBS,P.rett,0.1,11,1,1,FALSE,1567.333333,1322500
6/22/2018,Frank,3,PBS,P.rett,0.1,11,1,1,FALSE,1567.333333,1322500
6/22/2018,Frank,3,PBS,P.rett,0.1,11,2,1,FALSE,1567.333333,1322500
6/22/2018,Frank,3,PBS,P.rett,0.1,11,5,1,TRUE,1567.333333,1322500
6/22/2018,Frank,3,PBS,P.rett,0.1,11,5,0,TRUE,1567.333333,1322500
6/22/2018,Frank,3,PBS,P.rett,1,13,1,1,FALSE,6104.166667,6207500
6/22/2018,Frank,3,PBS,P.rett,1,13,1,1,FALSE,6104.166667,6207500
6/22/2018,Frank,3,PBS,P.rett,1,13,1,1,FALSE,6104.166667,6207500
6/22/2018,Frank,3,PBS,P.rett,1,13,1,1,FALSE,6104.166667,6207500
6/22/2018,Frank,3,PBS,P.rett,1,13,1,1,FALSE,6104.166667,6207500
6/22/2018,Frank,3,PBS,P.rett,1,13,1,1,FALSE,6104.166667,6207500
6/22/2018,Frank,3,PBS,P.rett,1,13,1,1,FALSE,6104.166667,6207500
6/22/2018,Frank,3,PBS,P.rett,1,13,1,1,FALSE,6104.166667,6207500
6/22/2018,Frank,3,PBS,P.rett,1,13,1,1,FALSE,6104.166667,6207500
6/22/2018,Frank,3,PBS,P.rett,1,13,1,1,FALSE,6104.166667,6207500
6/22/2018,Frank,3,PBS,P.rett,1,14,1,1,FALSE,6104.166667,6207500
6/22/2018,Frank,3,PBS,P.rett,1,14,1,1,FALSE,6104.166667,6207500
6/22/2018,Frank,3,PBS,P.rett,1,14,1,1,FALSE,6104.166667,6207500
6/22/2018,Frank,3,PBS,P.rett,1,14,1,1,FALSE,6104.166667,6207500
6/22/2018,Frank,3,PBS,P.rett,1,14,1,1,FALSE,6104.166667,6207500
6/22/2018,Frank,3,PBS,P.rett,1,14,1,1,FALSE,6104.166667,6207500
6/22/2018,Frank,3,PBS,P.rett,1,14,1,1,FALSE,6104.166667,6207500
6/22/2018,Frank,3,PBS,P.rett,1,14,1,1,FALSE,6104.166667,6207500
6/22/2018,Frank,3,PBS,P.rett,1,14,1,1,FALSE,6104.166667,6207500
6/22/2018,Frank,3,PBS,P.rett,1,14,1,1,FALSE,6104.166667,6207500
6/22/2018,Frank,3,PBS,P.rett,1,15,1,1,FALSE,6104.166667,6207500
6/22/2018,Frank,3,PBS,P.rett,1,15,1,1,FALSE,6104.166667,6207500
6/22/2018,Frank,3,PBS,P.rett,1,15,1,1,FALSE,6104.166667,6207500
6/22/2018,Frank,3,PBS,P.rett,1,15,1,1,FALSE,6104.166667,6207500
6/22/2018,Frank,3,PBS,P.rett,1,15,1,1,FALSE,6104.166667,6207500
6/22/2018,Frank,3,PBS,P.rett,1,15,1,1,FALSE,6104.166667,6207500
6/22/2018,Frank,3,PBS,P.rett,1,15,1,1,FALSE,6104.166667,6207500
6/22/2018,Frank,3,PBS,P.rett,1,15,1,1,FALSE,6104.166667,6207500
6/22/2018,Frank,3,PBS,P.rett,1,15,1,1,FALSE,6104.166667,6207500
6/22/2018,Frank,3,PBS,P.rett,1,15,1,1,FALSE,6104.166667,6207500
6/22/2018,Frank,3,E.fae,P.rett,0.001,17,1,1,FALSE,16.5,7400
6/22/2018,Frank,3,E.fae,P.rett,0.001,17,1,1,FALSE,16.5,7400
6/22/2018,Frank,3,E.fae,P.rett,0.001,17,2,1,FALSE,16.5,7400
6/22/2018,Frank,3,E.fae,P.rett,0.001,17,3,1,FALSE,16.5,7400
6/22/2018,Frank,3,E.fae,P.rett,0.001,17,5,0,TRUE,16.5,7400
6/22/2018,Frank,3,E.fae,P.rett,0.001,17,5,0,TRUE,16.5,7400
6/22/2018,Frank,3,E.fae,P.rett,0.001,17,5,0,TRUE,16.5,7400
6/22/2018,Frank,3,E.fae,P.rett,0.001,17,5,0,TRUE,16.5,7400
6/22/2018,Frank,3,E.fae,P.rett,0.001,17,5,0,TRUE,16.5,7400
6/22/2018,Frank,3,E.fae,P.rett,0.001,18,2,1,FALSE,16.5,7400
6/22/2018,Frank,3,E.fae,P.rett,0.001,18,2,1,FALSE,16.5,7400
6/22/2018,Frank,3,E.fae,P.rett,0.001,18,2,1,FALSE,16.5,7400
6/22/2018,Frank,3,E.fae,P.rett,0.001,18,2,1,FALSE,16.5,7400
6/22/2018,Frank,3,E.fae,P.rett,0.001,18,5,0,TRUE,16.5,7400
6/22/2018,Frank,3,E.fae,P.rett,0.001,18,5,0,TRUE,16.5,7400
6/22/2018,Frank,3,E.fae,P.rett,0.001,18,5,0,TRUE,16.5,7400
6/22/2018,Frank,3,E.fae,P.rett,0.001,18,5,0,TRUE,16.5,7400
6/22/2018,Frank,3,E.fae,P.rett,0.001,19,2,1,FALSE,16.5,7400
6/22/2018,Frank,3,E.fae,P.rett,0.001,19,5,0,TRUE,16.5,7400
6/22/2018,Frank,3,E.fae,P.rett,0.001,19,5,0,TRUE,16.5,7400
6/22/2018,Frank,3,E.fae,P.rett,0.001,19,5,0,TRUE,16.5,7400
6/22/2018,Frank,3,E.fae,P.rett,0.001,19,5,0,TRUE,16.5,7400
6/22/2018,Frank,3,E.fae,P.rett,0.001,19,5,0,TRUE,16.5,7400
6/22/2018,Frank,3,E.fae,P.rett,0.001,19,5,0,TRUE,16.5,7400
6/22/2018,Frank,3,E.fae,P.rett,0.001,19,5,0,TRUE,16.5,7400
6/22/2018,Frank,3,E.fae,P.rett,0.001,19,5,0,TRUE,16.5,7400
6/22/2018,Frank,3,E.fae,P.rett,0.001,20,2,1,FALSE,16.5,7400
6/22/2018,Frank,3,E.fae,P.rett,0.001,20,2,1,FALSE,16.5,7400
6/22/2018,Frank,3,E.fae,P.rett,0.001,20,5,0,TRUE,16.5,7400
6/22/2018,Frank,3,E.fae,P.rett,0.001,20,5,0,TRUE,16.5,7400
6/22/2018,Frank,3,E.fae,P.rett,0.001,20,5,0,TRUE,16.5,7400
6/22/2018,Frank,3,E.fae,P.rett,0.001,20,5,0,TRUE,16.5,7400
6/22/2018,Frank,3,E.fae,P.rett,0.001,20,5,0,TRUE,16.5,7400
6/22/2018,Frank,3,E.fae,P.rett,0.01,22,1,1,FALSE,261,98333.25
6/22/2018,Frank,3,E.fae,P.rett,0.01,22,1,1,FALSE,261,98333.25
6/22/2018,Frank,3,E.fae,P.rett,0.01,22,2,1,FALSE,261,98333.25
6/22/2018,Frank,3,E.fae,P.rett,0.01,22,2,1,FALSE,261,98333.25
6/22/2018,Frank,3,E.fae,P.rett,0.01,22,5,1,TRUE,261,98333.25
6/22/2018,Frank,3,E.fae,P.rett,0.01,22,5,0,TRUE,261,98333.25
6/22/2018,Frank,3,E.fae,P.rett,0.01,22,5,0,TRUE,261,98333.25
6/22/2018,Frank,3,E.fae,P.rett,0.01,22,5,0,TRUE,261,98333.25
6/22/2018,Frank,3,E.fae,P.rett,0.01,22,5,0,TRUE,261,98333.25
6/22/2018,Frank,3,E.fae,P.rett,0.01,23,2,1,FALSE,261,98333.25
6/22/2018,Frank,3,E.fae,P.rett,0.01,23,5,0,TRUE,261,98333.25
6/22/2018,Frank,3,E.fae,P.rett,0.01,23,5,0,TRUE,261,98333.25
6/22/2018,Frank,3,E.fae,P.rett,0.01,23,5,0,TRUE,261,98333.25
6/22/2018,Frank,3,E.fae,P.rett,0.01,23,5,0,TRUE,261,98333.25
6/22/2018,Frank,3,E.fae,P.rett,0.01,23,5,0,TRUE,261,98333.25
6/22/2018,Frank,3,E.fae,P.rett,0.01,23,5,0,TRUE,261,98333.25
6/22/2018,Frank,3,E.fae,P.rett,0.01,23,5,0,TRUE,261,98333.25
6/22/2018,Frank,3,E.fae,P.rett,0.01,23,5,0,TRUE,261,98333.25
6/22/2018,Frank,3,E.fae,P.rett,0.1,25,1,1,FALSE,1567.333333,958250
6/22/2018,Frank,3,E.fae,P.rett,0.1,25,1,1,FALSE,1567.333333,958250
6/22/2018,Frank,3,E.fae,P.rett,0.1,25,1,1,FALSE,1567.333333,958250
6/22/2018,Frank,3,E.fae,P.rett,0.1,25,2,1,FALSE,1567.333333,958250
6/22/2018,Frank,3,E.fae,P.rett,0.1,25,2,1,FALSE,1567.333333,958250
6/22/2018,Frank,3,E.fae,P.rett,0.1,25,5,0,TRUE,1567.333333,958250
6/22/2018,Frank,3,E.fae,P.rett,0.1,25,5,0,TRUE,1567.333333,958250
6/22/2018,Frank,3,E.fae,P.rett,0.1,25,5,0,TRUE,1567.333333,958250
6/22/2018,Frank,3,E.fae,P.rett,0.1,25,5,0,TRUE,1567.333333,958250
6/22/2018,Frank,3,E.fae,P.rett,0.1,26,1,1,FALSE,1567.333333,958250
6/22/2018,Frank,3,E.fae,P.rett,0.1,26,2,1,FALSE,1567.333333,958250
6/22/2018,Frank,3,E.fae,P.rett,0.1,26,3,1,FALSE,1567.333333,958250
6/22/2018,Frank,3,E.fae,P.rett,0.1,26,5,0,TRUE,1567.333333,958250
6/22/2018,Frank,3,E.fae,P.rett,0.1,26,5,0,TRUE,1567.333333,958250
6/22/2018,Frank,3,E.fae,P.rett,0.1,26,5,0,TRUE,1567.333333,958250
6/22/2018,Frank,3,E.fae,P.rett,0.1,26,5,0,TRUE,1567.333333,958250
6/22/2018,Frank,3,E.fae,P.rett,0.1,26,5,0,TRUE,1567.333333,958250
6/22/2018,Frank,3,E.fae,P.rett,0.1,26,5,0,TRUE,1567.333333,958250
6/22/2018,Frank,3,E.fae,P.rett,0.1,26,5,0,TRUE,1567.333333,958250
6/22/2018,Frank,3,E.fae,P.rett,1,27,1,1,FALSE,5488,1347250
6/22/2018,Frank,3,E.fae,P.rett,1,27,1,1,FALSE,5488,1347250
6/22/2018,Frank,3,E.fae,P.rett,1,27,1,1,FALSE,5488,1347250
6/22/2018,Frank,3,E.fae,P.rett,1,27,1,1,FALSE,5488,1347250
6/22/2018,Frank,3,E.fae,P.rett,1,27,1,1,FALSE,5488,1347250
6/22/2018,Frank,3,E.fae,P.rett,1,27,1,1,FALSE,5488,1347250
6/22/2018,Frank,3,E.fae,P.rett,1,27,1,1,FALSE,5488,1347250
6/22/2018,Frank,3,E.fae,P.rett,1,27,1,1,FALSE,5488,1347250
6/22/2018,Frank,3,E.fae,P.rett,1,27,5,0,TRUE,5488,1347250
6/22/2018,Frank,3,E.fae,P.rett,1,27,5,0,TRUE,5488,1347250
6/22/2018,Frank,3,E.fae,P.rett,1,28,1,1,FALSE,5488,1347250
6/22/2018,Frank,3,E.fae,P.rett,1,28,1,1,FALSE,5488,1347250
6/22/2018,Frank,3,E.fae,P.rett,1,28,1,1,FALSE,5488,1347250
6/22/2018,Frank,3,E.fae,P.rett,1,28,1,1,FALSE,5488,1347250
6/22/2018,Frank,3,E.fae,P.rett,1,28,1,1,FALSE,5488,1347250
6/22/2018,Frank,3,E.fae,P.rett,1,28,1,1,FALSE,5488,1347250
6/22/2018,Frank,3,E.fae,P.rett,1,28,1,1,FALSE,5488,1347250
6/22/2018,Frank,3,E.fae,P.rett,1,28,3,1,FALSE,5488,1347250
6/22/2018,Frank,3,E.fae,P.rett,1,28,3,1,FALSE,5488,1347250
6/22/2018,Frank,3,E.fae,P.rett,1,28,5,0,TRUE,5488,1347250
6/22/2018,Frank,3,E.fae,P.rett,1,30,1,1,FALSE,5488,1347250
6/22/2018,Frank,3,E.fae,P.rett,1,30,1,1,FALSE,5488,1347250
6/22/2018,Frank,3,E.fae,P.rett,1,30,1,1,FALSE,5488,1347250
6/22/2018,Frank,3,E.fae,P.rett,1,30,1,1,FALSE,5488,1347250
6/22/2018,Frank,3,E.fae,P.rett,1,30,1,1,FALSE,5488,1347250
6/22/2018,Frank,3,E.fae,P.rett,1,30,1,1,FALSE,5488,1347250
6/22/2018,Frank,3,E.fae,P.rett,1,30,1,1,FALSE,5488,1347250
6/22/2018,Frank,3,E.fae,P.rett,1,30,1,1,FALSE,5488,1347250
6/22/2018,Frank,3,E.fae,P.rett,1,30,1,1,FALSE,5488,1347250
6/25/2018,Frank,4,PBS,P.rett,0.001,2,1,1,FALSE,48.4,34385
6/25/2018,Frank,4,PBS,P.rett,0.001,2,1,1,FALSE,48.4,34385
6/25/2018,Frank,4,PBS,P.rett,0.001,2,1,1,FALSE,48.4,34385
6/25/2018,Frank,4,PBS,P.rett,0.001,2,1,1,FALSE,48.4,34385
6/25/2018,Frank,4,PBS,P.rett,0.001,2,2,1,FALSE,48.4,34385
6/25/2018,Frank,4,PBS,P.rett,0.001,2,2,1,FALSE,48.4,34385
6/25/2018,Frank,4,PBS,P.rett,0.001,2,5,0,TRUE,48.4,34385
6/25/2018,Frank,4,PBS,P.rett,0.001,2,5,0,TRUE,48.4,34385
6/25/2018,Frank,4,PBS,P.rett,0.001,3,1,1,FALSE,48.4,34385
6/25/2018,Frank,4,PBS,P.rett,0.001,3,1,1,FALSE,48.4,34385
6/25/2018,Frank,4,PBS,P.rett,0.001,3,1,1,FALSE,48.4,34385
6/25/2018,Frank,4,PBS,P.rett,0.001,3,1,1,FALSE,48.4,34385
6/25/2018,Frank,4,PBS,P.rett,0.001,3,1,1,FALSE,48.4,34385
6/25/2018,Frank,4,PBS,P.rett,0.001,3,2,1,FALSE,48.4,34385
6/25/2018,Frank,4,PBS,P.rett,0.001,3,5,0,TRUE,48.4,34385
6/25/2018,Frank,4,PBS,P.rett,0.001,3,5,0,TRUE,48.4,34385
6/25/2018,Frank,4,PBS,P.rett,0.001,4,1,1,FALSE,48.4,34385
6/25/2018,Frank,4,PBS,P.rett,0.001,4,1,1,FALSE,48.4,34385
6/25/2018,Frank,4,PBS,P.rett,0.001,4,1,1,FALSE,48.4,34385
6/25/2018,Frank,4,PBS,P.rett,0.001,4,1,1,FALSE,48.4,34385
6/25/2018,Frank,4,PBS,P.rett,0.001,4,1,1,FALSE,48.4,34385
6/25/2018,Frank,4,PBS,P.rett,0.001,4,1,1,FALSE,48.4,34385
6/25/2018,Frank,4,PBS,P.rett,0.001,4,5,0,TRUE,48.4,34385
6/25/2018,Frank,4,PBS,P.rett,0.001,4,5,0,TRUE,48.4,34385
6/25/2018,Frank,4,PBS,P.rett,0.001,4,5,0,TRUE,48.4,34385
6/25/2018,Frank,4,PBS,P.rett,0.01,6,1,1,FALSE,235,442000
6/25/2018,Frank,4,PBS,P.rett,0.01,6,1,1,FALSE,235,442000
6/25/2018,Frank,4,PBS,P.rett,0.01,6,1,1,FALSE,235,442000
6/25/2018,Frank,4,PBS,P.rett,0.01,6,1,1,FALSE,235,442000
6/25/2018,Frank,4,PBS,P.rett,0.01,6,2,1,FALSE,235,442000
6/25/2018,Frank,4,PBS,P.rett,0.01,6,5,0,TRUE,235,442000
6/25/2018,Frank,4,PBS,P.rett,0.01,6,5,0,TRUE,235,442000
6/25/2018,Frank,4,PBS,P.rett,0.01,6,5,0,TRUE,235,442000
6/25/2018,Frank,4,PBS,P.rett,0.01,7,1,1,FALSE,235,442000
6/25/2018,Frank,4,PBS,P.rett,0.01,7,1,1,FALSE,235,442000
6/25/2018,Frank,4,PBS,P.rett,0.01,7,1,1,FALSE,235,442000
6/25/2018,Frank,4,PBS,P.rett,0.01,7,1,1,FALSE,235,442000
6/25/2018,Frank,4,PBS,P.rett,0.01,7,1,1,FALSE,235,442000
6/25/2018,Frank,4,PBS,P.rett,0.01,7,1,1,FALSE,235,442000
6/25/2018,Frank,4,PBS,P.rett,0.01,7,5,0,TRUE,235,442000
6/25/2018,Frank,4,PBS,P.rett,0.01,7,5,0,TRUE,235,442000
6/25/2018,Frank,4,PBS,P.rett,0.01,7,5,0,TRUE,235,442000
6/25/2018,Frank,4,PBS,P.rett,0.01,8,1,1,FALSE,235,442000
6/25/2018,Frank,4,PBS,P.rett,0.01,8,1,1,FALSE,235,442000
6/25/2018,Frank,4,PBS,P.rett,0.01,8,1,1,FALSE,235,442000
6/25/2018,Frank,4,PBS,P.rett,0.01,8,1,1,FALSE,235,442000
6/25/2018,Frank,4,PBS,P.rett,0.01,8,1,1,FALSE,235,442000
6/25/2018,Frank,4,PBS,P.rett,0.01,8,1,1,FALSE,235,442000
6/25/2018,Frank,4,PBS,P.rett,0.01,8,1,1,FALSE,235,442000
6/25/2018,Frank,4,PBS,P.rett,0.01,8,5,1,TRUE,235,442000
6/25/2018,Frank,4,PBS,P.rett,0.01,8,5,1,TRUE,235,442000
6/25/2018,Frank,4,PBS,P.rett,0.01,8,5,1,TRUE,235,442000
6/25/2018,Frank,4,PBS,P.rett,0.1,10,1,1,FALSE,2202.333333,4126666.667
6/25/2018,Frank,4,PBS,P.rett,0.1,10,1,1,FALSE,2202.333333,4126666.667
6/25/2018,Frank,4,PBS,P.rett,0.1,10,1,1,FALSE,2202.333333,4126666.667
6/25/2018,Frank,4,PBS,P.rett,0.1,10,1,1,FALSE,2202.333333,4126666.667
6/25/2018,Frank,4,PBS,P.rett,0.1,10,1,1,FALSE,2202.333333,4126666.667
6/25/2018,Frank,4,PBS,P.rett,0.1,10,1,1,FALSE,2202.333333,4126666.667
6/25/2018,Frank,4,PBS,P.rett,0.1,10,2,1,FALSE,2202.333333,4126666.667
6/25/2018,Frank,4,PBS,P.rett,0.1,10,5,0,TRUE,2202.333333,4126666.667
6/25/2018,Frank,4,PBS,P.rett,0.1,10,5,0,TRUE,2202.333333,4126666.667
6/25/2018,Frank,4,PBS,P.rett,0.1,11,1,1,FALSE,2202.333333,4126666.667
6/25/2018,Frank,4,PBS,P.rett,0.1,11,1,1,FALSE,2202.333333,4126666.667
6/25/2018,Frank,4,PBS,P.rett,0.1,11,1,1,FALSE,2202.333333,4126666.667
6/25/2018,Frank,4,PBS,P.rett,0.1,11,1,1,FALSE,2202.333333,4126666.667
6/25/2018,Frank,4,PBS,P.rett,0.1,11,1,1,FALSE,2202.333333,4126666.667
6/25/2018,Frank,4,PBS,P.rett,0.1,11,1,1,FALSE,2202.333333,4126666.667
6/25/2018,Frank,4,PBS,P.rett,0.1,11,2,1,FALSE,2202.333333,4126666.667
6/25/2018,Frank,4,PBS,P.rett,0.1,11,5,0,TRUE,2202.333333,4126666.667
6/25/2018,Frank,4,PBS,P.rett,0.1,11,5,0,TRUE,2202.333333,4126666.667
6/25/2018,Frank,4,PBS,P.rett,0.1,11,5,0,TRUE,2202.333333,4126666.667
6/25/2018,Frank,4,PBS,P.rett,0.1,12,1,1,FALSE,2202.333333,4126666.667
6/25/2018,Frank,4,PBS,P.rett,0.1,12,1,1,FALSE,2202.333333,4126666.667
6/25/2018,Frank,4,PBS,P.rett,0.1,12,1,1,FALSE,2202.333333,4126666.667
6/25/2018,Frank,4,PBS,P.rett,0.1,12,1,1,FALSE,2202.333333,4126666.667
6/25/2018,Frank,4,PBS,P.rett,0.1,12,1,1,FALSE,2202.333333,4126666.667
6/25/2018,Frank,4,PBS,P.rett,0.1,12,1,1,FALSE,2202.333333,4126666.667
6/25/2018,Frank,4,PBS,P.rett,0.1,12,1,1,FALSE,2202.333333,4126666.667
6/25/2018,Frank,4,PBS,P.rett,0.1,12,5,0,TRUE,2202.333333,4126666.667
6/25/2018,Frank,4,PBS,P.rett,0.1,12,5,0,TRUE,2202.333333,4126666.667
6/25/2018,Frank,4,PBS,P.rett,0.1,12,5,0,TRUE,2202.333333,4126666.667
6/25/2018,Frank,4,PBS,P.rett,1,13,1,1,FALSE,6521.166667,7350000
6/25/2018,Frank,4,PBS,P.rett,1,13,1,1,FALSE,6521.166667,7350000
6/25/2018,Frank,4,PBS,P.rett,1,13,1,1,FALSE,6521.166667,7350000
6/25/2018,Frank,4,PBS,P.rett,1,13,1,1,FALSE,6521.166667,7350000
6/25/2018,Frank,4,PBS,P.rett,1,13,1,1,FALSE,6521.166667,7350000
6/25/2018,Frank,4,PBS,P.rett,1,13,1,1,FALSE,6521.166667,7350000
6/25/2018,Frank,4,PBS,P.rett,1,13,1,1,FALSE,6521.166667,7350000
6/25/2018,Frank,4,PBS,P.rett,1,13,1,1,FALSE,6521.166667,7350000
6/25/2018,Frank,4,PBS,P.rett,1,13,1,1,FALSE,6521.166667,7350000
6/25/2018,Frank,4,PBS,P.rett,1,13,5,0,TRUE,6521.166667,7350000
6/25/2018,Frank,4,PBS,P.rett,1,14,1,1,FALSE,6521.166667,7350000
6/25/2018,Frank,4,PBS,P.rett,1,14,1,1,FALSE,6521.166667,7350000
6/25/2018,Frank,4,PBS,P.rett,1,14,1,1,FALSE,6521.166667,7350000
6/25/2018,Frank,4,PBS,P.rett,1,14,1,1,FALSE,6521.166667,7350000
6/25/2018,Frank,4,PBS,P.rett,1,14,1,1,FALSE,6521.166667,7350000
6/25/2018,Frank,4,PBS,P.rett,1,14,1,1,FALSE,6521.166667,7350000
6/25/2018,Frank,4,PBS,P.rett,1,14,1,1,FALSE,6521.166667,7350000
6/25/2018,Frank,4,PBS,P.rett,1,14,1,1,FALSE,6521.166667,7350000
6/25/2018,Frank,4,PBS,P.rett,1,14,1,1,FALSE,6521.166667,7350000
6/25/2018,Frank,4,PBS,P.rett,1,14,1,1,FALSE,6521.166667,7350000
6/25/2018,Frank,4,PBS,P.rett,1,16,1,1,FALSE,6521.166667,7350000
6/25/2018,Frank,4,PBS,P.rett,1,16,1,1,FALSE,6521.166667,7350000
6/25/2018,Frank,4,PBS,P.rett,1,16,1,1,FALSE,6521.166667,7350000
6/25/2018,Frank,4,PBS,P.rett,1,16,1,1,FALSE,6521.166667,7350000
6/25/2018,Frank,4,PBS,P.rett,1,16,1,1,FALSE,6521.166667,7350000
6/25/2018,Frank,4,PBS,P.rett,1,16,1,1,FALSE,6521.166667,7350000
6/25/2018,Frank,4,PBS,P.rett,1,16,1,1,FALSE,6521.166667,7350000
6/25/2018,Frank,4,PBS,P.rett,1,16,1,1,FALSE,6521.166667,7350000
6/25/2018,Frank,4,PBS,P.rett,1,16,1,1,FALSE,6521.166667,7350000
6/25/2018,Frank,4,PBS,P.rett,1,17,1,1,FALSE,6521.166667,7350000
6/25/2018,Frank,4,PBS,P.rett,1,17,1,1,FALSE,6521.166667,7350000
6/25/2018,Frank,4,PBS,P.rett,1,17,1,1,FALSE,6521.166667,7350000
6/25/2018,Frank,4,PBS,P.rett,1,17,1,1,FALSE,6521.166667,7350000
6/25/2018,Frank,4,PBS,P.rett,1,17,1,1,FALSE,6521.166667,7350000
6/25/2018,Frank,4,PBS,P.rett,1,17,1,1,FALSE,6521.166667,7350000
6/25/2018,Frank,4,PBS,P.rett,1,17,1,1,FALSE,6521.166667,7350000
6/25/2018,Frank,4,PBS,P.rett,1,17,1,1,FALSE,6521.166667,7350000
6/25/2018,Frank,4,E.fae,P.rett,0.001,19,1,1,FALSE,48.4,46440.5
6/25/2018,Frank,4,E.fae,P.rett,0.001,19,1,1,FALSE,48.4,46440.5
6/25/2018,Frank,4,E.fae,P.rett,0.001,19,1,1,FALSE,48.4,46440.5
6/25/2018,Frank,4,E.fae,P.rett,0.001,19,2,1,FALSE,48.4,46440.5
6/25/2018,Frank,4,E.fae,P.rett,0.001,19,2,1,FALSE,48.4,46440.5
6/25/2018,Frank,4,E.fae,P.rett,0.001,19,5,0,TRUE,48.4,46440.5
6/25/2018,Frank,4,E.fae,P.rett,0.001,19,5,0,TRUE,48.4,46440.5
6/25/2018,Frank,4,E.fae,P.rett,0.001,20,1,1,FALSE,48.4,46440.5
6/25/2018,Frank,4,E.fae,P.rett,0.001,20,1,1,FALSE,48.4,46440.5
6/25/2018,Frank,4,E.fae,P.rett,0.001,20,1,1,FALSE,48.4,46440.5
6/25/2018,Frank,4,E.fae,P.rett,0.001,20,5,0,TRUE,48.4,46440.5
6/25/2018,Frank,4,E.fae,P.rett,0.001,20,5,0,TRUE,48.4,46440.5
6/25/2018,Frank,4,E.fae,P.rett,0.001,20,5,0,TRUE,48.4,46440.5
6/25/2018,Frank,4,E.fae,P.rett,0.001,20,5,0,TRUE,48.4,46440.5
6/25/2018,Frank,4,E.fae,P.rett,0.001,20,5,0,TRUE,48.4,46440.5
6/25/2018,Frank,4,E.fae,P.rett,0.001,21,1,1,FALSE,48.4,46440.5
6/25/2018,Frank,4,E.fae,P.rett,0.001,21,1,1,FALSE,48.4,46440.5
6/25/2018,Frank,4,E.fae,P.rett,0.001,21,2,1,FALSE,48.4,46440.5
6/25/2018,Frank,4,E.fae,P.rett,0.001,21,5,0,TRUE,48.4,46440.5
6/25/2018,Frank,4,E.fae,P.rett,0.001,21,5,0,TRUE,48.4,46440.5
6/25/2018,Frank,4,E.fae,P.rett,0.001,21,5,0,TRUE,48.4,46440.5
6/25/2018,Frank,4,E.fae,P.rett,0.001,21,5,0,TRUE,48.4,46440.5
6/25/2018,Frank,4,E.fae,P.rett,0.001,21,5,0,TRUE,48.4,46440.5
6/25/2018,Frank,4,E.fae,P.rett,0.01,23,1,1,FALSE,235,68500
6/25/2018,Frank,4,E.fae,P.rett,0.01,23,5,0,TRUE,235,68500
6/25/2018,Frank,4,E.fae,P.rett,0.01,23,5,0,TRUE,235,68500
6/25/2018,Frank,4,E.fae,P.rett,0.01,23,5,0,TRUE,235,68500
6/25/2018,Frank,4,E.fae,P.rett,0.01,23,5,0,TRUE,235,68500
6/25/2018,Frank,4,E.fae,P.rett,0.01,23,5,0,TRUE,235,68500
6/25/2018,Frank,4,E.fae,P.rett,0.01,23,5,0,TRUE,235,68500
6/25/2018,Frank,4,E.fae,P.rett,0.01,23,5,0,TRUE,235,68500
6/25/2018,Frank,4,E.fae,P.rett,0.01,24,1,1,FALSE,235,68500
6/25/2018,Frank,4,E.fae,P.rett,0.01,24,1,1,FALSE,235,68500
6/25/2018,Frank,4,E.fae,P.rett,0.01,24,1,1,FALSE,235,68500
6/25/2018,Frank,4,E.fae,P.rett,0.01,24,3,1,FALSE,235,68500
6/25/2018,Frank,4,E.fae,P.rett,0.01,24,5,0,TRUE,235,68500
6/25/2018,Frank,4,E.fae,P.rett,0.01,24,5,0,TRUE,235,68500
6/25/2018,Frank,4,E.fae,P.rett,0.01,24,5,0,TRUE,235,68500
6/25/2018,Frank,4,E.fae,P.rett,0.1,26,1,1,FALSE,2202.333333,402000
6/25/2018,Frank,4,E.fae,P.rett,0.1,26,1,1,FALSE,2202.333333,402000
6/25/2018,Frank,4,E.fae,P.rett,0.1,26,1,1,FALSE,2202.333333,402000
6/25/2018,Frank,4,E.fae,P.rett,0.1,26,1,1,FALSE,2202.333333,402000
6/25/2018,Frank,4,E.fae,P.rett,0.1,26,1,1,FALSE,2202.333333,402000
6/25/2018,Frank,4,E.fae,P.rett,0.1,26,1,1,FALSE,2202.333333,402000
6/25/2018,Frank,4,E.fae,P.rett,0.1,26,1,1,FALSE,2202.333333,402000
6/25/2018,Frank,4,E.fae,P.rett,0.1,26,3,1,FALSE,2202.333333,402000
6/25/2018,Frank,4,E.fae,P.rett,0.1,26,5,0,TRUE,2202.333333,402000
6/25/2018,Frank,4,E.fae,P.rett,0.1,27,1,1,FALSE,2202.333333,402000
6/25/2018,Frank,4,E.fae,P.rett,0.1,27,1,1,FALSE,2202.333333,402000
6/25/2018,Frank,4,E.fae,P.rett,0.1,27,1,1,FALSE,2202.333333,402000
6/25/2018,Frank,4,E.fae,P.rett,0.1,27,1,1,FALSE,2202.333333,402000
6/25/2018,Frank,4,E.fae,P.rett,0.1,27,1,1,FALSE,2202.333333,402000
6/25/2018,Frank,4,E.fae,P.rett,0.1,27,1,1,FALSE,2202.333333,402000
6/25/2018,Frank,4,E.fae,P.rett,0.1,27,1,1,FALSE,2202.333333,402000
6/25/2018,Frank,4,E.fae,P.rett,0.1,27,3,1,FALSE,2202.333333,402000
6/25/2018,Frank,4,E.fae,P.rett,0.1,27,5,0,TRUE,2202.333333,402000
6/25/2018,Frank,4,E.fae,P.rett,0.1,28,1,1,FALSE,2202.333333,402000
6/25/2018,Frank,4,E.fae,P.rett,0.1,28,3,1,FALSE,2202.333333,402000
6/25/2018,Frank,4,E.fae,P.rett,0.1,28,5,0,TRUE,2202.333333,402000
6/25/2018,Frank,4,E.fae,P.rett,0.1,28,5,0,TRUE,2202.333333,402000
6/25/2018,Frank,4,E.fae,P.rett,0.1,28,5,0,TRUE,2202.333333,402000
6/25/2018,Frank,4,E.fae,P.rett,0.1,28,5,0,TRUE,2202.333333,402000
6/25/2018,Frank,4,E.fae,P.rett,0.1,28,5,0,TRUE,2202.333333,402000
6/25/2018,Frank,4,E.fae,P.rett,1,31,1,1,FALSE,6521.166667,7620000
6/25/2018,Frank,4,E.fae,P.rett,1,31,1,1,FALSE,6521.166667,7620000
6/25/2018,Frank,4,E.fae,P.rett,1,31,1,1,FALSE,6521.166667,7620000
6/25/2018,Frank,4,E.fae,P.rett,1,31,1,1,FALSE,6521.166667,7620000
6/25/2018,Frank,4,E.fae,P.rett,1,31,1,1,FALSE,6521.166667,7620000
6/25/2018,Frank,4,E.fae,P.rett,1,31,1,1,FALSE,6521.166667,7620000
6/25/2018,Frank,4,E.fae,P.rett,1,31,1,1,FALSE,6521.166667,7620000
6/25/2018,Frank,4,E.fae,P.rett,1,31,1,1,FALSE,6521.166667,7620000
6/25/2018,Frank,4,E.fae,P.rett,1,31,1,1,FALSE,6521.166667,7620000
6/25/2018,Frank,4,E.fae,P.rett,1,31,1,1,FALSE,6521.166667,7620000
6/25/2018,Frank,4,E.fae,P.rett,1,33,1,1,FALSE,6521.166667,7620000
6/25/2018,Frank,4,E.fae,P.rett,1,33,1,1,FALSE,6521.166667,7620000
6/25/2018,Frank,4,E.fae,P.rett,1,33,1,1,FALSE,6521.166667,7620000
6/25/2018,Frank,4,E.fae,P.rett,1,33,1,1,FALSE,6521.166667,7620000
6/25/2018,Frank,4,E.fae,P.rett,1,33,1,1,FALSE,6521.166667,7620000
6/25/2018,Frank,4,E.fae,P.rett,1,33,1,1,FALSE,6521.166667,7620000
6/25/2018,Frank,4,E.fae,P.rett,1,33,1,1,FALSE,6521.166667,7620000
6/25/2018,Frank,4,E.fae,P.rett,1,33,1,1,FALSE,6521.166667,7620000
6/25/2018,Frank,4,E.fae,P.rett,1,33,5,0,TRUE,6521.166667,7620000
7/19/2018,Frank,10-Sep,PBS,P.rett,0.001,2,2,1,FALSE,32.5,3066.75
7/19/2018,Frank,10-Sep,PBS,P.rett,0.001,2,2,1,FALSE,32.5,3066.75
7/19/2018,Frank,10-Sep,PBS,P.rett,0.001,2,2,1,FALSE,32.5,3066.75
7/19/2018,Frank,10-Sep,PBS,P.rett,0.001,2,3,0,TRUE,32.5,3066.75
7/19/2018,Frank,10-Sep,PBS,P.rett,0.001,2,3,0,TRUE,32.5,3066.75
7/19/2018,Frank,10-Sep,PBS,P.rett,0.001,2,3,0,TRUE,32.5,3066.75
7/19/2018,Frank,10-Sep,PBS,P.rett,0.001,2,3,0,TRUE,32.5,3066.75
7/19/2018,Frank,10-Sep,PBS,P.rett,0.001,2,3,0,TRUE,32.5,3066.75
7/19/2018,Frank,10-Sep,PBS,P.rett,0.001,2,3,0,TRUE,32.5,3066.75
7/19/2018,Frank,10-Sep,PBS,P.rett,0.01,4,2,1,FALSE,242.5,20100
7/19/2018,Frank,10-Sep,PBS,P.rett,0.01,4,2,1,FALSE,242.5,20100
7/19/2018,Frank,10-Sep,PBS,P.rett,0.01,4,2,1,FALSE,242.5,20100
7/19/2018,Frank,10-Sep,PBS,P.rett,0.01,4,2,1,FALSE,242.5,20100
7/19/2018,Frank,10-Sep,PBS,P.rett,0.01,4,2,1,FALSE,242.5,20100
7/19/2018,Frank,10-Sep,PBS,P.rett,0.01,4,3,0,TRUE,242.5,20100
7/19/2018,Frank,10-Sep,PBS,P.rett,0.01,4,3,0,TRUE,242.5,20100
7/19/2018,Frank,10-Sep,PBS,P.rett,0.01,4,3,0,TRUE,242.5,20100
7/19/2018,Frank,10-Sep,PBS,P.rett,0.01,4,3,0,TRUE,242.5,20100
7/19/2018,Frank,10-Sep,PBS,P.rett,0.01,5,2,1,FALSE,242.5,20100
7/19/2018,Frank,10-Sep,PBS,P.rett,0.01,5,2,1,FALSE,242.5,20100
7/19/2018,Frank,10-Sep,PBS,P.rett,0.01,5,2,1,FALSE,242.5,20100
7/19/2018,Frank,10-Sep,PBS,P.rett,0.01,5,2,1,FALSE,242.5,20100
7/19/2018,Frank,10-Sep,PBS,P.rett,0.01,5,2,1,FALSE,242.5,20100
7/19/2018,Frank,10-Sep,PBS,P.rett,0.01,5,2,1,FALSE,242.5,20100
7/19/2018,Frank,10-Sep,PBS,P.rett,0.01,5,2,1,FALSE,242.5,20100
7/19/2018,Frank,10-Sep,PBS,P.rett,0.01,5,3,0,TRUE,242.5,20100
7/19/2018,Frank,10-Sep,PBS,P.rett,0.01,5,3,0,TRUE,242.5,20100
7/19/2018,Frank,10-Sep,PBS,P.rett,0.1,8,1,1,FALSE,2527.5,188500
7/19/2018,Frank,10-Sep,PBS,P.rett,0.1,8,1,1,FALSE,2527.5,188500
7/19/2018,Frank,10-Sep,PBS,P.rett,0.1,8,1,1,FALSE,2527.5,188500
7/19/2018,Frank,10-Sep,PBS,P.rett,0.1,8,2,1,FALSE,2527.5,188500
7/19/2018,Frank,10-Sep,PBS,P.rett,0.1,8,3,0,TRUE,2527.5,188500
7/19/2018,Frank,10-Sep,PBS,P.rett,0.1,8,3,0,TRUE,2527.5,188500
7/19/2018,Frank,10-Sep,PBS,P.rett,0.1,8,3,0,TRUE,2527.5,188500
7/19/2018,Frank,10-Sep,PBS,P.rett,0.1,8,3,0,TRUE,2527.5,188500
7/19/2018,Frank,10-Sep,PBS,P.rett,0.1,12,1,1,FALSE,2527.5,188500
7/19/2018,Frank,10-Sep,PBS,P.rett,0.1,12,1,1,FALSE,2527.5,188500
7/19/2018,Frank,10-Sep,PBS,P.rett,0.1,12,1,1,FALSE,2527.5,188500
7/19/2018,Frank,10-Sep,PBS,P.rett,0.1,12,1,1,FALSE,2527.5,188500
7/19/2018,Frank,10-Sep,PBS,P.rett,0.1,12,2,1,FALSE,2527.5,188500
7/19/2018,Frank,10-Sep,PBS,P.rett,0.1,12,3,0,TRUE,2527.5,188500
7/19/2018,Frank,10-Sep,PBS,P.rett,0.1,12,3,0,TRUE,2527.5,188500
7/19/2018,Frank,10-Sep,PBS,P.rett,0.1,12,3,0,TRUE,2527.5,188500
7/19/2018,Frank,10-Sep,PBS,P.rett,0.1,12,3,0,TRUE,2527.5,188500
7/19/2018,Frank,10-Sep,PBS,P.rett,0.1,12,3,0,TRUE,2527.5,188500
7/19/2018,Frank,10-Sep,PBS,P.rett,1,16,1,1,FALSE,10106.5,2187500
7/19/2018,Frank,10-Sep,PBS,P.rett,1,16,1,1,FALSE,10106.5,2187500
7/19/2018,Frank,10-Sep,PBS,P.rett,1,16,1,1,FALSE,10106.5,2187500
7/19/2018,Frank,10-Sep,PBS,P.rett,1,16,1,1,FALSE,10106.5,2187500
7/19/2018,Frank,10-Sep,PBS,P.rett,1,16,1,1,FALSE,10106.5,2187500
7/19/2018,Frank,10-Sep,PBS,P.rett,1,16,1,1,FALSE,10106.5,2187500
7/19/2018,Frank,10-Sep,PBS,P.rett,1,16,1,1,FALSE,10106.5,2187500
7/19/2018,Frank,10-Sep,PBS,P.rett,1,16,1,1,FALSE,10106.5,2187500
7/19/2018,Frank,10-Sep,PBS,P.rett,1,16,2,1,FALSE,10106.5,2187500
7/19/2018,Frank,10-Sep,PBS,P.rett,1,16,3,0,TRUE,10106.5,2187500
7/19/2018,Frank,10-Sep,E.fae,P.rett,0.001,18,3,1,FALSE,32.5,2660
7/19/2018,Frank,10-Sep,E.fae,P.rett,0.001,18,3,0,TRUE,32.5,2660
7/19/2018,Frank,10-Sep,E.fae,P.rett,0.001,18,3,0,TRUE,32.5,2660
7/19/2018,Frank,10-Sep,E.fae,P.rett,0.001,18,3,0,TRUE,32.5,2660
7/19/2018,Frank,10-Sep,E.fae,P.rett,0.001,18,3,0,TRUE,32.5,2660
7/19/2018,Frank,10-Sep,E.fae,P.rett,0.001,18,3,0,TRUE,32.5,2660
7/19/2018,Frank,10-Sep,E.fae,P.rett,0.001,20,2,1,FALSE,32.5,2660
7/19/2018,Frank,10-Sep,E.fae,P.rett,0.001,20,2,1,FALSE,32.5,2660
7/19/2018,Frank,10-Sep,E.fae,P.rett,0.001,20,2,1,FALSE,32.5,2660
7/19/2018,Frank,10-Sep,E.fae,P.rett,0.001,20,3,0,TRUE,32.5,2660
7/19/2018,Frank,10-Sep,E.fae,P.rett,0.001,20,3,0,TRUE,32.5,2660
7/19/2018,Frank,10-Sep,E.fae,P.rett,0.001,20,3,0,TRUE,32.5,2660
7/19/2018,Frank,10-Sep,E.fae,P.rett,0.001,20,3,0,TRUE,32.5,2660
7/19/2018,Frank,10-Sep,E.fae,P.rett,0.001,20,3,0,TRUE,32.5,2660
7/19/2018,Frank,10-Sep,E.fae,P.rett,0.001,20,3,0,TRUE,32.5,2660
7/19/2018,Frank,10-Sep,E.fae,P.rett,0.001,21,1,1,FALSE,32.5,2660
7/19/2018,Frank,10-Sep,E.fae,P.rett,0.001,21,2,1,FALSE,32.5,2660
7/19/2018,Frank,10-Sep,E.fae,P.rett,0.001,21,3,0,TRUE,32.5,2660
7/19/2018,Frank,10-Sep,E.fae,P.rett,0.001,21,3,0,TRUE,32.5,2660
7/19/2018,Frank,10-Sep,E.fae,P.rett,0.001,21,3,0,TRUE,32.5,2660
7/19/2018,Frank,10-Sep,E.fae,P.rett,0.001,21,3,0,TRUE,32.5,2660
7/19/2018,Frank,10-Sep,E.fae,P.rett,0.001,21,3,0,TRUE,32.5,2660
7/19/2018,Frank,10-Sep,E.fae,P.rett,0.001,21,3,0,TRUE,32.5,2660
7/19/2018,Frank,10-Sep,E.fae,P.rett,0.01,22,1,1,FALSE,242.5,11350
7/19/2018,Frank,10-Sep,E.fae,P.rett,0.01,22,2,1,FALSE,242.5,11350
7/19/2018,Frank,10-Sep,E.fae,P.rett,0.01,22,2,1,FALSE,242.5,11350
7/19/2018,Frank,10-Sep,E.fae,P.rett,0.01,22,2,1,FALSE,242.5,11350
7/19/2018,Frank,10-Sep,E.fae,P.rett,0.01,22,2,1,FALSE,242.5,11350
7/19/2018,Frank,10-Sep,E.fae,P.rett,0.01,22,3,0,TRUE,242.5,11350
7/19/2018,Frank,10-Sep,E.fae,P.rett,0.01,22,3,0,TRUE,242.5,11350
7/19/2018,Frank,10-Sep,E.fae,P.rett,0.01,22,3,0,TRUE,242.5,11350
7/19/2018,Frank,10-Sep,E.fae,P.rett,0.01,22,3,0,TRUE,242.5,11350
7/19/2018,Frank,10-Sep,E.fae,P.rett,0.01,22,3,0,TRUE,242.5,11350
7/19/2018,Frank,10-Sep,E.fae,P.rett,0.01,23,1,1,FALSE,242.5,11350
7/19/2018,Frank,10-Sep,E.fae,P.rett,0.01,23,1,1,FALSE,242.5,11350
7/19/2018,Frank,10-Sep,E.fae,P.rett,0.01,23,1,1,FALSE,242.5,11350
7/19/2018,Frank,10-Sep,E.fae,P.rett,0.01,23,2,1,FALSE,242.5,11350
7/19/2018,Frank,10-Sep,E.fae,P.rett,0.01,23,2,1,FALSE,242.5,11350
7/19/2018,Frank,10-Sep,E.fae,P.rett,0.01,23,2,1,FALSE,242.5,11350
7/19/2018,Frank,10-Sep,E.fae,P.rett,0.01,23,2,1,FALSE,242.5,11350
7/19/2018,Frank,10-Sep,E.fae,P.rett,0.01,23,3,0,TRUE,242.5,11350
7/19/2018,Frank,10-Sep,E.fae,P.rett,0.01,26,2,1,FALSE,242.5,11350
7/19/2018,Frank,10-Sep,E.fae,P.rett,0.01,26,2,1,FALSE,242.5,11350
7/19/2018,Frank,10-Sep,E.fae,P.rett,0.01,26,2,1,FALSE,242.5,11350
7/19/2018,Frank,10-Sep,E.fae,P.rett,0.01,26,3,1,FALSE,242.5,11350
7/19/2018,Frank,10-Sep,E.fae,P.rett,0.01,26,3,0,TRUE,242.5,11350
7/19/2018,Frank,10-Sep,E.fae,P.rett,0.01,26,3,0,TRUE,242.5,11350
7/19/2018,Frank,10-Sep,E.fae,P.rett,0.01,26,3,0,TRUE,242.5,11350
7/19/2018,Frank,10-Sep,E.fae,P.rett,0.01,26,3,0,TRUE,242.5,11350
7/19/2018,Frank,10-Sep,E.fae,P.rett,0.01,26,3,0,TRUE,242.5,11350
7/19/2018,Frank,10-Sep,E.fae,P.rett,0.1,27,2,1,FALSE,2527.5,270000
7/19/2018,Frank,10-Sep,E.fae,P.rett,0.1,27,2,1,FALSE,2527.5,270000
7/19/2018,Frank,10-Sep,E.fae,P.rett,0.1,27,3,1,FALSE,2527.5,270000
7/19/2018,Frank,10-Sep,E.fae,P.rett,0.1,27,3,0,TRUE,2527.5,270000
7/19/2018,Frank,10-Sep,E.fae,P.rett,0.1,27,3,0,TRUE,2527.5,270000
7/19/2018,Frank,10-Sep,E.fae,P.rett,0.1,27,3,0,TRUE,2527.5,270000
7/19/2018,Frank,10-Sep,E.fae,P.rett,0.1,27,3,0,TRUE,2527.5,270000
7/19/2018,Frank,10-Sep,E.fae,P.rett,0.1,27,3,0,TRUE,2527.5,270000
7/19/2018,Frank,10-Sep,E.fae,P.rett,0.1,29,2,1,FALSE,2527.5,270000
7/19/2018,Frank,10-Sep,E.fae,P.rett,0.1,29,2,1,FALSE,2527.5,270000
7/19/2018,Frank,10-Sep,E.fae,P.rett,0.1,29,2,1,FALSE,2527.5,270000
7/19/2018,Frank,10-Sep,E.fae,P.rett,0.1,29,2,1,FALSE,2527.5,270000
7/19/2018,Frank,10-Sep,E.fae,P.rett,0.1,29,2,1,FALSE,2527.5,270000
7/19/2018,Frank,10-Sep,E.fae,P.rett,0.1,29,2,1,FALSE,2527.5,270000
7/19/2018,Frank,10-Sep,E.fae,P.rett,0.1,29,3,0,TRUE,2527.5,270000
7/19/2018,Frank,10-Sep,E.fae,P.rett,0.1,29,3,0,TRUE,2527.5,270000
7/19/2018,Frank,10-Sep,E.fae,P.rett,1,31,1,1,FALSE,10821,2473333.333
7/19/2018,Frank,10-Sep,E.fae,P.rett,1,31,1,1,FALSE,10821,2473333.333
7/19/2018,Frank,10-Sep,E.fae,P.rett,1,31,1,1,FALSE,10821,2473333.333
7/19/2018,Frank,10-Sep,E.fae,P.rett,1,31,1,1,FALSE,10821,2473333.333
7/19/2018,Frank,10-Sep,E.fae,P.rett,1,31,1,1,FALSE,10821,2473333.333
7/19/2018,Frank,10-Sep,E.fae,P.rett,1,31,1,1,FALSE,10821,2473333.333
7/19/2018,Frank,10-Sep,E.fae,P.rett,1,31,2,1,FALSE,10821,2473333.333
7/19/2018,Frank,10-Sep,E.fae,P.rett,1,31,2,1,FALSE,10821,2473333.333
7/19/2018,Frank,10-Sep,E.fae,P.rett,1,31,2,1,FALSE,10821,2473333.333
7/19/2018,Frank,10-Sep,E.fae,P.rett,1,31,2,1,FALSE,10821,2473333.333
7/19/2018,Frank,10-Sep,E.fae,P.rett,1,32,1,1,FALSE,10821,2473333.333
7/19/2018,Frank,10-Sep,E.fae,P.rett,1,32,1,1,FALSE,10821,2473333.333
7/19/2018,Frank,10-Sep,E.fae,P.rett,1,32,1,1,FALSE,10821,2473333.333
7/19/2018,Frank,10-Sep,E.fae,P.rett,1,32,1,1,FALSE,10821,2473333.333
7/19/2018,Frank,10-Sep,E.fae,P.rett,1,32,1,1,FALSE,10821,2473333.333
7/19/2018,Frank,10-Sep,E.fae,P.rett,1,32,2,1,FALSE,10821,2473333.333
7/19/2018,Frank,10-Sep,E.fae,P.rett,1,32,2,1,FALSE,10821,2473333.333
7/23/2018,Frank,10,PBS,P.rett,0.001,1,2,1,FALSE,NA,NA
7/23/2018,Frank,10,PBS,P.rett,0.001,1,3,0,TRUE,NA,NA
7/23/2018,Frank,10,PBS,P.rett,0.001,1,3,0,TRUE,NA,NA
7/23/2018,Frank,10,PBS,P.rett,0.001,1,3,0,TRUE,NA,NA
7/23/2018,Frank,10,PBS,P.rett,0.001,1,3,0,TRUE,NA,NA
7/23/2018,Frank,10,PBS,P.rett,0.001,1,3,0,TRUE,NA,NA
7/23/2018,Frank,10,PBS,P.rett,0.001,1,3,0,TRUE,NA,NA
7/23/2018,Frank,10,PBS,P.rett,0.001,1,3,0,TRUE,NA,NA
7/23/2018,Frank,10,PBS,P.rett,0.001,1,3,0,TRUE,NA,NA
7/23/2018,Frank,10,PBS,P.rett,0.001,4,2,1,FALSE,NA,NA
7/23/2018,Frank,10,PBS,P.rett,0.001,4,2,1,FALSE,NA,NA
7/23/2018,Frank,10,PBS,P.rett,0.001,4,2,1,FALSE,NA,NA
7/23/2018,Frank,10,PBS,P.rett,0.001,4,3,0,TRUE,NA,NA
7/23/2018,Frank,10,PBS,P.rett,0.001,4,3,0,TRUE,NA,NA
7/23/2018,Frank,10,PBS,P.rett,0.001,4,3,0,TRUE,NA,NA
7/23/2018,Frank,10,PBS,P.rett,0.001,4,3,0,TRUE,NA,NA
7/23/2018,Frank,10,PBS,P.rett,0.001,4,3,0,TRUE,NA,NA
7/23/2018,Frank,10,PBS,P.rett,0.001,4,3,0,TRUE,NA,NA
7/23/2018,Frank,10,PBS,P.rett,0.01,6,1,1,FALSE,NA,NA
7/23/2018,Frank,10,PBS,P.rett,0.01,6,1,1,FALSE,NA,NA
7/23/2018,Frank,10,PBS,P.rett,0.01,6,2,1,FALSE,NA,NA
7/23/2018,Frank,10,PBS,P.rett,0.01,6,2,1,FALSE,NA,NA
7/23/2018,Frank,10,PBS,P.rett,0.01,6,2,1,FALSE,NA,NA
7/23/2018,Frank,10,PBS,P.rett,0.01,6,3,0,TRUE,NA,NA
7/23/2018,Frank,10,PBS,P.rett,0.01,6,3,0,TRUE,NA,NA
7/23/2018,Frank,10,PBS,P.rett,0.01,6,3,0,TRUE,NA,NA
7/23/2018,Frank,10,PBS,P.rett,0.01,6,3,0,TRUE,NA,NA
7/23/2018,Frank,10,PBS,P.rett,0.01,6,3,0,TRUE,NA,NA
7/23/2018,Frank,10,PBS,P.rett,0.01,7,1,1,FALSE,NA,NA
7/23/2018,Frank,10,PBS,P.rett,0.01,7,2,1,FALSE,NA,NA
7/23/2018,Frank,10,PBS,P.rett,0.01,7,2,1,FALSE,NA,NA
7/23/2018,Frank,10,PBS,P.rett,0.01,7,2,1,FALSE,NA,NA
7/23/2018,Frank,10,PBS,P.rett,0.01,7,2,1,FALSE,NA,NA
7/23/2018,Frank,10,PBS,P.rett,0.01,7,2,1,FALSE,NA,NA
7/23/2018,Frank,10,PBS,P.rett,0.01,7,3,0,TRUE,NA,NA
7/23/2018,Frank,10,PBS,P.rett,0.01,7,3,0,TRUE,NA,NA
7/23/2018,Frank,10,PBS,P.rett,0.01,7,3,0,TRUE,NA,NA
7/23/2018,Frank,10,PBS,P.rett,0.01,7,3,0,TRUE,NA,NA
7/23/2018,Frank,10,PBS,P.rett,0.1,8,1,1,FALSE,NA,NA
7/23/2018,Frank,10,PBS,P.rett,0.1,8,2,1,FALSE,NA,NA
7/23/2018,Frank,10,PBS,P.rett,0.1,8,2,1,FALSE,NA,NA
7/23/2018,Frank,10,PBS,P.rett,0.1,8,2,1,FALSE,NA,NA
7/23/2018,Frank,10,PBS,P.rett,0.1,8,2,1,FALSE,NA,NA
7/23/2018,Frank,10,PBS,P.rett,0.1,8,2,1,FALSE,NA,NA
7/23/2018,Frank,10,PBS,P.rett,0.1,8,2,1,FALSE,NA,NA
7/23/2018,Frank,10,PBS,P.rett,0.1,8,2,1,FALSE,NA,NA
7/23/2018,Frank,10,PBS,P.rett,0.1,8,3,0,TRUE,NA,NA
7/23/2018,Frank,10,PBS,P.rett,0.1,8,3,0,TRUE,NA,NA
7/23/2018,Frank,10,PBS,P.rett,0.1,10,1,1,FALSE,NA,NA
7/23/2018,Frank,10,PBS,P.rett,0.1,10,1,1,FALSE,NA,NA
7/23/2018,Frank,10,PBS,P.rett,0.1,10,2,1,FALSE,NA,NA
7/23/2018,Frank,10,PBS,P.rett,0.1,10,2,1,FALSE,NA,NA
7/23/2018,Frank,10,PBS,P.rett,0.1,10,2,1,FALSE,NA,NA
7/23/2018,Frank,10,PBS,P.rett,0.1,10,2,1,FALSE,NA,NA
7/23/2018,Frank,10,PBS,P.rett,0.1,10,3,0,TRUE,NA,NA
7/23/2018,Frank,10,PBS,P.rett,0.1,10,3,0,TRUE,NA,NA
7/23/2018,Frank,10,PBS,P.rett,0.1,10,3,0,TRUE,NA,NA
7/23/2018,Frank,10,PBS,P.rett,1,11,1,1,FALSE,NA,NA
7/23/2018,Frank,10,PBS,P.rett,1,11,1,1,FALSE,NA,NA
7/23/2018,Frank,10,PBS,P.rett,1,11,1,1,FALSE,NA,NA
7/23/2018,Frank,10,PBS,P.rett,1,11,1,1,FALSE,NA,NA
7/23/2018,Frank,10,PBS,P.rett,1,11,1,1,FALSE,NA,NA
7/23/2018,Frank,10,PBS,P.rett,1,11,1,1,FALSE,NA,NA
7/23/2018,Frank,10,PBS,P.rett,1,11,1,1,FALSE,NA,NA
7/23/2018,Frank,10,PBS,P.rett,1,11,1,1,FALSE,NA,NA
7/23/2018,Frank,10,PBS,P.rett,1,11,2,1,FALSE,NA,NA
7/23/2018,Frank,10,PBS,P.rett,1,11,2,1,FALSE,NA,NA
7/23/2018,Frank,10,PBS,P.rett,1,13,1,1,FALSE,NA,NA
7/23/2018,Frank,10,PBS,P.rett,1,13,1,1,FALSE,NA,NA
7/23/2018,Frank,10,PBS,P.rett,1,13,1,1,FALSE,NA,NA
7/23/2018,Frank,10,PBS,P.rett,1,13,1,1,FALSE,NA,NA
7/23/2018,Frank,10,PBS,P.rett,1,13,1,1,FALSE,NA,NA
7/23/2018,Frank,10,PBS,P.rett,1,13,1,1,FALSE,NA,NA
7/23/2018,Frank,10,PBS,P.rett,1,13,1,1,FALSE,NA,NA
7/23/2018,Frank,10,PBS,P.rett,1,13,1,1,FALSE,NA,NA
7/23/2018,Frank,10,PBS,P.rett,1,13,1,1,FALSE,NA,NA
7/23/2018,Frank,10,E.fae,P.rett,0.001,14,2,1,FALSE,NA,NA
7/23/2018,Frank,10,E.fae,P.rett,0.001,14,2,1,FALSE,NA,NA
7/23/2018,Frank,10,E.fae,P.rett,0.001,14,2,1,FALSE,NA,NA
7/23/2018,Frank,10,E.fae,P.rett,0.001,14,3,0,TRUE,NA,NA
7/23/2018,Frank,10,E.fae,P.rett,0.001,14,3,0,TRUE,NA,NA
7/23/2018,Frank,10,E.fae,P.rett,0.001,14,3,0,TRUE,NA,NA
7/23/2018,Frank,10,E.fae,P.rett,0.001,14,3,0,TRUE,NA,NA
7/23/2018,Frank,10,E.fae,P.rett,0.001,14,3,0,TRUE,NA,NA
7/23/2018,Frank,10,E.fae,P.rett,0.001,16,2,1,FALSE,NA,NA
7/23/2018,Frank,10,E.fae,P.rett,0.001,16,3,1,FALSE,NA,NA
7/23/2018,Frank,10,E.fae,P.rett,0.001,16,3,0,TRUE,NA,NA
7/23/2018,Frank,10,E.fae,P.rett,0.001,16,3,0,TRUE,NA,NA
7/23/2018,Frank,10,E.fae,P.rett,0.001,16,3,0,TRUE,NA,NA
7/23/2018,Frank,10,E.fae,P.rett,0.001,16,3,0,TRUE,NA,NA
7/23/2018,Frank,10,E.fae,P.rett,0.001,16,3,0,TRUE,NA,NA
7/23/2018,Frank,10,E.fae,P.rett,0.001,16,3,0,TRUE,NA,NA
7/23/2018,Frank,10,E.fae,P.rett,0.001,16,3,0,TRUE,NA,NA
7/23/2018,Frank,10,E.fae,P.rett,0.01,17,2,1,FALSE,NA,NA
7/23/2018,Frank,10,E.fae,P.rett,0.01,17,2,1,FALSE,NA,NA
7/23/2018,Frank,10,E.fae,P.rett,0.01,17,3,1,FALSE,NA,NA
7/23/2018,Frank,10,E.fae,P.rett,0.01,17,3,0,TRUE,NA,NA
7/23/2018,Frank,10,E.fae,P.rett,0.01,17,3,0,TRUE,NA,NA
7/23/2018,Frank,10,E.fae,P.rett,0.01,17,3,0,TRUE,NA,NA
7/23/2018,Frank,10,E.fae,P.rett,0.01,17,3,0,TRUE,NA,NA
7/23/2018,Frank,10,E.fae,P.rett,0.01,17,3,0,TRUE,NA,NA
7/23/2018,Frank,10,E.fae,P.rett,0.01,20,2,1,FALSE,NA,NA
7/23/2018,Frank,10,E.fae,P.rett,0.01,20,2,1,FALSE,NA,NA
7/23/2018,Frank,10,E.fae,P.rett,0.01,20,3,0,TRUE,NA,NA
7/23/2018,Frank,10,E.fae,P.rett,0.01,20,3,0,TRUE,NA,NA
7/23/2018,Frank,10,E.fae,P.rett,0.01,20,3,0,TRUE,NA,NA
7/23/2018,Frank,10,E.fae,P.rett,0.01,20,3,0,TRUE,NA,NA
7/23/2018,Frank,10,E.fae,P.rett,0.01,20,3,0,TRUE,NA,NA
7/23/2018,Frank,10,E.fae,P.rett,0.01,20,3,0,TRUE,NA,NA
7/23/2018,Frank,10,E.fae,P.rett,0.01,20,3,0,TRUE,NA,NA
7/23/2018,Frank,10,E.fae,P.rett,0.01,21,1,1,FALSE,NA,NA
7/23/2018,Frank,10,E.fae,P.rett,0.01,21,2,1,FALSE,NA,NA
7/23/2018,Frank,10,E.fae,P.rett,0.01,21,2,1,FALSE,NA,NA
7/23/2018,Frank,10,E.fae,P.rett,0.01,21,2,1,FALSE,NA,NA
7/23/2018,Frank,10,E.fae,P.rett,0.01,21,3,0,TRUE,NA,NA
7/23/2018,Frank,10,E.fae,P.rett,0.01,21,3,0,TRUE,NA,NA
7/23/2018,Frank,10,E.fae,P.rett,0.01,21,3,0,TRUE,NA,NA
7/23/2018,Frank,10,E.fae,P.rett,0.01,21,3,0,TRUE,NA,NA
7/23/2018,Frank,10,E.fae,P.rett,0.01,21,3,0,TRUE,NA,NA
7/23/2018,Frank,10,E.fae,P.rett,0.1,22,1,1,FALSE,NA,NA
7/23/2018,Frank,10,E.fae,P.rett,0.1,22,2,1,FALSE,NA,NA
7/23/2018,Frank,10,E.fae,P.rett,0.1,22,2,1,FALSE,NA,NA
7/23/2018,Frank,10,E.fae,P.rett,0.1,22,2,1,FALSE,NA,NA
7/23/2018,Frank,10,E.fae,P.rett,0.1,22,2,1,FALSE,NA,NA
7/23/2018,Frank,10,E.fae,P.rett,0.1,22,3,0,TRUE,NA,NA
7/23/2018,Frank,10,E.fae,P.rett,0.1,22,3,0,TRUE,NA,NA
7/23/2018,Frank,10,E.fae,P.rett,0.1,22,3,0,TRUE,NA,NA
7/23/2018,Frank,10,E.fae,P.rett,1,24,1,1,FALSE,NA,NA
7/23/2018,Frank,10,E.fae,P.rett,1,24,1,1,FALSE,NA,NA
7/23/2018,Frank,10,E.fae,P.rett,1,24,1,1,FALSE,NA,NA
7/23/2018,Frank,10,E.fae,P.rett,1,24,1,1,FALSE,NA,NA
7/23/2018,Frank,10,E.fae,P.rett,1,24,1,1,FALSE,NA,NA
7/23/2018,Frank,10,E.fae,P.rett,1,24,2,1,FALSE,NA,NA
7/23/2018,Frank,10,E.fae,P.rett,1,24,2,1,FALSE,NA,NA
7/23/2018,Frank,10,E.fae,P.rett,1,24,2,1,FALSE,NA,NA
7/23/2018,Frank,10,E.fae,P.rett,1,24,3,0,TRUE,NA,NA
7/23/2018,Frank,10,E.fae,P.rett,1,26,1,1,FALSE,NA,NA
7/23/2018,Frank,10,E.fae,P.rett,1,26,1,1,FALSE,NA,NA
7/23/2018,Frank,10,E.fae,P.rett,1,26,1,1,FALSE,NA,NA
7/23/2018,Frank,10,E.fae,P.rett,1,26,1,1,FALSE,NA,NA
7/23/2018,Frank,10,E.fae,P.rett,1,26,1,1,FALSE,NA,NA
7/23/2018,Frank,10,E.fae,P.rett,1,26,1,1,FALSE,NA,NA
7/23/2018,Frank,10,E.fae,P.rett,1,26,2,1,FALSE,NA,NA
7/23/2018,Frank,10,E.fae,P.rett,1,26,2,1,FALSE,NA,NA
7/23/2018,Frank,10,E.fae,P.rett,1,26,3,1,FALSE,NA,NA
6/3/2019,Abby,I,PBS,P.rett,0.001,1,1,1,FALSE,40,65000
6/3/2019,Abby,I,PBS,P.rett,0.001,1,2,1,FALSE,40,65000
6/3/2019,Abby,I,PBS,P.rett,0.001,1,4,1,TRUE,40,65000
6/3/2019,Abby,I,PBS,P.rett,0.001,1,7,0,TRUE,40,65000
6/3/2019,Abby,I,PBS,P.rett,0.001,1,7,0,TRUE,40,65000
6/3/2019,Abby,I,PBS,P.rett,0.001,1,7,0,TRUE,40,65000
6/3/2019,Abby,I,PBS,P.rett,0.001,1,7,0,TRUE,40,65000
6/3/2019,Abby,I,PBS,P.rett,0.001,2,1,1,FALSE,40,65000
6/3/2019,Abby,I,PBS,P.rett,0.001,2,1,1,FALSE,40,65000
6/3/2019,Abby,I,PBS,P.rett,0.001,2,1,1,FALSE,40,65000
6/3/2019,Abby,I,PBS,P.rett,0.001,2,1,1,FALSE,40,65000
6/3/2019,Abby,I,PBS,P.rett,0.001,2,3,1,FALSE,40,65000
6/3/2019,Abby,I,PBS,P.rett,0.001,2,5,1,TRUE,40,65000
6/3/2019,Abby,I,PBS,P.rett,0.001,3,2,1,FALSE,40,65000
6/3/2019,Abby,I,PBS,P.rett,0.001,3,2,1,FALSE,40,65000
6/3/2019,Abby,I,PBS,P.rett,0.001,3,4,1,TRUE,40,65000
6/3/2019,Abby,I,PBS,P.rett,0.001,3,5,1,TRUE,40,65000
6/3/2019,Abby,I,PBS,P.rett,0.001,3,7,0,TRUE,40,65000
6/3/2019,Abby,I,PBS,P.rett,0.01,4,1,1,FALSE,216,158000
6/3/2019,Abby,I,PBS,P.rett,0.01,4,1,1,FALSE,216,158000
6/3/2019,Abby,I,PBS,P.rett,0.01,4,1,1,FALSE,216,158000
6/3/2019,Abby,I,PBS,P.rett,0.01,4,2,1,FALSE,216,158000
6/3/2019,Abby,I,PBS,P.rett,0.01,4,3,1,FALSE,216,158000
6/3/2019,Abby,I,PBS,P.rett,0.01,4,7,0,TRUE,216,158000
6/3/2019,Abby,I,PBS,P.rett,0.01,4,7,0,TRUE,216,158000
6/3/2019,Abby,I,PBS,P.rett,0.01,5,1,1,FALSE,216,158000
6/3/2019,Abby,I,PBS,P.rett,0.01,5,1,1,FALSE,216,158000
6/3/2019,Abby,I,PBS,P.rett,0.01,5,2,1,FALSE,216,158000
6/3/2019,Abby,I,PBS,P.rett,0.01,5,3,1,FALSE,216,158000
6/3/2019,Abby,I,PBS,P.rett,0.01,5,4,1,TRUE,216,158000
6/3/2019,Abby,I,PBS,P.rett,0.01,5,7,0,TRUE,216,158000
6/3/2019,Abby,I,PBS,P.rett,0.01,5,7,0,TRUE,216,158000
6/3/2019,Abby,I,PBS,P.rett,0.01,6,1,1,FALSE,216,158000
6/3/2019,Abby,I,PBS,P.rett,0.01,6,1,1,FALSE,216,158000
6/3/2019,Abby,I,PBS,P.rett,0.01,6,1,1,FALSE,216,158000
6/3/2019,Abby,I,PBS,P.rett,0.01,6,1,1,FALSE,216,158000
6/3/2019,Abby,I,PBS,P.rett,0.01,6,1,1,FALSE,216,158000
6/3/2019,Abby,I,PBS,P.rett,0.01,6,7,1,TRUE,216,158000
6/3/2019,Abby,I,PBS,P.rett,0.01,6,7,0,TRUE,216,158000
6/3/2019,Abby,I,PBS,P.rett,0.1,7,1,1,FALSE,2083,755333.3333
6/3/2019,Abby,I,PBS,P.rett,0.1,7,1,1,FALSE,2083,755333.3333
6/3/2019,Abby,I,PBS,P.rett,0.1,7,1,1,FALSE,2083,755333.3333
6/3/2019,Abby,I,PBS,P.rett,0.1,7,1,1,FALSE,2083,755333.3333
6/3/2019,Abby,I,PBS,P.rett,0.1,7,1,1,FALSE,2083,755333.3333
6/3/2019,Abby,I,PBS,P.rett,0.1,7,1,1,FALSE,2083,755333.3333
6/3/2019,Abby,I,PBS,P.rett,0.1,7,7,0,TRUE,2083,755333.3333
6/3/2019,Abby,I,PBS,P.rett,0.1,8,1,1,FALSE,2083,755333.3333
6/3/2019,Abby,I,PBS,P.rett,0.1,8,1,1,FALSE,2083,755333.3333
6/3/2019,Abby,I,PBS,P.rett,0.1,8,1,1,FALSE,2083,755333.3333
6/3/2019,Abby,I,PBS,P.rett,0.1,8,1,1,FALSE,2083,755333.3333
6/3/2019,Abby,I,PBS,P.rett,0.1,8,1,1,FALSE,2083,755333.3333
6/3/2019,Abby,I,PBS,P.rett,0.1,9,1,1,FALSE,2083,755333.3333
6/3/2019,Abby,I,PBS,P.rett,0.1,9,1,1,FALSE,2083,755333.3333
6/3/2019,Abby,I,PBS,P.rett,0.1,9,1,1,FALSE,2083,755333.3333
6/3/2019,Abby,I,PBS,P.rett,0.1,9,6,1,TRUE,2083,755333.3333
6/3/2019,Abby,I,PBS,P.rett,0.1,9,7,0,TRUE,2083,755333.3333
6/3/2019,Abby,I,PBS,P.rett,0.1,9,7,0,TRUE,2083,755333.3333
6/3/2019,Abby,I,PBS,P.rett,0.1,9,7,0,TRUE,2083,755333.3333
6/3/2019,Abby,I,PBS,P.rett,1,10,1,1,FALSE,6851,6142200
6/3/2019,Abby,I,PBS,P.rett,1,10,1,1,FALSE,6851,6142200
6/3/2019,Abby,I,PBS,P.rett,1,10,1,1,FALSE,6851,6142200
6/3/2019,Abby,I,PBS,P.rett,1,10,1,1,FALSE,6851,6142200
6/3/2019,Abby,I,PBS,P.rett,1,10,1,1,FALSE,6851,6142200
6/3/2019,Abby,I,PBS,P.rett,1,10,1,1,FALSE,6851,6142200
6/3/2019,Abby,I,PBS,P.rett,1,10,1,1,FALSE,6851,6142200
6/3/2019,Abby,I,PBS,P.rett,1,11,1,1,FALSE,6851,6142200
6/3/2019,Abby,I,PBS,P.rett,1,11,1,1,FALSE,6851,6142200
6/3/2019,Abby,I,PBS,P.rett,1,11,1,1,FALSE,6851,6142200
6/3/2019,Abby,I,PBS,P.rett,1,12,1,1,FALSE,6851,6142200
6/3/2019,Abby,I,PBS,P.rett,1,12,1,1,FALSE,6851,6142200
6/3/2019,Abby,I,PBS,P.rett,1,12,1,1,FALSE,6851,6142200
6/3/2019,Abby,I,PBS,P.rett,1,12,1,1,FALSE,6851,6142200
6/3/2019,Abby,I,PBS,P.rett,1,12,1,1,FALSE,6851,6142200
6/3/2019,Abby,I,PBS,P.rett,1,12,1,1,FALSE,6851,6142200
6/3/2019,Abby,I,PBS,P.rett,1,12,1,1,FALSE,6851,6142200
6/3/2019,Abby,I,E.fae,P.rett,0.001,13,3,1,FALSE,46,93333.33333
6/3/2019,Abby,I,E.fae,P.rett,0.001,13,4,1,TRUE,46,93333.33333
6/3/2019,Abby,I,E.fae,P.rett,0.001,13,7,0,TRUE,46,93333.33333
6/3/2019,Abby,I,E.fae,P.rett,0.001,13,7,0,TRUE,46,93333.33333
6/3/2019,Abby,I,E.fae,P.rett,0.001,13,7,0,TRUE,46,93333.33333
6/3/2019,Abby,I,E.fae,P.rett,0.001,14,3,1,FALSE,46,93333.33333
6/3/2019,Abby,I,E.fae,P.rett,0.001,14,7,0,TRUE,46,93333.33333
6/3/2019,Abby,I,E.fae,P.rett,0.001,14,7,0,TRUE,46,93333.33333
6/3/2019,Abby,I,E.fae,P.rett,0.001,15,1,1,FALSE,46,93333.33333
6/3/2019,Abby,I,E.fae,P.rett,0.001,15,2,1,FALSE,46,93333.33333
6/3/2019,Abby,I,E.fae,P.rett,0.001,15,2,1,FALSE,46,93333.33333
6/3/2019,Abby,I,E.fae,P.rett,0.001,15,7,0,TRUE,46,93333.33333
6/3/2019,Abby,I,E.fae,P.rett,0.01,16,1,1,FALSE,228,101500
6/3/2019,Abby,I,E.fae,P.rett,0.01,16,4,1,TRUE,228,101500
6/3/2019,Abby,I,E.fae,P.rett,0.01,16,7,0,TRUE,228,101500
6/3/2019,Abby,I,E.fae,P.rett,0.01,17,1,1,FALSE,228,101500
6/3/2019,Abby,I,E.fae,P.rett,0.01,17,2,1,FALSE,228,101500
6/3/2019,Abby,I,E.fae,P.rett,0.01,17,7,0,TRUE,228,101500
6/3/2019,Abby,I,E.fae,P.rett,0.01,17,7,0,TRUE,228,101500
6/3/2019,Abby,I,E.fae,P.rett,0.01,17,7,0,TRUE,228,101500
6/3/2019,Abby,I,E.fae,P.rett,0.01,18,1,1,FALSE,228,101500
6/3/2019,Abby,I,E.fae,P.rett,0.01,18,4,1,TRUE,228,101500
6/3/2019,Abby,I,E.fae,P.rett,0.01,18,6,1,TRUE,228,101500
6/3/2019,Abby,I,E.fae,P.rett,0.01,18,7,0,TRUE,228,101500
6/3/2019,Abby,I,E.fae,P.rett,0.01,18,7,0,TRUE,228,101500
6/3/2019,Abby,I,E.fae,P.rett,0.1,19,1,1,FALSE,1818,199333.3333
6/3/2019,Abby,I,E.fae,P.rett,0.1,20,1,1,FALSE,1818,199333.3333
6/3/2019,Abby,I,E.fae,P.rett,0.1,20,2,1,FALSE,1818,199333.3333
6/3/2019,Abby,I,E.fae,P.rett,0.1,21,5,1,TRUE,1818,199333.3333
6/3/2019,Abby,I,E.fae,P.rett,0.1,21,7,0,TRUE,1818,199333.3333
6/3/2019,Abby,I,E.fae,P.rett,0.1,21,7,0,TRUE,1818,199333.3333
6/3/2019,Abby,I,E.fae,P.rett,1,22,1,1,FALSE,8518,2998333.333
6/3/2019,Abby,I,E.fae,P.rett,1,22,1,1,FALSE,8518,2998333.333
6/3/2019,Abby,I,E.fae,P.rett,1,22,5,1,TRUE,8518,2998333.333
6/3/2019,Abby,I,E.fae,P.rett,1,23,1,1,FALSE,8518,2998333.333
6/3/2019,Abby,I,E.fae,P.rett,1,23,2,1,FALSE,8518,2998333.333
6/3/2019,Abby,I,E.fae,P.rett,1,23,5,1,TRUE,8518,2998333.333
6/3/2019,Abby,I,E.fae,P.rett,1,23,5,1,TRUE,8518,2998333.333
6/3/2019,Abby,I,E.fae,P.rett,1,24,1,1,FALSE,8518,2998333.333
6/3/2019,Abby,I,E.fae,P.rett,1,24,1,1,FALSE,8518,2998333.333
6/3/2019,Abby,I,E.fae,P.rett,1,24,1,1,FALSE,8518,2998333.333
6/3/2019,Abby,I,E.fae,P.rett,1,24,1,1,FALSE,8518,2998333.333
6/3/2019,Abby,I,E.fae,P.rett,1,24,1,1,FALSE,8518,2998333.333
6/5/2019,Abby,II,PBS,P.rett,0.001,1,2,1,FALSE,62,31200
6/5/2019,Abby,II,PBS,P.rett,0.001,1,2,1,FALSE,62,31200
6/5/2019,Abby,II,PBS,P.rett,0.001,1,7,0,TRUE,62,31200
6/5/2019,Abby,II,PBS,P.rett,0.001,1,7,0,TRUE,62,31200
6/5/2019,Abby,II,PBS,P.rett,0.001,1,7,0,TRUE,62,31200
6/5/2019,Abby,II,PBS,P.rett,0.001,1,7,0,TRUE,62,31200
6/5/2019,Abby,II,PBS,P.rett,0.001,2,1,1,FALSE,62,31200
6/5/2019,Abby,II,PBS,P.rett,0.001,2,2,1,FALSE,62,31200
6/5/2019,Abby,II,PBS,P.rett,0.001,2,2,1,FALSE,62,31200
6/5/2019,Abby,II,PBS,P.rett,0.001,2,2,1,FALSE,62,31200
6/5/2019,Abby,II,PBS,P.rett,0.001,2,2,1,FALSE,62,31200
6/5/2019,Abby,II,PBS,P.rett,0.001,2,7,0,TRUE,62,31200
6/5/2019,Abby,II,PBS,P.rett,0.001,2,7,0,TRUE,62,31200
6/5/2019,Abby,II,PBS,P.rett,0.001,2,7,0,TRUE,62,31200
6/5/2019,Abby,II,PBS,P.rett,0.001,3,1,1,FALSE,62,31200
6/5/2019,Abby,II,PBS,P.rett,0.001,3,2,1,FALSE,62,31200
6/5/2019,Abby,II,PBS,P.rett,0.001,3,2,1,FALSE,62,31200
6/5/2019,Abby,II,PBS,P.rett,0.001,3,2,1,FALSE,62,31200
6/5/2019,Abby,II,PBS,P.rett,0.001,3,4,1,TRUE,62,31200
6/5/2019,Abby,II,PBS,P.rett,0.001,3,4,1,TRUE,62,31200
6/5/2019,Abby,II,PBS,P.rett,0.001,3,7,0,TRUE,62,31200
6/5/2019,Abby,II,PBS,P.rett,0.01,4,1,1,FALSE,226,94000
6/5/2019,Abby,II,PBS,P.rett,0.01,4,2,1,FALSE,226,94000
6/5/2019,Abby,II,PBS,P.rett,0.01,4,2,1,FALSE,226,94000
6/5/2019,Abby,II,PBS,P.rett,0.01,4,7,1,TRUE,226,94000
6/5/2019,Abby,II,PBS,P.rett,0.01,4,7,1,TRUE,226,94000
6/5/2019,Abby,II,PBS,P.rett,0.01,4,7,0,TRUE,226,94000
6/5/2019,Abby,II,PBS,P.rett,0.01,4,7,0,TRUE,226,94000
6/5/2019,Abby,II,PBS,P.rett,0.01,5,1,1,FALSE,226,94000
6/5/2019,Abby,II,PBS,P.rett,0.01,5,4,1,TRUE,226,94000
6/5/2019,Abby,II,PBS,P.rett,0.01,5,7,0,TRUE,226,94000
6/5/2019,Abby,II,PBS,P.rett,0.01,5,7,0,TRUE,226,94000
6/5/2019,Abby,II,PBS,P.rett,0.01,5,7,0,TRUE,226,94000
6/5/2019,Abby,II,PBS,P.rett,0.01,5,7,0,TRUE,226,94000
6/5/2019,Abby,II,PBS,P.rett,0.01,6,1,1,FALSE,226,94000
6/5/2019,Abby,II,PBS,P.rett,0.01,6,2,1,FALSE,226,94000
6/5/2019,Abby,II,PBS,P.rett,0.01,6,2,1,FALSE,226,94000
6/5/2019,Abby,II,PBS,P.rett,0.01,6,7,0,TRUE,226,94000
6/5/2019,Abby,II,PBS,P.rett,0.01,6,7,0,TRUE,226,94000
6/5/2019,Abby,II,PBS,P.rett,0.01,6,7,0,TRUE,226,94000
6/5/2019,Abby,II,PBS,P.rett,0.01,6,7,0,TRUE,226,94000
6/5/2019,Abby,II,PBS,P.rett,0.01,6,7,0,TRUE,226,94000
6/5/2019,Abby,II,PBS,P.rett,0.1,7,1,1,FALSE,1666,750333.3333
6/5/2019,Abby,II,PBS,P.rett,0.1,7,1,1,FALSE,1666,750333.3333
6/5/2019,Abby,II,PBS,P.rett,0.1,7,2,1,FALSE,1666,750333.3333
6/5/2019,Abby,II,PBS,P.rett,0.1,7,7,0,TRUE,1666,750333.3333
6/5/2019,Abby,II,PBS,P.rett,0.1,7,7,0,TRUE,1666,750333.3333
6/5/2019,Abby,II,PBS,P.rett,0.1,7,7,0,TRUE,1666,750333.3333
6/5/2019,Abby,II,PBS,P.rett,0.1,7,7,0,TRUE,1666,750333.3333
6/5/2019,Abby,II,PBS,P.rett,0.1,8,1,1,FALSE,1666,750333.3333
6/5/2019,Abby,II,PBS,P.rett,0.1,8,1,1,FALSE,1666,750333.3333
6/5/2019,Abby,II,PBS,P.rett,0.1,8,1,1,FALSE,1666,750333.3333
6/5/2019,Abby,II,PBS,P.rett,0.1,8,1,1,FALSE,1666,750333.3333
6/5/2019,Abby,II,PBS,P.rett,0.1,8,7,0,TRUE,1666,750333.3333
6/5/2019,Abby,II,PBS,P.rett,0.1,8,7,0,TRUE,1666,750333.3333
6/5/2019,Abby,II,PBS,P.rett,0.1,8,7,0,TRUE,1666,750333.3333
6/5/2019,Abby,II,PBS,P.rett,0.1,8,7,0,TRUE,1666,750333.3333
6/5/2019,Abby,II,PBS,P.rett,0.1,9,1,1,FALSE,1666,750333.3333
6/5/2019,Abby,II,PBS,P.rett,0.1,9,2,1,FALSE,1666,750333.3333
6/5/2019,Abby,II,PBS,P.rett,0.1,9,4,1,TRUE,1666,750333.3333
6/5/2019,Abby,II,PBS,P.rett,0.1,9,7,0,TRUE,1666,750333.3333
6/5/2019,Abby,II,PBS,P.rett,0.1,9,7,0,TRUE,1666,750333.3333
6/5/2019,Abby,II,PBS,P.rett,0.1,9,7,0,TRUE,1666,750333.3333
6/5/2019,Abby,II,PBS,P.rett,0.1,9,7,0,TRUE,1666,750333.3333
6/5/2019,Abby,II,PBS,P.rett,1,10,1,1,FALSE,9444,3057666.667
6/5/2019,Abby,II,PBS,P.rett,1,10,1,1,FALSE,9444,3057666.667
6/5/2019,Abby,II,PBS,P.rett,1,10,1,1,FALSE,9444,3057666.667
6/5/2019,Abby,II,PBS,P.rett,1,10,1,1,FALSE,9444,3057666.667
6/5/2019,Abby,II,PBS,P.rett,1,10,7,0,TRUE,9444,3057666.667
6/5/2019,Abby,II,PBS,P.rett,1,11,1,1,FALSE,9444,3057666.667
6/5/2019,Abby,II,PBS,P.rett,1,11,1,1,FALSE,9444,3057666.667
6/5/2019,Abby,II,PBS,P.rett,1,11,1,1,FALSE,9444,3057666.667
6/5/2019,Abby,II,PBS,P.rett,1,11,1,1,FALSE,9444,3057666.667
6/5/2019,Abby,II,PBS,P.rett,1,11,1,1,FALSE,9444,3057666.667
6/5/2019,Abby,II,PBS,P.rett,1,11,1,1,FALSE,9444,3057666.667
6/5/2019,Abby,II,PBS,P.rett,1,11,3,1,FALSE,9444,3057666.667
6/5/2019,Abby,II,PBS,P.rett,1,11,7,0,TRUE,9444,3057666.667
6/5/2019,Abby,II,PBS,P.rett,1,12,1,1,FALSE,9444,3057666.667
6/5/2019,Abby,II,PBS,P.rett,1,12,1,1,FALSE,9444,3057666.667
6/5/2019,Abby,II,PBS,P.rett,1,12,1,1,FALSE,9444,3057666.667
6/5/2019,Abby,II,PBS,P.rett,1,12,1,1,FALSE,9444,3057666.667
6/5/2019,Abby,II,PBS,P.rett,1,12,1,1,FALSE,9444,3057666.667
6/5/2019,Abby,II,PBS,P.rett,1,12,2,1,FALSE,9444,3057666.667
6/5/2019,Abby,II,PBS,P.rett,1,12,7,0,TRUE,9444,3057666.667
6/5/2019,Abby,II,E.fae,P.rett,0.001,13,1,1,FALSE,62,13600
6/5/2019,Abby,II,E.fae,P.rett,0.001,13,7,0,TRUE,62,13600
6/5/2019,Abby,II,E.fae,P.rett,0.001,13,7,0,TRUE,62,13600
6/5/2019,Abby,II,E.fae,P.rett,0.001,13,7,0,TRUE,62,13600
6/5/2019,Abby,II,E.fae,P.rett,0.001,13,7,0,TRUE,62,13600
6/5/2019,Abby,II,E.fae,P.rett,0.001,14,2,1,FALSE,62,13600
6/5/2019,Abby,II,E.fae,P.rett,0.001,14,7,1,TRUE,62,13600
6/5/2019,Abby,II,E.fae,P.rett,0.001,14,7,0,TRUE,62,13600
6/5/2019,Abby,II,E.fae,P.rett,0.001,14,7,0,TRUE,62,13600
6/5/2019,Abby,II,E.fae,P.rett,0.001,14,7,0,TRUE,62,13600
6/5/2019,Abby,II,E.fae,P.rett,0.001,14,7,0,TRUE,62,13600
6/5/2019,Abby,II,E.fae,P.rett,0.001,14,7,0,TRUE,62,13600
6/5/2019,Abby,II,E.fae,P.rett,0.001,14,7,0,TRUE,62,13600
6/5/2019,Abby,II,E.fae,P.rett,0.001,15,3,1,FALSE,62,13600
6/5/2019,Abby,II,E.fae,P.rett,0.001,15,7,0,TRUE,62,13600
6/5/2019,Abby,II,E.fae,P.rett,0.001,15,7,0,TRUE,62,13600
6/5/2019,Abby,II,E.fae,P.rett,0.001,15,7,0,TRUE,62,13600
6/5/2019,Abby,II,E.fae,P.rett,0.001,15,7,0,TRUE,62,13600
6/5/2019,Abby,II,E.fae,P.rett,0.001,15,7,0,TRUE,62,13600
6/5/2019,Abby,II,E.fae,P.rett,0.01,16,7,0,TRUE,266,112800
6/5/2019,Abby,II,E.fae,P.rett,0.01,16,7,0,TRUE,266,112800
6/5/2019,Abby,II,E.fae,P.rett,0.01,16,7,0,TRUE,266,112800
6/5/2019,Abby,II,E.fae,P.rett,0.01,16,7,0,TRUE,266,112800
6/5/2019,Abby,II,E.fae,P.rett,0.01,16,7,0,TRUE,266,112800
6/5/2019,Abby,II,E.fae,P.rett,0.01,16,7,0,TRUE,266,112800
6/5/2019,Abby,II,E.fae,P.rett,0.01,17,1,1,FALSE,266,112800
6/5/2019,Abby,II,E.fae,P.rett,0.01,17,7,0,TRUE,266,112800
6/5/2019,Abby,II,E.fae,P.rett,0.01,17,7,0,TRUE,266,112800
6/5/2019,Abby,II,E.fae,P.rett,0.01,17,7,0,TRUE,266,112800
6/5/2019,Abby,II,E.fae,P.rett,0.01,18,1,1,FALSE,266,112800
6/5/2019,Abby,II,E.fae,P.rett,0.01,18,4,1,TRUE,266,112800
6/5/2019,Abby,II,E.fae,P.rett,0.01,18,5,1,TRUE,266,112800
6/5/2019,Abby,II,E.fae,P.rett,0.01,18,7,0,TRUE,266,112800
6/5/2019,Abby,II,E.fae,P.rett,0.01,18,7,0,TRUE,266,112800
6/5/2019,Abby,II,E.fae,P.rett,0.01,18,7,0,TRUE,266,112800
6/5/2019,Abby,II,E.fae,P.rett,0.1,19,1,1,FALSE,1666,418400
6/5/2019,Abby,II,E.fae,P.rett,0.1,19,3,1,FALSE,1666,418400
6/5/2019,Abby,II,E.fae,P.rett,0.1,19,7,0,TRUE,1666,418400
6/5/2019,Abby,II,E.fae,P.rett,0.1,19,7,0,TRUE,1666,418400
6/5/2019,Abby,II,E.fae,P.rett,0.1,19,7,0,TRUE,1666,418400
6/5/2019,Abby,II,E.fae,P.rett,0.1,20,1,1,FALSE,1666,418400
6/5/2019,Abby,II,E.fae,P.rett,0.1,20,2,1,FALSE,1666,418400
6/5/2019,Abby,II,E.fae,P.rett,0.1,20,2,1,FALSE,1666,418400
6/5/2019,Abby,II,E.fae,P.rett,0.1,20,2,1,FALSE,1666,418400
6/5/2019,Abby,II,E.fae,P.rett,0.1,20,7,0,TRUE,1666,418400
6/5/2019,Abby,II,E.fae,P.rett,0.1,21,1,1,FALSE,1666,418400
6/5/2019,Abby,II,E.fae,P.rett,0.1,21,1,1,FALSE,1666,418400
6/5/2019,Abby,II,E.fae,P.rett,0.1,21,7,1,TRUE,1666,418400
6/5/2019,Abby,II,E.fae,P.rett,0.1,21,7,0,TRUE,1666,418400
6/5/2019,Abby,II,E.fae,P.rett,0.1,21,7,0,TRUE,1666,418400
6/5/2019,Abby,II,E.fae,P.rett,0.1,21,7,0,TRUE,1666,418400
6/5/2019,Abby,II,E.fae,P.rett,1,22,1,1,FALSE,9444,4263200
6/5/2019,Abby,II,E.fae,P.rett,1,22,1,1,FALSE,9444,4263200
6/5/2019,Abby,II,E.fae,P.rett,1,22,1,1,FALSE,9444,4263200
6/5/2019,Abby,II,E.fae,P.rett,1,22,1,1,FALSE,9444,4263200
6/5/2019,Abby,II,E.fae,P.rett,1,22,2,1,FALSE,9444,4263200
6/5/2019,Abby,II,E.fae,P.rett,1,23,1,1,FALSE,9444,4263200
6/5/2019,Abby,II,E.fae,P.rett,1,23,1,1,FALSE,9444,4263200
6/5/2019,Abby,II,E.fae,P.rett,1,23,1,1,FALSE,9444,4263200
6/5/2019,Abby,II,E.fae,P.rett,1,23,4,1,TRUE,9444,4263200
6/5/2019,Abby,II,E.fae,P.rett,1,23,4,1,TRUE,9444,4263200
6/5/2019,Abby,II,E.fae,P.rett,1,23,7,0,TRUE,9444,4263200
6/5/2019,Abby,II,E.fae,P.rett,1,24,1,1,FALSE,9444,4263200
6/5/2019,Abby,II,E.fae,P.rett,1,24,1,1,FALSE,9444,4263200
6/5/2019,Abby,II,E.fae,P.rett,1,24,2,1,FALSE,9444,4263200
6/5/2019,Abby,II,E.fae,P.rett,1,24,2,1,FALSE,9444,4263200
6/5/2019,Abby,II,E.fae,P.rett,1,24,3,1,FALSE,9444,4263200
6/5/2019,Abby,II,E.fae,P.rett,1,24,4,1,TRUE,9444,4263200
6/11/2019,Abby,III,PBS,P.rett,0.01,1,1,1,FALSE,230,13857.5
6/11/2019,Abby,III,PBS,P.rett,0.01,1,1,1,FALSE,230,13857.5
6/11/2019,Abby,III,PBS,P.rett,0.01,1,1,1,FALSE,230,13857.5
6/11/2019,Abby,III,PBS,P.rett,0.01,1,1,1,FALSE,230,13857.5
6/11/2019,Abby,III,PBS,P.rett,0.01,1,1,1,FALSE,230,13857.5
6/11/2019,Abby,III,PBS,P.rett,0.01,1,1,1,FALSE,230,13857.5
6/11/2019,Abby,III,PBS,P.rett,0.01,2,1,1,FALSE,230,13857.5
6/11/2019,Abby,III,PBS,P.rett,0.01,2,1,1,FALSE,230,13857.5
6/11/2019,Abby,III,PBS,P.rett,0.01,2,1,1,FALSE,230,13857.5
6/11/2019,Abby,III,PBS,P.rett,0.01,2,2,1,FALSE,230,13857.5
6/11/2019,Abby,III,PBS,P.rett,0.01,2,2,1,FALSE,230,13857.5
6/11/2019,Abby,III,PBS,P.rett,0.01,2,3,1,FALSE,230,13857.5
6/11/2019,Abby,III,PBS,P.rett,0.01,2,4,1,TRUE,230,13857.5
6/11/2019,Abby,III,PBS,P.rett,0.01,3,1,1,FALSE,230,13857.5
6/11/2019,Abby,III,PBS,P.rett,0.01,3,1,1,FALSE,230,13857.5
6/11/2019,Abby,III,PBS,P.rett,0.01,3,1,1,FALSE,230,13857.5
6/11/2019,Abby,III,PBS,P.rett,0.01,3,1,1,FALSE,230,13857.5
6/11/2019,Abby,III,PBS,P.rett,0.01,3,1,1,FALSE,230,13857.5
6/11/2019,Abby,III,PBS,P.rett,0.01,3,3,1,FALSE,230,13857.5
6/11/2019,Abby,III,PBS,P.rett,0.01,3,7,0,TRUE,230,13857.5
6/11/2019,Abby,III,PBS,P.rett,0.1,4,1,1,FALSE,2197,13252.33333
6/11/2019,Abby,III,PBS,P.rett,0.1,4,1,1,FALSE,2197,13252.33333
6/11/2019,Abby,III,PBS,P.rett,0.1,4,1,1,FALSE,2197,13252.33333
6/11/2019,Abby,III,PBS,P.rett,0.1,4,1,1,FALSE,2197,13252.33333
6/11/2019,Abby,III,PBS,P.rett,0.1,4,1,1,FALSE,2197,13252.33333
6/11/2019,Abby,III,PBS,P.rett,0.1,4,2,1,FALSE,2197,13252.33333
6/11/2019,Abby,III,PBS,P.rett,0.1,5,1,1,FALSE,2197,13252.33333
6/11/2019,Abby,III,PBS,P.rett,0.1,5,1,1,FALSE,2197,13252.33333
6/11/2019,Abby,III,PBS,P.rett,0.1,5,1,1,FALSE,2197,13252.33333
6/11/2019,Abby,III,PBS,P.rett,0.1,5,1,1,FALSE,2197,13252.33333
6/11/2019,Abby,III,PBS,P.rett,0.1,5,1,1,FALSE,2197,13252.33333
6/11/2019,Abby,III,PBS,P.rett,0.1,5,2,1,FALSE,2197,13252.33333
6/11/2019,Abby,III,PBS,P.rett,0.1,6,1,1,FALSE,2197,13252.33333
6/11/2019,Abby,III,PBS,P.rett,0.1,6,1,1,FALSE,2197,13252.33333
6/11/2019,Abby,III,PBS,P.rett,0.1,6,1,1,FALSE,2197,13252.33333
6/11/2019,Abby,III,PBS,P.rett,0.1,6,1,1,FALSE,2197,13252.33333
6/11/2019,Abby,III,PBS,P.rett,0.1,6,3,1,FALSE,2197,13252.33333
6/11/2019,Abby,III,PBS,P.rett,0.1,6,4,1,TRUE,2197,13252.33333
6/11/2019,Abby,III,PBS,P.rett,0.1,6,4,1,TRUE,2197,13252.33333
6/11/2019,Abby,III,PBS,P.rett,1,7,1,1,FALSE,12222,1098333.333
6/11/2019,Abby,III,PBS,P.rett,1,7,1,1,FALSE,12222,1098333.333
6/11/2019,Abby,III,PBS,P.rett,1,7,1,1,FALSE,12222,1098333.333
6/11/2019,Abby,III,PBS,P.rett,1,7,1,1,FALSE,12222,1098333.333
6/11/2019,Abby,III,PBS,P.rett,1,7,1,1,FALSE,12222,1098333.333
6/11/2019,Abby,III,PBS,P.rett,1,7,1,1,FALSE,12222,1098333.333
6/11/2019,Abby,III,PBS,P.rett,1,8,1,1,FALSE,12222,1098333.333
6/11/2019,Abby,III,PBS,P.rett,1,8,1,1,FALSE,12222,1098333.333
6/11/2019,Abby,III,PBS,P.rett,1,8,1,1,FALSE,12222,1098333.333
6/11/2019,Abby,III,PBS,P.rett,1,8,1,1,FALSE,12222,1098333.333
6/11/2019,Abby,III,PBS,P.rett,1,8,1,1,FALSE,12222,1098333.333
6/11/2019,Abby,III,PBS,P.rett,1,8,1,1,FALSE,12222,1098333.333
6/11/2019,Abby,III,PBS,P.rett,1,9,1,1,FALSE,12222,1098333.333
6/11/2019,Abby,III,PBS,P.rett,1,9,1,1,FALSE,12222,1098333.333
6/11/2019,Abby,III,PBS,P.rett,1,9,1,1,FALSE,12222,1098333.333
6/11/2019,Abby,III,PBS,P.rett,1,9,1,1,FALSE,12222,1098333.333
6/11/2019,Abby,III,PBS,P.rett,1,9,1,1,FALSE,12222,1098333.333
6/11/2019,Abby,III,PBS,P.rett,1,9,1,1,FALSE,12222,1098333.333
6/11/2019,Abby,III,PBS,P.rett,1,9,1,1,FALSE,12222,1098333.333
6/11/2019,Abby,III,PBS,P.rett,1,9,1,1,FALSE,12222,1098333.333
6/11/2019,Abby,III,E.fae,P.rett,0.01,13,2,1,FALSE,264,1121.2
6/11/2019,Abby,III,E.fae,P.rett,0.01,13,4,1,TRUE,264,1121.2
6/11/2019,Abby,III,E.fae,P.rett,0.01,13,4,1,TRUE,264,1121.2
6/11/2019,Abby,III,E.fae,P.rett,0.01,13,4,1,TRUE,264,1121.2
6/11/2019,Abby,III,E.fae,P.rett,0.01,13,6,1,TRUE,264,1121.2
6/11/2019,Abby,III,E.fae,P.rett,0.01,14,2,1,FALSE,264,1121.2
6/11/2019,Abby,III,E.fae,P.rett,0.01,14,2,1,FALSE,264,1121.2
6/11/2019,Abby,III,E.fae,P.rett,0.01,14,3,1,FALSE,264,1121.2
6/11/2019,Abby,III,E.fae,P.rett,0.01,14,7,1,TRUE,264,1121.2
6/11/2019,Abby,III,E.fae,P.rett,0.01,14,7,1,TRUE,264,1121.2
6/11/2019,Abby,III,E.fae,P.rett,0.01,14,7,1,TRUE,264,1121.2
6/11/2019,Abby,III,E.fae,P.rett,0.01,15,2,1,FALSE,264,1121.2
6/11/2019,Abby,III,E.fae,P.rett,0.01,15,2,1,FALSE,264,1121.2
6/11/2019,Abby,III,E.fae,P.rett,0.01,15,3,1,FALSE,264,1121.2
6/11/2019,Abby,III,E.fae,P.rett,0.01,15,4,1,TRUE,264,1121.2
6/11/2019,Abby,III,E.fae,P.rett,0.01,15,5,1,TRUE,264,1121.2
6/11/2019,Abby,III,E.fae,P.rett,0.1,16,1,1,FALSE,2700,1903.2
6/11/2019,Abby,III,E.fae,P.rett,0.1,16,1,1,FALSE,2700,1903.2
6/11/2019,Abby,III,E.fae,P.rett,0.1,16,2,1,FALSE,2700,1903.2
6/11/2019,Abby,III,E.fae,P.rett,0.1,16,3,1,FALSE,2700,1903.2
6/11/2019,Abby,III,E.fae,P.rett,0.1,16,6,1,TRUE,2700,1903.2
6/11/2019,Abby,III,E.fae,P.rett,0.1,16,7,0,TRUE,2700,1903.2
6/11/2019,Abby,III,E.fae,P.rett,0.1,17,1,1,FALSE,2700,1903.2
6/11/2019,Abby,III,E.fae,P.rett,0.1,17,2,1,FALSE,2700,1903.2
6/11/2019,Abby,III,E.fae,P.rett,0.1,17,2,1,FALSE,2700,1903.2
6/11/2019,Abby,III,E.fae,P.rett,0.1,17,2,1,FALSE,2700,1903.2
6/11/2019,Abby,III,E.fae,P.rett,0.1,18,1,1,FALSE,2700,1903.2
6/11/2019,Abby,III,E.fae,P.rett,0.1,18,2,1,FALSE,2700,1903.2
6/11/2019,Abby,III,E.fae,P.rett,0.1,18,3,1,FALSE,2700,1903.2
6/11/2019,Abby,III,E.fae,P.rett,0.1,18,4,1,TRUE,2700,1903.2
6/11/2019,Abby,III,E.fae,P.rett,0.1,18,4,1,TRUE,2700,1903.2
6/11/2019,Abby,III,E.fae,P.rett,0.1,18,4,1,TRUE,2700,1903.2
6/11/2019,Abby,III,E.fae,P.rett,1,19,1,1,FALSE,11666,137900
6/11/2019,Abby,III,E.fae,P.rett,1,19,1,1,FALSE,11666,137900
6/11/2019,Abby,III,E.fae,P.rett,1,19,1,1,FALSE,11666,137900
6/11/2019,Abby,III,E.fae,P.rett,1,19,1,1,FALSE,11666,137900
6/11/2019,Abby,III,E.fae,P.rett,1,19,1,1,FALSE,11666,137900
6/11/2019,Abby,III,E.fae,P.rett,1,19,1,1,FALSE,11666,137900
6/11/2019,Abby,III,E.fae,P.rett,1,19,2,1,FALSE,11666,137900
6/11/2019,Abby,III,E.fae,P.rett,1,20,1,1,FALSE,11666,137900
6/11/2019,Abby,III,E.fae,P.rett,1,20,1,1,FALSE,11666,137900
6/11/2019,Abby,III,E.fae,P.rett,1,20,1,1,FALSE,11666,137900
6/11/2019,Abby,III,E.fae,P.rett,1,20,1,1,FALSE,11666,137900
6/11/2019,Abby,III,E.fae,P.rett,1,20,2,1,FALSE,11666,137900
6/11/2019,Abby,III,E.fae,P.rett,1,21,1,1,FALSE,11666,137900
6/11/2019,Abby,III,E.fae,P.rett,1,21,1,1,FALSE,11666,137900
6/11/2019,Abby,III,E.fae,P.rett,1,21,1,1,FALSE,11666,137900
6/11/2019,Abby,III,E.fae,P.rett,1,21,2,1,FALSE,11666,137900
6/11/2019,Abby,III,E.fae,P.rett,1,21,2,1,FALSE,11666,137900
7/1/2019,Abby,IV,PBS,P.rett,0.01,4,1,1,FALSE,252,16725.83333
7/1/2019,Abby,IV,PBS,P.rett,0.01,4,2,1,FALSE,252,16725.83333
7/1/2019,Abby,IV,PBS,P.rett,0.01,4,2,1,FALSE,252,16725.83333
7/1/2019,Abby,IV,PBS,P.rett,0.01,4,2,1,FALSE,252,16725.83333
7/1/2019,Abby,IV,PBS,P.rett,0.01,4,3,1,FALSE,252,16725.83333
7/1/2019,Abby,IV,PBS,P.rett,0.01,4,7,0,TRUE,252,16725.83333
7/1/2019,Abby,IV,PBS,P.rett,0.01,4,7,0,TRUE,252,16725.83333
7/1/2019,Abby,IV,PBS,P.rett,0.01,4,7,0,TRUE,252,16725.83333
7/1/2019,Abby,IV,PBS,P.rett,0.01,5,1,1,FALSE,252,16725.83333
7/1/2019,Abby,IV,PBS,P.rett,0.01,5,2,1,FALSE,252,16725.83333
7/1/2019,Abby,IV,PBS,P.rett,0.01,5,2,1,FALSE,252,16725.83333
7/1/2019,Abby,IV,PBS,P.rett,0.01,5,2,1,FALSE,252,16725.83333
7/1/2019,Abby,IV,PBS,P.rett,0.01,5,4,1,TRUE,252,16725.83333
7/1/2019,Abby,IV,PBS,P.rett,0.01,5,7,0,TRUE,252,16725.83333
7/1/2019,Abby,IV,PBS,P.rett,0.01,5,7,0,TRUE,252,16725.83333
7/1/2019,Abby,IV,PBS,P.rett,0.01,5,7,0,TRUE,252,16725.83333
7/1/2019,Abby,IV,PBS,P.rett,0.01,6,1,1,FALSE,252,16725.83333
7/1/2019,Abby,IV,PBS,P.rett,0.01,6,1,1,FALSE,252,16725.83333
7/1/2019,Abby,IV,PBS,P.rett,0.01,6,1,1,FALSE,252,16725.83333
7/1/2019,Abby,IV,PBS,P.rett,0.01,6,1,1,FALSE,252,16725.83333
7/1/2019,Abby,IV,PBS,P.rett,0.01,6,2,1,FALSE,252,16725.83333
7/1/2019,Abby,IV,PBS,P.rett,0.01,6,2,1,FALSE,252,16725.83333
7/1/2019,Abby,IV,PBS,P.rett,0.01,6,3,1,FALSE,252,16725.83333
7/1/2019,Abby,IV,PBS,P.rett,0.1,7,1,1,FALSE,3138,559000
7/1/2019,Abby,IV,PBS,P.rett,0.1,7,1,1,FALSE,3138,559000
7/1/2019,Abby,IV,PBS,P.rett,0.1,7,2,1,FALSE,3138,559000
7/1/2019,Abby,IV,PBS,P.rett,0.1,7,2,1,FALSE,3138,559000
7/1/2019,Abby,IV,PBS,P.rett,0.1,7,3,1,FALSE,3138,559000
7/1/2019,Abby,IV,PBS,P.rett,0.1,7,4,1,TRUE,3138,559000
7/1/2019,Abby,IV,PBS,P.rett,0.1,7,7,0,TRUE,3138,559000
7/1/2019,Abby,IV,PBS,P.rett,0.1,7,7,0,TRUE,3138,559000
7/1/2019,Abby,IV,PBS,P.rett,0.1,8,1,1,FALSE,3138,559000
7/1/2019,Abby,IV,PBS,P.rett,0.1,8,1,1,FALSE,3138,559000
7/1/2019,Abby,IV,PBS,P.rett,0.1,8,2,1,FALSE,3138,559000
7/1/2019,Abby,IV,PBS,P.rett,0.1,8,2,1,FALSE,3138,559000
7/1/2019,Abby,IV,PBS,P.rett,0.1,8,2,1,FALSE,3138,559000
7/1/2019,Abby,IV,PBS,P.rett,0.1,8,2,1,FALSE,3138,559000
7/1/2019,Abby,IV,PBS,P.rett,0.1,8,3,1,FALSE,3138,559000
7/1/2019,Abby,IV,PBS,P.rett,0.1,8,3,1,FALSE,3138,559000
7/1/2019,Abby,IV,PBS,P.rett,0.1,9,1,1,FALSE,3138,559000
7/1/2019,Abby,IV,PBS,P.rett,0.1,9,1,1,FALSE,3138,559000
7/1/2019,Abby,IV,PBS,P.rett,0.1,9,2,1,FALSE,3138,559000
7/1/2019,Abby,IV,PBS,P.rett,0.1,9,2,1,FALSE,3138,559000
7/1/2019,Abby,IV,PBS,P.rett,0.1,9,2,1,FALSE,3138,559000
7/1/2019,Abby,IV,PBS,P.rett,0.1,9,7,0,TRUE,3138,559000
7/1/2019,Abby,IV,PBS,P.rett,0.1,9,7,0,TRUE,3138,559000
7/1/2019,Abby,IV,PBS,P.rett,0.1,9,7,0,TRUE,3138,559000
7/1/2019,Abby,IV,PBS,P.rett,1,10,1,1,FALSE,11481,5501666.667
7/1/2019,Abby,IV,PBS,P.rett,1,10,1,1,FALSE,11481,5501666.667
7/1/2019,Abby,IV,PBS,P.rett,1,10,1,1,FALSE,11481,5501666.667
7/1/2019,Abby,IV,PBS,P.rett,1,10,1,1,FALSE,11481,5501666.667
7/1/2019,Abby,IV,PBS,P.rett,1,10,1,1,FALSE,11481,5501666.667
7/1/2019,Abby,IV,PBS,P.rett,1,10,1,1,FALSE,11481,5501666.667
7/1/2019,Abby,IV,PBS,P.rett,1,10,1,1,FALSE,11481,5501666.667
7/1/2019,Abby,IV,PBS,P.rett,1,10,7,0,TRUE,11481,5501666.667
7/1/2019,Abby,IV,PBS,P.rett,1,11,1,1,FALSE,11481,5501666.667
7/1/2019,Abby,IV,PBS,P.rett,1,11,1,1,FALSE,11481,5501666.667
7/1/2019,Abby,IV,PBS,P.rett,1,11,1,1,FALSE,11481,5501666.667
7/1/2019,Abby,IV,PBS,P.rett,1,11,1,1,FALSE,11481,5501666.667
7/1/2019,Abby,IV,PBS,P.rett,1,11,1,1,FALSE,11481,5501666.667
7/1/2019,Abby,IV,PBS,P.rett,1,11,1,1,FALSE,11481,5501666.667
7/1/2019,Abby,IV,PBS,P.rett,1,11,1,1,FALSE,11481,5501666.667
7/1/2019,Abby,IV,PBS,P.rett,1,12,1,1,FALSE,11481,5501666.667
7/1/2019,Abby,IV,PBS,P.rett,1,12,1,1,FALSE,11481,5501666.667
7/1/2019,Abby,IV,PBS,P.rett,1,12,1,1,FALSE,11481,5501666.667
7/1/2019,Abby,IV,PBS,P.rett,1,12,1,1,FALSE,11481,5501666.667
7/1/2019,Abby,IV,PBS,P.rett,1,12,1,1,FALSE,11481,5501666.667
7/1/2019,Abby,IV,PBS,P.rett,1,12,2,1,FALSE,11481,5501666.667
7/1/2019,Abby,IV,PBS,P.rett,1,12,2,1,FALSE,11481,5501666.667
7/1/2019,Abby,IV,PBS,P.rett,1,12,5,1,TRUE,11481,5501666.667
7/1/2019,Abby,IV,E.fae,P.rett,0.01,16,1,1,FALSE,208,15027.25
7/1/2019,Abby,IV,E.fae,P.rett,0.01,16,2,1,FALSE,208,15027.25
7/1/2019,Abby,IV,E.fae,P.rett,0.01,16,2,1,FALSE,208,15027.25
7/1/2019,Abby,IV,E.fae,P.rett,0.01,16,7,0,TRUE,208,15027.25
7/1/2019,Abby,IV,E.fae,P.rett,0.01,16,7,0,TRUE,208,15027.25
7/1/2019,Abby,IV,E.fae,P.rett,0.01,17,2,1,FALSE,208,15027.25
7/1/2019,Abby,IV,E.fae,P.rett,0.01,17,2,1,FALSE,208,15027.25
7/1/2019,Abby,IV,E.fae,P.rett,0.01,17,6,1,TRUE,208,15027.25
7/1/2019,Abby,IV,E.fae,P.rett,0.01,17,7,0,TRUE,208,15027.25
7/1/2019,Abby,IV,E.fae,P.rett,0.01,18,1,1,FALSE,208,15027.25
7/1/2019,Abby,IV,E.fae,P.rett,0.01,18,2,1,FALSE,208,15027.25
7/1/2019,Abby,IV,E.fae,P.rett,0.01,18,2,1,FALSE,208,15027.25
7/1/2019,Abby,IV,E.fae,P.rett,0.01,18,3,1,FALSE,208,15027.25
7/1/2019,Abby,IV,E.fae,P.rett,0.01,18,5,1,TRUE,208,15027.25
7/1/2019,Abby,IV,E.fae,P.rett,0.1,19,7,1,TRUE,2537,659250
7/1/2019,Abby,IV,E.fae,P.rett,0.1,19,7,0,TRUE,2537,659250
7/1/2019,Abby,IV,E.fae,P.rett,0.1,19,7,0,TRUE,2537,659250
7/1/2019,Abby,IV,E.fae,P.rett,0.1,19,7,0,TRUE,2537,659250
7/1/2019,Abby,IV,E.fae,P.rett,0.1,19,7,0,TRUE,2537,659250
7/1/2019,Abby,IV,E.fae,P.rett,0.1,19,7,0,TRUE,2537,659250
7/1/2019,Abby,IV,E.fae,P.rett,0.1,19,7,0,TRUE,2537,659250
7/1/2019,Abby,IV,E.fae,P.rett,0.1,19,7,0,TRUE,2537,659250
7/1/2019,Abby,IV,E.fae,P.rett,0.1,20,1,1,FALSE,2537,659250
7/1/2019,Abby,IV,E.fae,P.rett,0.1,20,1,1,FALSE,2537,659250
7/1/2019,Abby,IV,E.fae,P.rett,0.1,20,4,1,TRUE,2537,659250
7/1/2019,Abby,IV,E.fae,P.rett,0.1,20,4,1,TRUE,2537,659250
7/1/2019,Abby,IV,E.fae,P.rett,0.1,20,5,1,TRUE,2537,659250
7/1/2019,Abby,IV,E.fae,P.rett,0.1,20,7,0,TRUE,2537,659250
7/1/2019,Abby,IV,E.fae,P.rett,0.1,21,2,1,FALSE,2537,659250
7/1/2019,Abby,IV,E.fae,P.rett,0.1,21,6,1,TRUE,2537,659250
7/1/2019,Abby,IV,E.fae,P.rett,0.1,21,7,0,TRUE,2537,659250
7/1/2019,Abby,IV,E.fae,P.rett,1,22,1,1,FALSE,11021,4810000
7/1/2019,Abby,IV,E.fae,P.rett,1,22,1,1,FALSE,11021,4810000
7/1/2019,Abby,IV,E.fae,P.rett,1,22,1,1,FALSE,11021,4810000
7/1/2019,Abby,IV,E.fae,P.rett,1,22,1,1,FALSE,11021,4810000
7/1/2019,Abby,IV,E.fae,P.rett,1,22,2,1,FALSE,11021,4810000
7/1/2019,Abby,IV,E.fae,P.rett,1,22,2,1,FALSE,11021,4810000
7/1/2019,Abby,IV,E.fae,P.rett,1,22,7,0,TRUE,11021,4810000
7/1/2019,Abby,IV,E.fae,P.rett,1,22,7,0,TRUE,11021,4810000
7/1/2019,Abby,IV,E.fae,P.rett,1,23,1,1,FALSE,11021,4810000
7/1/2019,Abby,IV,E.fae,P.rett,1,23,1,1,FALSE,11021,4810000
7/1/2019,Abby,IV,E.fae,P.rett,1,23,1,1,FALSE,11021,4810000
7/1/2019,Abby,IV,E.fae,P.rett,1,23,1,1,FALSE,11021,4810000
7/1/2019,Abby,IV,E.fae,P.rett,1,23,1,1,FALSE,11021,4810000
7/1/2019,Abby,IV,E.fae,P.rett,1,23,7,0,TRUE,11021,4810000
7/3/2019,Abby,V,PBS,P.rett,0.01,4,1,1,FALSE,336,16249.5
7/3/2019,Abby,V,PBS,P.rett,0.01,4,2,1,FALSE,336,16249.5
7/3/2019,Abby,V,PBS,P.rett,0.01,4,4,1,TRUE,336,16249.5
7/3/2019,Abby,V,PBS,P.rett,0.01,4,4,1,TRUE,336,16249.5
7/3/2019,Abby,V,PBS,P.rett,0.01,4,4,1,TRUE,336,16249.5
7/3/2019,Abby,V,PBS,P.rett,0.01,4,5,1,TRUE,336,16249.5
7/3/2019,Abby,V,PBS,P.rett,0.01,4,7,0,TRUE,336,16249.5
7/3/2019,Abby,V,PBS,P.rett,0.01,5,1,1,FALSE,336,16249.5
7/3/2019,Abby,V,PBS,P.rett,0.01,5,1,1,FALSE,336,16249.5
7/3/2019,Abby,V,PBS,P.rett,0.01,5,1,1,FALSE,336,16249.5
7/3/2019,Abby,V,PBS,P.rett,0.01,5,1,1,FALSE,336,16249.5
7/3/2019,Abby,V,PBS,P.rett,0.01,5,2,1,FALSE,336,16249.5
7/3/2019,Abby,V,PBS,P.rett,0.01,5,4,1,TRUE,336,16249.5
7/3/2019,Abby,V,PBS,P.rett,0.01,6,1,1,FALSE,336,16249.5
7/3/2019,Abby,V,PBS,P.rett,0.01,6,1,1,FALSE,336,16249.5
7/3/2019,Abby,V,PBS,P.rett,0.01,6,1,1,FALSE,336,16249.5
7/3/2019,Abby,V,PBS,P.rett,0.01,6,1,1,FALSE,336,16249.5
7/3/2019,Abby,V,PBS,P.rett,0.01,6,2,1,FALSE,336,16249.5
7/3/2019,Abby,V,PBS,P.rett,0.01,6,2,1,FALSE,336,16249.5
7/3/2019,Abby,V,PBS,P.rett,0.01,6,2,1,FALSE,336,16249.5
7/3/2019,Abby,V,PBS,P.rett,0.01,6,3,1,FALSE,336,16249.5
7/3/2019,Abby,V,PBS,P.rett,0.1,7,1,1,FALSE,2272,9606000
7/3/2019,Abby,V,PBS,P.rett,0.1,7,1,1,FALSE,2272,9606000
7/3/2019,Abby,V,PBS,P.rett,0.1,7,1,1,FALSE,2272,9606000
7/3/2019,Abby,V,PBS,P.rett,0.1,7,2,1,FALSE,2272,9606000
7/3/2019,Abby,V,PBS,P.rett,0.1,7,3,1,FALSE,2272,9606000
7/3/2019,Abby,V,PBS,P.rett,0.1,8,1,1,FALSE,2272,9606000
7/3/2019,Abby,V,PBS,P.rett,0.1,8,1,1,FALSE,2272,9606000
7/3/2019,Abby,V,PBS,P.rett,0.1,8,1,1,FALSE,2272,9606000
7/3/2019,Abby,V,PBS,P.rett,0.1,8,1,1,FALSE,2272,9606000
7/3/2019,Abby,V,PBS,P.rett,0.1,8,1,1,FALSE,2272,9606000
7/3/2019,Abby,V,PBS,P.rett,0.1,8,1,1,FALSE,2272,9606000
7/3/2019,Abby,V,PBS,P.rett,0.1,8,4,1,TRUE,2272,9606000
7/3/2019,Abby,V,PBS,P.rett,0.1,9,1,1,FALSE,2272,9606000
7/3/2019,Abby,V,PBS,P.rett,0.1,9,1,1,FALSE,2272,9606000
7/3/2019,Abby,V,PBS,P.rett,0.1,9,1,1,FALSE,2272,9606000
7/3/2019,Abby,V,PBS,P.rett,0.1,9,1,1,FALSE,2272,9606000
7/3/2019,Abby,V,PBS,P.rett,0.1,9,2,1,FALSE,2272,9606000
7/3/2019,Abby,V,PBS,P.rett,1,10,1,1,FALSE,9259,46850000
7/3/2019,Abby,V,PBS,P.rett,1,10,1,1,FALSE,9259,46850000
7/3/2019,Abby,V,PBS,P.rett,1,10,1,1,FALSE,9259,46850000
7/3/2019,Abby,V,PBS,P.rett,1,10,1,1,FALSE,9259,46850000
7/3/2019,Abby,V,PBS,P.rett,1,10,1,1,FALSE,9259,46850000
7/3/2019,Abby,V,PBS,P.rett,1,10,1,1,FALSE,9259,46850000
7/3/2019,Abby,V,PBS,P.rett,1,10,1,1,FALSE,9259,46850000
7/3/2019,Abby,V,PBS,P.rett,1,10,1,1,FALSE,9259,46850000
7/3/2019,Abby,V,PBS,P.rett,1,11,1,1,FALSE,9259,46850000
7/3/2019,Abby,V,PBS,P.rett,1,11,1,1,FALSE,9259,46850000
7/3/2019,Abby,V,PBS,P.rett,1,11,1,1,FALSE,9259,46850000
7/3/2019,Abby,V,PBS,P.rett,1,11,1,1,FALSE,9259,46850000
7/3/2019,Abby,V,PBS,P.rett,1,11,1,1,FALSE,9259,46850000
7/3/2019,Abby,V,PBS,P.rett,1,11,1,1,FALSE,9259,46850000
7/3/2019,Abby,V,PBS,P.rett,1,11,1,1,FALSE,9259,46850000
7/3/2019,Abby,V,E.fae,P.rett,0.01,16,1,1,FALSE,336,15879.25
7/3/2019,Abby,V,E.fae,P.rett,0.01,16,1,1,FALSE,336,15879.25
7/3/2019,Abby,V,E.fae,P.rett,0.01,16,2,1,FALSE,336,15879.25
7/3/2019,Abby,V,E.fae,P.rett,0.01,16,7,0,TRUE,336,15879.25
7/3/2019,Abby,V,E.fae,P.rett,0.01,16,7,0,TRUE,336,15879.25
7/3/2019,Abby,V,E.fae,P.rett,0.01,17,1,1,FALSE,336,15879.25
7/3/2019,Abby,V,E.fae,P.rett,0.01,17,1,1,FALSE,336,15879.25
7/3/2019,Abby,V,E.fae,P.rett,0.01,17,1,1,FALSE,336,15879.25
7/3/2019,Abby,V,E.fae,P.rett,0.01,17,2,1,FALSE,336,15879.25
7/3/2019,Abby,V,E.fae,P.rett,0.01,17,3,1,FALSE,336,15879.25
7/3/2019,Abby,V,E.fae,P.rett,0.01,17,7,1,TRUE,336,15879.25
7/3/2019,Abby,V,E.fae,P.rett,0.01,17,7,0,TRUE,336,15879.25
7/3/2019,Abby,V,E.fae,P.rett,0.1,19,1,1,FALSE,2272,6373333.333
7/3/2019,Abby,V,E.fae,P.rett,0.1,19,1,1,FALSE,2272,6373333.333
7/3/2019,Abby,V,E.fae,P.rett,0.1,19,1,1,FALSE,2272,6373333.333
7/3/2019,Abby,V,E.fae,P.rett,0.1,19,2,1,FALSE,2272,6373333.333
7/3/2019,Abby,V,E.fae,P.rett,0.1,19,7,0,TRUE,2272,6373333.333
7/3/2019,Abby,V,E.fae,P.rett,0.1,20,2,1,FALSE,2272,6373333.333
7/3/2019,Abby,V,E.fae,P.rett,0.1,20,2,1,FALSE,2272,6373333.333
7/3/2019,Abby,V,E.fae,P.rett,0.1,20,2,1,FALSE,2272,6373333.333
7/3/2019,Abby,V,E.fae,P.rett,0.1,20,4,1,TRUE,2272,6373333.333
7/3/2019,Abby,V,E.fae,P.rett,1,22,1,1,FALSE,9259,40800000
7/3/2019,Abby,V,E.fae,P.rett,1,22,1,1,FALSE,9259,40800000
7/3/2019,Abby,V,E.fae,P.rett,1,22,1,1,FALSE,9259,40800000
7/3/2019,Abby,V,E.fae,P.rett,1,22,1,1,FALSE,9259,40800000
7/3/2019,Abby,V,E.fae,P.rett,1,22,1,1,FALSE,9259,40800000
7/3/2019,Abby,V,E.fae,P.rett,1,22,1,1,FALSE,9259,40800000
7/3/2019,Abby,V,E.fae,P.rett,1,22,7,0,TRUE,9259,40800000
