date,scientist,rep,primary,primary_dose,secondary,secondary_dose,condition,vial,day,status
6/16/2021,Abby,Summer 2021 exp 1,PBS,0,PBS,0,PBS-PBS Control,C1,7,0
6/16/2021,Abby,Summer 2021 exp 1,PBS,0,PBS,0,PBS-PBS Control,C1,7,0
6/16/2021,Abby,Summer 2021 exp 1,PBS,0,PBS,0,PBS-PBS Control,C1,7,0
6/16/2021,Abby,Summer 2021 exp 1,PBS,0,PBS,0,PBS-PBS Control,C1,7,0
6/16/2021,Abby,Summer 2021 exp 1,PBS,0,PBS,0,PBS-PBS Control,C1,7,0
6/16/2021,Abby,Summer 2021 exp 1,PBS,0,PBS,0,PBS-PBS Control,C1,7,0
6/16/2021,Abby,Summer 2021 exp 1,PBS,0,PBS,0,PBS-PBS Control,C1,7,0
6/16/2021,Abby,Summer 2021 exp 1,PBS,0,PBS,0,PBS-PBS Control,C1,7,0
6/16/2021,Abby,Summer 2021 exp 1,PBS,0,PBS,0,PBS-PBS Control,C1,7,0
6/16/2021,Abby,Summer 2021 exp 1,PBS,0,PBS,0,PBS-PBS Control,C1,7,0
6/16/2021,Abby,Summer 2021 exp 1,PBS,0,PBS,0,PBS-PBS Control,C2,7,0
6/16/2021,Abby,Summer 2021 exp 1,PBS,0,PBS,0,PBS-PBS Control,C2,7,0
6/16/2021,Abby,Summer 2021 exp 1,PBS,0,PBS,0,PBS-PBS Control,C2,7,0
6/16/2021,Abby,Summer 2021 exp 1,PBS,0,PBS,0,PBS-PBS Control,C2,7,0
6/16/2021,Abby,Summer 2021 exp 1,PBS,0,PBS,0,PBS-PBS Control,C2,7,0
6/16/2021,Abby,Summer 2021 exp 1,PBS,0,PBS,0,PBS-PBS Control,C2,7,0
6/16/2021,Abby,Summer 2021 exp 1,PBS,0,PBS,0,PBS-PBS Control,C2,7,0
6/16/2021,Abby,Summer 2021 exp 1,PBS,0,PBS,0,PBS-PBS Control,C2,7,0
6/16/2021,Abby,Summer 2021 exp 1,PBS,0,PBS,0,PBS-PBS Control,C2,7,0
6/16/2021,Abby,Summer 2021 exp 1,PBS,0,PBS,0,PBS-PBS Control,C2,7,0
6/16/2021,Abby,Summer 2021 exp 1,PBS,0,PBS,0,PBS-PBS Control,C3,7,0
6/16/2021,Abby,Summer 2021 exp 1,PBS,0,PBS,0,PBS-PBS Control,C3,7,0
6/16/2021,Abby,Summer 2021 exp 1,PBS,0,PBS,0,PBS-PBS Control,C3,7,0
6/16/2021,Abby,Summer 2021 exp 1,PBS,0,PBS,0,PBS-PBS Control,C3,7,0
6/16/2021,Abby,Summer 2021 exp 1,PBS,0,PBS,0,PBS-PBS Control,C3,7,0
6/16/2021,Abby,Summer 2021 exp 1,PBS,0,PBS,0,PBS-PBS Control,C3,7,0
6/16/2021,Abby,Summer 2021 exp 1,PBS,0,PBS,0,PBS-PBS Control,C3,7,0
6/16/2021,Abby,Summer 2021 exp 1,PBS,0,PBS,0,PBS-PBS Control,C3,7,0
6/16/2021,Abby,Summer 2021 exp 1,PBS,0,PBS,0,PBS-PBS Control,C3,7,0
6/16/2021,Abby,Summer 2021 exp 1,PBS,0,P.rett,0.1,PBS-P.rett 0.1,1,1,1
6/16/2021,Abby,Summer 2021 exp 1,PBS,0,P.rett,0.1,PBS-P.rett 0.1,1,1,1
6/16/2021,Abby,Summer 2021 exp 1,PBS,0,P.rett,0.1,PBS-P.rett 0.1,1,1,1
6/16/2021,Abby,Summer 2021 exp 1,PBS,0,P.rett,0.1,PBS-P.rett 0.1,1,1,1
6/16/2021,Abby,Summer 2021 exp 1,PBS,0,P.rett,0.1,PBS-P.rett 0.1,1,1,1
6/16/2021,Abby,Summer 2021 exp 1,PBS,0,P.rett,0.1,PBS-P.rett 0.1,1,1,1
6/16/2021,Abby,Summer 2021 exp 1,PBS,0,P.rett,0.1,PBS-P.rett 0.1,1,1,1
6/16/2021,Abby,Summer 2021 exp 1,PBS,0,P.rett,0.1,PBS-P.rett 0.1,1,1,1
6/16/2021,Abby,Summer 2021 exp 1,PBS,0,P.rett,0.1,PBS-P.rett 0.1,1,2,1
6/16/2021,Abby,Summer 2021 exp 1,PBS,0,P.rett,0.1,PBS-P.rett 0.1,1,7,0
6/16/2021,Abby,Summer 2021 exp 1,PBS,0,P.rett,0.1,PBS-P.rett 0.1,2,1,1
6/16/2021,Abby,Summer 2021 exp 1,PBS,0,P.rett,0.1,PBS-P.rett 0.1,2,1,1
6/16/2021,Abby,Summer 2021 exp 1,PBS,0,P.rett,0.1,PBS-P.rett 0.1,2,1,1
6/16/2021,Abby,Summer 2021 exp 1,PBS,0,P.rett,0.1,PBS-P.rett 0.1,2,1,1
6/16/2021,Abby,Summer 2021 exp 1,PBS,0,P.rett,0.1,PBS-P.rett 0.1,2,1,1
6/16/2021,Abby,Summer 2021 exp 1,PBS,0,P.rett,0.1,PBS-P.rett 0.1,2,1,1
6/16/2021,Abby,Summer 2021 exp 1,PBS,0,P.rett,0.1,PBS-P.rett 0.1,2,1,1
6/16/2021,Abby,Summer 2021 exp 1,PBS,0,P.rett,0.1,PBS-P.rett 0.1,2,1,1
6/16/2021,Abby,Summer 2021 exp 1,PBS,0,P.rett,0.1,PBS-P.rett 0.1,2,2,1
6/16/2021,Abby,Summer 2021 exp 1,PBS,0,P.rett,0.1,PBS-P.rett 0.1,2,2,1
6/16/2021,Abby,Summer 2021 exp 1,PBS,0,P.rett,0.1,PBS-P.rett 0.1,3,1,1
6/16/2021,Abby,Summer 2021 exp 1,PBS,0,P.rett,0.1,PBS-P.rett 0.1,3,1,1
6/16/2021,Abby,Summer 2021 exp 1,PBS,0,P.rett,0.1,PBS-P.rett 0.1,3,1,1
6/16/2021,Abby,Summer 2021 exp 1,PBS,0,P.rett,0.1,PBS-P.rett 0.1,3,1,1
6/16/2021,Abby,Summer 2021 exp 1,PBS,0,P.rett,0.1,PBS-P.rett 0.1,3,1,1
6/16/2021,Abby,Summer 2021 exp 1,PBS,0,P.rett,0.1,PBS-P.rett 0.1,3,1,1
6/16/2021,Abby,Summer 2021 exp 1,PBS,0,P.rett,0.1,PBS-P.rett 0.1,3,1,1
6/16/2021,Abby,Summer 2021 exp 1,PBS,0,P.rett,0.1,PBS-P.rett 0.1,3,2,1
6/16/2021,Abby,Summer 2021 exp 1,PBS,0,P.rett,0.1,PBS-P.rett 0.1,3,2,1
6/16/2021,Abby,Summer 2021 exp 1,PBS,0,P.rett,0.1,PBS-P.rett 0.1,3,7,0
6/16/2021,Abby,Summer 2021 exp 1,PBS,0,P.rett,1,PBS-P.rett 1,4,1,1
6/16/2021,Abby,Summer 2021 exp 1,PBS,0,P.rett,1,PBS-P.rett 1,4,1,1
6/16/2021,Abby,Summer 2021 exp 1,PBS,0,P.rett,1,PBS-P.rett 1,4,1,1
6/16/2021,Abby,Summer 2021 exp 1,PBS,0,P.rett,1,PBS-P.rett 1,4,1,1
6/16/2021,Abby,Summer 2021 exp 1,PBS,0,P.rett,1,PBS-P.rett 1,4,1,1
6/16/2021,Abby,Summer 2021 exp 1,PBS,0,P.rett,1,PBS-P.rett 1,4,1,1
6/16/2021,Abby,Summer 2021 exp 1,PBS,0,P.rett,1,PBS-P.rett 1,4,1,1
6/16/2021,Abby,Summer 2021 exp 1,PBS,0,P.rett,1,PBS-P.rett 1,4,1,1
6/16/2021,Abby,Summer 2021 exp 1,PBS,0,P.rett,1,PBS-P.rett 1,4,1,1
6/16/2021,Abby,Summer 2021 exp 1,PBS,0,P.rett,1,PBS-P.rett 1,4,1,1
6/16/2021,Abby,Summer 2021 exp 1,PBS,0,P.rett,1,PBS-P.rett 1,5,1,1
6/16/2021,Abby,Summer 2021 exp 1,PBS,0,P.rett,1,PBS-P.rett 1,5,1,1
6/16/2021,Abby,Summer 2021 exp 1,PBS,0,P.rett,1,PBS-P.rett 1,5,1,1
6/16/2021,Abby,Summer 2021 exp 1,PBS,0,P.rett,1,PBS-P.rett 1,5,1,1
6/16/2021,Abby,Summer 2021 exp 1,PBS,0,P.rett,1,PBS-P.rett 1,5,1,1
6/16/2021,Abby,Summer 2021 exp 1,PBS,0,P.rett,1,PBS-P.rett 1,5,1,1
6/16/2021,Abby,Summer 2021 exp 1,PBS,0,P.rett,1,PBS-P.rett 1,5,1,1
6/16/2021,Abby,Summer 2021 exp 1,PBS,0,P.rett,1,PBS-P.rett 1,5,1,1
6/16/2021,Abby,Summer 2021 exp 1,PBS,0,P.rett,1,PBS-P.rett 1,5,1,1
6/16/2021,Abby,Summer 2021 exp 1,PBS,0,P.rett,1,PBS-P.rett 1,6,1,1
6/16/2021,Abby,Summer 2021 exp 1,PBS,0,P.rett,1,PBS-P.rett 1,6,1,1
6/16/2021,Abby,Summer 2021 exp 1,PBS,0,P.rett,1,PBS-P.rett 1,6,1,1
6/16/2021,Abby,Summer 2021 exp 1,PBS,0,P.rett,1,PBS-P.rett 1,6,1,1
6/16/2021,Abby,Summer 2021 exp 1,PBS,0,P.rett,1,PBS-P.rett 1,6,1,1
6/16/2021,Abby,Summer 2021 exp 1,PBS,0,P.rett,1,PBS-P.rett 1,6,1,1
6/16/2021,Abby,Summer 2021 exp 1,PBS,0,P.rett,1,PBS-P.rett 1,6,1,1
6/16/2021,Abby,Summer 2021 exp 1,PBS,0,P.rett,1,PBS-P.rett 1,6,1,1
6/16/2021,Abby,Summer 2021 exp 1,PBS,0,P.rett,1,PBS-P.rett 1,6,2,1
6/16/2021,Abby,Summer 2021 exp 1,PBS,0,P.rett,2,PBS-P.rett 2,7,1,1
6/16/2021,Abby,Summer 2021 exp 1,PBS,0,P.rett,2,PBS-P.rett 2,7,1,1
6/16/2021,Abby,Summer 2021 exp 1,PBS,0,P.rett,2,PBS-P.rett 2,7,1,1
6/16/2021,Abby,Summer 2021 exp 1,PBS,0,P.rett,2,PBS-P.rett 2,7,1,1
6/16/2021,Abby,Summer 2021 exp 1,PBS,0,P.rett,2,PBS-P.rett 2,7,1,1
6/16/2021,Abby,Summer 2021 exp 1,PBS,0,P.rett,2,PBS-P.rett 2,7,1,1
6/16/2021,Abby,Summer 2021 exp 1,PBS,0,P.rett,2,PBS-P.rett 2,7,1,1
6/16/2021,Abby,Summer 2021 exp 1,PBS,0,P.rett,2,PBS-P.rett 2,7,1,1
6/16/2021,Abby,Summer 2021 exp 1,PBS,0,P.rett,2,PBS-P.rett 2,7,1,1
6/16/2021,Abby,Summer 2021 exp 1,PBS,0,P.rett,2,PBS-P.rett 2,7,1,1
6/16/2021,Abby,Summer 2021 exp 1,PBS,0,P.rett,2,PBS-P.rett 2,8,1,1
6/16/2021,Abby,Summer 2021 exp 1,PBS,0,P.rett,2,PBS-P.rett 2,8,1,1
6/16/2021,Abby,Summer 2021 exp 1,PBS,0,P.rett,2,PBS-P.rett 2,8,1,1
6/16/2021,Abby,Summer 2021 exp 1,PBS,0,P.rett,2,PBS-P.rett 2,8,1,1
6/16/2021,Abby,Summer 2021 exp 1,PBS,0,P.rett,2,PBS-P.rett 2,8,1,1
6/16/2021,Abby,Summer 2021 exp 1,PBS,0,P.rett,2,PBS-P.rett 2,8,1,1
6/16/2021,Abby,Summer 2021 exp 1,PBS,0,P.rett,2,PBS-P.rett 2,8,1,1
6/16/2021,Abby,Summer 2021 exp 1,PBS,0,P.rett,2,PBS-P.rett 2,8,1,1
6/16/2021,Abby,Summer 2021 exp 1,PBS,0,P.rett,2,PBS-P.rett 2,8,1,1
6/16/2021,Abby,Summer 2021 exp 1,PBS,0,P.rett,2,PBS-P.rett 2,8,2,1
6/16/2021,Abby,Summer 2021 exp 1,PBS,0,P.rett,2,PBS-P.rett 2,9,1,1
6/16/2021,Abby,Summer 2021 exp 1,PBS,0,P.rett,2,PBS-P.rett 2,9,1,1
6/16/2021,Abby,Summer 2021 exp 1,PBS,0,P.rett,2,PBS-P.rett 2,9,1,1
6/16/2021,Abby,Summer 2021 exp 1,PBS,0,P.rett,2,PBS-P.rett 2,9,1,1
6/16/2021,Abby,Summer 2021 exp 1,PBS,0,P.rett,2,PBS-P.rett 2,9,1,1
6/16/2021,Abby,Summer 2021 exp 1,PBS,0,P.rett,2,PBS-P.rett 2,9,1,1
6/16/2021,Abby,Summer 2021 exp 1,PBS,0,P.rett,2,PBS-P.rett 2,9,1,1
6/16/2021,Abby,Summer 2021 exp 1,PBS,0,P.rett,2,PBS-P.rett 2,9,1,1
6/16/2021,Abby,Summer 2021 exp 1,PBS,0,P.rett,5,PBS-P.rett 5,10,1,1
6/16/2021,Abby,Summer 2021 exp 1,PBS,0,P.rett,5,PBS-P.rett 5,10,1,1
6/16/2021,Abby,Summer 2021 exp 1,PBS,0,P.rett,5,PBS-P.rett 5,10,1,1
6/16/2021,Abby,Summer 2021 exp 1,PBS,0,P.rett,5,PBS-P.rett 5,10,1,1
6/16/2021,Abby,Summer 2021 exp 1,PBS,0,P.rett,5,PBS-P.rett 5,10,1,1
6/16/2021,Abby,Summer 2021 exp 1,PBS,0,P.rett,5,PBS-P.rett 5,10,1,1
6/16/2021,Abby,Summer 2021 exp 1,PBS,0,P.rett,5,PBS-P.rett 5,10,1,1
6/16/2021,Abby,Summer 2021 exp 1,PBS,0,P.rett,5,PBS-P.rett 5,10,1,1
6/16/2021,Abby,Summer 2021 exp 1,PBS,0,P.rett,5,PBS-P.rett 5,10,1,1
6/16/2021,Abby,Summer 2021 exp 1,PBS,0,P.rett,5,PBS-P.rett 5,10,1,1
6/16/2021,Abby,Summer 2021 exp 1,PBS,0,P.rett,5,PBS-P.rett 5,11,1,1
6/16/2021,Abby,Summer 2021 exp 1,PBS,0,P.rett,5,PBS-P.rett 5,11,1,1
6/16/2021,Abby,Summer 2021 exp 1,PBS,0,P.rett,5,PBS-P.rett 5,11,1,1
6/16/2021,Abby,Summer 2021 exp 1,PBS,0,P.rett,5,PBS-P.rett 5,11,1,1
6/16/2021,Abby,Summer 2021 exp 1,PBS,0,P.rett,5,PBS-P.rett 5,11,1,1
6/16/2021,Abby,Summer 2021 exp 1,PBS,0,P.rett,5,PBS-P.rett 5,11,1,1
6/16/2021,Abby,Summer 2021 exp 1,PBS,0,P.rett,5,PBS-P.rett 5,11,1,1
6/16/2021,Abby,Summer 2021 exp 1,PBS,0,P.rett,5,PBS-P.rett 5,11,1,1
6/16/2021,Abby,Summer 2021 exp 1,PBS,0,P.rett,5,PBS-P.rett 5,11,1,1
6/16/2021,Abby,Summer 2021 exp 1,PBS,0,P.rett,5,PBS-P.rett 5,11,2,1
6/16/2021,Abby,Summer 2021 exp 1,PBS,0,P.rett,5,PBS-P.rett 5,12,1,1
6/16/2021,Abby,Summer 2021 exp 1,PBS,0,P.rett,5,PBS-P.rett 5,12,1,1
6/16/2021,Abby,Summer 2021 exp 1,PBS,0,P.rett,5,PBS-P.rett 5,12,1,1
6/16/2021,Abby,Summer 2021 exp 1,PBS,0,P.rett,5,PBS-P.rett 5,12,1,1
6/16/2021,Abby,Summer 2021 exp 1,PBS,0,P.rett,5,PBS-P.rett 5,12,1,1
6/16/2021,Abby,Summer 2021 exp 1,PBS,0,P.rett,5,PBS-P.rett 5,12,1,1
6/16/2021,Abby,Summer 2021 exp 1,PBS,0,P.rett,5,PBS-P.rett 5,12,1,1
6/16/2021,Abby,Summer 2021 exp 1,PBS,0,P.rett,5,PBS-P.rett 5,12,1,1
6/16/2021,Abby,Summer 2021 exp 1,S.m,0.1,PBS,0,S.m-PBS,C4,7,0
6/16/2021,Abby,Summer 2021 exp 1,S.m,0.1,PBS,0,S.m-PBS,C4,7,0
6/16/2021,Abby,Summer 2021 exp 1,S.m,0.1,PBS,0,S.m-PBS,C4,7,0
6/16/2021,Abby,Summer 2021 exp 1,S.m,0.1,PBS,0,S.m-PBS,C4,7,0
6/16/2021,Abby,Summer 2021 exp 1,S.m,0.1,PBS,0,S.m-PBS,C4,7,0
6/16/2021,Abby,Summer 2021 exp 1,S.m,0.1,PBS,0,S.m-PBS,C4,7,0
6/16/2021,Abby,Summer 2021 exp 1,S.m,0.1,PBS,0,S.m-PBS,C4,7,0
6/16/2021,Abby,Summer 2021 exp 1,S.m,0.1,PBS,0,S.m-PBS,C4,7,0
6/16/2021,Abby,Summer 2021 exp 1,S.m,0.1,PBS,0,S.m-PBS,C4,7,0
6/16/2021,Abby,Summer 2021 exp 1,S.m,0.1,PBS,0,S.m-PBS,C4,7,0
6/16/2021,Abby,Summer 2021 exp 1,S.m,0.1,PBS,0,S.m-PBS,C5,2,1
6/16/2021,Abby,Summer 2021 exp 1,S.m,0.1,PBS,0,S.m-PBS,C5,3,1
6/16/2021,Abby,Summer 2021 exp 1,S.m,0.1,PBS,0,S.m-PBS,C5,7,0
6/16/2021,Abby,Summer 2021 exp 1,S.m,0.1,PBS,0,S.m-PBS,C5,7,0
6/16/2021,Abby,Summer 2021 exp 1,S.m,0.1,PBS,0,S.m-PBS,C5,7,0
6/16/2021,Abby,Summer 2021 exp 1,S.m,0.1,PBS,0,S.m-PBS,C5,7,0
6/16/2021,Abby,Summer 2021 exp 1,S.m,0.1,PBS,0,S.m-PBS,C5,7,0
6/16/2021,Abby,Summer 2021 exp 1,S.m,0.1,PBS,0,S.m-PBS,C5,7,0
6/16/2021,Abby,Summer 2021 exp 1,S.m,0.1,PBS,0,S.m-PBS,C5,7,0
6/16/2021,Abby,Summer 2021 exp 1,S.m,0.1,PBS,0,S.m-PBS,C5,7,0
6/16/2021,Abby,Summer 2021 exp 1,S.m,0.1,PBS,0,S.m-PBS,C6,7,0
6/16/2021,Abby,Summer 2021 exp 1,S.m,0.1,PBS,0,S.m-PBS,C6,7,0
6/16/2021,Abby,Summer 2021 exp 1,S.m,0.1,PBS,0,S.m-PBS,C6,7,0
6/16/2021,Abby,Summer 2021 exp 1,S.m,0.1,PBS,0,S.m-PBS,C6,7,0
6/16/2021,Abby,Summer 2021 exp 1,S.m,0.1,PBS,0,S.m-PBS,C6,7,0
6/16/2021,Abby,Summer 2021 exp 1,S.m,0.1,PBS,0,S.m-PBS,C6,7,0
6/16/2021,Abby,Summer 2021 exp 1,S.m,0.1,PBS,0,S.m-PBS,C6,7,0
6/16/2021,Abby,Summer 2021 exp 1,S.m,0.1,PBS,0,S.m-PBS,C6,7,0
6/16/2021,Abby,Summer 2021 exp 1,S.m,0.1,PBS,0,S.m-PBS,C6,7,0
6/16/2021,Abby,Summer 2021 exp 1,S.m,0.1,PBS,0,S.m-PBS,C6,7,0
6/16/2021,Abby,Summer 2021 exp 1,S.m,0.1,P.rett,0.1,S.m-P.rett 0.1,13,7,1
6/16/2021,Abby,Summer 2021 exp 1,S.m,0.1,P.rett,0.1,S.m-P.rett 0.1,13,7,0
6/16/2021,Abby,Summer 2021 exp 1,S.m,0.1,P.rett,0.1,S.m-P.rett 0.1,13,7,0
6/16/2021,Abby,Summer 2021 exp 1,S.m,0.1,P.rett,0.1,S.m-P.rett 0.1,13,7,0
6/16/2021,Abby,Summer 2021 exp 1,S.m,0.1,P.rett,0.1,S.m-P.rett 0.1,13,7,0
6/16/2021,Abby,Summer 2021 exp 1,S.m,0.1,P.rett,0.1,S.m-P.rett 0.1,13,7,0
6/16/2021,Abby,Summer 2021 exp 1,S.m,0.1,P.rett,0.1,S.m-P.rett 0.1,13,7,0
6/16/2021,Abby,Summer 2021 exp 1,S.m,0.1,P.rett,0.1,S.m-P.rett 0.1,13,7,0
6/16/2021,Abby,Summer 2021 exp 1,S.m,0.1,P.rett,0.1,S.m-P.rett 0.1,13,7,0
6/16/2021,Abby,Summer 2021 exp 1,S.m,0.1,P.rett,0.1,S.m-P.rett 0.1,13,7,0
6/16/2021,Abby,Summer 2021 exp 1,S.m,0.1,P.rett,0.1,S.m-P.rett 0.1,14,1,1
6/16/2021,Abby,Summer 2021 exp 1,S.m,0.1,P.rett,0.1,S.m-P.rett 0.1,14,1,1
6/16/2021,Abby,Summer 2021 exp 1,S.m,0.1,P.rett,0.1,S.m-P.rett 0.1,14,1,1
6/16/2021,Abby,Summer 2021 exp 1,S.m,0.1,P.rett,0.1,S.m-P.rett 0.1,14,3,1
6/16/2021,Abby,Summer 2021 exp 1,S.m,0.1,P.rett,0.1,S.m-P.rett 0.1,14,7,0
6/16/2021,Abby,Summer 2021 exp 1,S.m,0.1,P.rett,0.1,S.m-P.rett 0.1,14,7,0
6/16/2021,Abby,Summer 2021 exp 1,S.m,0.1,P.rett,0.1,S.m-P.rett 0.1,14,7,0
6/16/2021,Abby,Summer 2021 exp 1,S.m,0.1,P.rett,0.1,S.m-P.rett 0.1,14,7,0
6/16/2021,Abby,Summer 2021 exp 1,S.m,0.1,P.rett,0.1,S.m-P.rett 0.1,14,7,0
6/16/2021,Abby,Summer 2021 exp 1,S.m,0.1,P.rett,0.1,S.m-P.rett 0.1,14,7,0
6/16/2021,Abby,Summer 2021 exp 1,S.m,0.1,P.rett,0.1,S.m-P.rett 0.1,15,5,1
6/16/2021,Abby,Summer 2021 exp 1,S.m,0.1,P.rett,0.1,S.m-P.rett 0.1,15,7,0
6/16/2021,Abby,Summer 2021 exp 1,S.m,0.1,P.rett,0.1,S.m-P.rett 0.1,15,7,0
6/16/2021,Abby,Summer 2021 exp 1,S.m,0.1,P.rett,0.1,S.m-P.rett 0.1,15,7,0
6/16/2021,Abby,Summer 2021 exp 1,S.m,0.1,P.rett,0.1,S.m-P.rett 0.1,15,7,0
6/16/2021,Abby,Summer 2021 exp 1,S.m,0.1,P.rett,0.1,S.m-P.rett 0.1,15,7,0
6/16/2021,Abby,Summer 2021 exp 1,S.m,0.1,P.rett,0.1,S.m-P.rett 0.1,15,7,0
6/16/2021,Abby,Summer 2021 exp 1,S.m,0.1,P.rett,0.1,S.m-P.rett 0.1,15,7,0
6/16/2021,Abby,Summer 2021 exp 1,S.m,0.1,P.rett,0.1,S.m-P.rett 0.1,15,7,0
6/16/2021,Abby,Summer 2021 exp 1,S.m,0.1,P.rett,1,S.m-P.rett 1.0,16,7,1
6/16/2021,Abby,Summer 2021 exp 1,S.m,0.1,P.rett,1,S.m-P.rett 1.0,16,7,0
6/16/2021,Abby,Summer 2021 exp 1,S.m,0.1,P.rett,1,S.m-P.rett 1.0,16,7,0
6/16/2021,Abby,Summer 2021 exp 1,S.m,0.1,P.rett,1,S.m-P.rett 1.0,16,7,0
6/16/2021,Abby,Summer 2021 exp 1,S.m,0.1,P.rett,1,S.m-P.rett 1.0,16,7,0
6/16/2021,Abby,Summer 2021 exp 1,S.m,0.1,P.rett,1,S.m-P.rett 1.0,16,7,0
6/16/2021,Abby,Summer 2021 exp 1,S.m,0.1,P.rett,1,S.m-P.rett 1.0,16,7,0
6/16/2021,Abby,Summer 2021 exp 1,S.m,0.1,P.rett,1,S.m-P.rett 1.0,16,7,0
6/16/2021,Abby,Summer 2021 exp 1,S.m,0.1,P.rett,1,S.m-P.rett 1.0,16,7,0
6/16/2021,Abby,Summer 2021 exp 1,S.m,0.1,P.rett,1,S.m-P.rett 1.0,16,7,0
6/16/2021,Abby,Summer 2021 exp 1,S.m,0.1,P.rett,1,S.m-P.rett 1.0,17,1,1
6/16/2021,Abby,Summer 2021 exp 1,S.m,0.1,P.rett,1,S.m-P.rett 1.0,17,7,0
6/16/2021,Abby,Summer 2021 exp 1,S.m,0.1,P.rett,1,S.m-P.rett 1.0,17,7,0
6/16/2021,Abby,Summer 2021 exp 1,S.m,0.1,P.rett,1,S.m-P.rett 1.0,17,7,0
6/16/2021,Abby,Summer 2021 exp 1,S.m,0.1,P.rett,1,S.m-P.rett 1.0,17,7,0
6/16/2021,Abby,Summer 2021 exp 1,S.m,0.1,P.rett,1,S.m-P.rett 1.0,17,7,0
6/16/2021,Abby,Summer 2021 exp 1,S.m,0.1,P.rett,1,S.m-P.rett 1.0,17,7,0
6/16/2021,Abby,Summer 2021 exp 1,S.m,0.1,P.rett,1,S.m-P.rett 1.0,17,7,0
6/16/2021,Abby,Summer 2021 exp 1,S.m,0.1,P.rett,1,S.m-P.rett 1.0,17,7,0
6/16/2021,Abby,Summer 2021 exp 1,S.m,0.1,P.rett,1,S.m-P.rett 1.0,17,7,0
6/16/2021,Abby,Summer 2021 exp 1,S.m,0.1,P.rett,1,S.m-P.rett 1.0,18,1,1
6/16/2021,Abby,Summer 2021 exp 1,S.m,0.1,P.rett,1,S.m-P.rett 1.0,18,3,1
6/16/2021,Abby,Summer 2021 exp 1,S.m,0.1,P.rett,1,S.m-P.rett 1.0,18,7,0
6/16/2021,Abby,Summer 2021 exp 1,S.m,0.1,P.rett,1,S.m-P.rett 1.0,18,7,0
6/16/2021,Abby,Summer 2021 exp 1,S.m,0.1,P.rett,1,S.m-P.rett 1.0,18,7,0
6/16/2021,Abby,Summer 2021 exp 1,S.m,0.1,P.rett,1,S.m-P.rett 1.0,18,7,0
6/16/2021,Abby,Summer 2021 exp 1,S.m,0.1,P.rett,1,S.m-P.rett 1.0,18,7,0
6/16/2021,Abby,Summer 2021 exp 1,S.m,0.1,P.rett,1,S.m-P.rett 1.0,18,7,0
6/16/2021,Abby,Summer 2021 exp 1,S.m,0.1,P.rett,1,S.m-P.rett 1.0,18,7,0
6/16/2021,Abby,Summer 2021 exp 1,S.m,0.1,P.rett,2,S.m-P.rett 2,19,1,1
6/16/2021,Abby,Summer 2021 exp 1,S.m,0.1,P.rett,2,S.m-P.rett 2,19,1,1
6/16/2021,Abby,Summer 2021 exp 1,S.m,0.1,P.rett,2,S.m-P.rett 2,19,7,0
6/16/2021,Abby,Summer 2021 exp 1,S.m,0.1,P.rett,2,S.m-P.rett 2,19,7,0
6/16/2021,Abby,Summer 2021 exp 1,S.m,0.1,P.rett,2,S.m-P.rett 2,19,7,0
6/16/2021,Abby,Summer 2021 exp 1,S.m,0.1,P.rett,2,S.m-P.rett 2,19,7,0
6/16/2021,Abby,Summer 2021 exp 1,S.m,0.1,P.rett,2,S.m-P.rett 2,19,7,0
6/16/2021,Abby,Summer 2021 exp 1,S.m,0.1,P.rett,2,S.m-P.rett 2,19,7,0
6/16/2021,Abby,Summer 2021 exp 1,S.m,0.1,P.rett,2,S.m-P.rett 2,19,7,0
6/16/2021,Abby,Summer 2021 exp 1,S.m,0.1,P.rett,2,S.m-P.rett 2,20,7,0
6/16/2021,Abby,Summer 2021 exp 1,S.m,0.1,P.rett,2,S.m-P.rett 2,20,7,0
6/16/2021,Abby,Summer 2021 exp 1,S.m,0.1,P.rett,2,S.m-P.rett 2,20,7,0
6/16/2021,Abby,Summer 2021 exp 1,S.m,0.1,P.rett,2,S.m-P.rett 2,20,7,0
6/16/2021,Abby,Summer 2021 exp 1,S.m,0.1,P.rett,2,S.m-P.rett 2,20,7,0
6/16/2021,Abby,Summer 2021 exp 1,S.m,0.1,P.rett,2,S.m-P.rett 2,20,7,0
6/16/2021,Abby,Summer 2021 exp 1,S.m,0.1,P.rett,2,S.m-P.rett 2,20,7,0
6/16/2021,Abby,Summer 2021 exp 1,S.m,0.1,P.rett,2,S.m-P.rett 2,20,7,0
6/16/2021,Abby,Summer 2021 exp 1,S.m,0.1,P.rett,2,S.m-P.rett 2,20,7,0
6/16/2021,Abby,Summer 2021 exp 1,S.m,0.1,P.rett,2,S.m-P.rett 2,20,7,0
6/16/2021,Abby,Summer 2021 exp 1,S.m,0.1,P.rett,2,S.m-P.rett 2,21,1,1
6/16/2021,Abby,Summer 2021 exp 1,S.m,0.1,P.rett,2,S.m-P.rett 2,21,2,1
6/16/2021,Abby,Summer 2021 exp 1,S.m,0.1,P.rett,2,S.m-P.rett 2,21,3,1
6/16/2021,Abby,Summer 2021 exp 1,S.m,0.1,P.rett,2,S.m-P.rett 2,21,7,0
6/16/2021,Abby,Summer 2021 exp 1,S.m,0.1,P.rett,2,S.m-P.rett 2,21,7,0
6/16/2021,Abby,Summer 2021 exp 1,S.m,0.1,P.rett,2,S.m-P.rett 2,21,7,0
6/16/2021,Abby,Summer 2021 exp 1,S.m,0.1,P.rett,2,S.m-P.rett 2,21,7,0
6/16/2021,Abby,Summer 2021 exp 1,S.m,0.1,P.rett,2,S.m-P.rett 2,21,7,0
6/16/2021,Abby,Summer 2021 exp 1,S.m,0.1,P.rett,5,S.m-P.rett 5,22,1,1
6/16/2021,Abby,Summer 2021 exp 1,S.m,0.1,P.rett,5,S.m-P.rett 5,22,2,1
6/16/2021,Abby,Summer 2021 exp 1,S.m,0.1,P.rett,5,S.m-P.rett 5,22,7,0
6/16/2021,Abby,Summer 2021 exp 1,S.m,0.1,P.rett,5,S.m-P.rett 5,22,7,0
6/16/2021,Abby,Summer 2021 exp 1,S.m,0.1,P.rett,5,S.m-P.rett 5,22,7,0
6/16/2021,Abby,Summer 2021 exp 1,S.m,0.1,P.rett,5,S.m-P.rett 5,22,7,0
6/16/2021,Abby,Summer 2021 exp 1,S.m,0.1,P.rett,5,S.m-P.rett 5,22,7,0
6/16/2021,Abby,Summer 2021 exp 1,S.m,0.1,P.rett,5,S.m-P.rett 5,22,7,0
6/16/2021,Abby,Summer 2021 exp 1,S.m,0.1,P.rett,5,S.m-P.rett 5,22,7,0
6/16/2021,Abby,Summer 2021 exp 1,S.m,0.1,P.rett,5,S.m-P.rett 5,22,7,0
6/16/2021,Abby,Summer 2021 exp 1,S.m,0.1,P.rett,5,S.m-P.rett 5,23,1,1
6/16/2021,Abby,Summer 2021 exp 1,S.m,0.1,P.rett,5,S.m-P.rett 5,23,7,0
6/16/2021,Abby,Summer 2021 exp 1,S.m,0.1,P.rett,5,S.m-P.rett 5,23,7,0
6/16/2021,Abby,Summer 2021 exp 1,S.m,0.1,P.rett,5,S.m-P.rett 5,23,7,0
6/16/2021,Abby,Summer 2021 exp 1,S.m,0.1,P.rett,5,S.m-P.rett 5,23,7,0
6/16/2021,Abby,Summer 2021 exp 1,S.m,0.1,P.rett,5,S.m-P.rett 5,23,7,0
6/16/2021,Abby,Summer 2021 exp 1,S.m,0.1,P.rett,5,S.m-P.rett 5,23,7,0
6/16/2021,Abby,Summer 2021 exp 1,S.m,0.1,P.rett,5,S.m-P.rett 5,23,7,0
6/16/2021,Abby,Summer 2021 exp 1,S.m,0.1,P.rett,5,S.m-P.rett 5,23,7,0
6/16/2021,Abby,Summer 2021 exp 1,S.m,0.1,P.rett,5,S.m-P.rett 5,23,7,0
6/16/2021,Abby,Summer 2021 exp 1,S.m,0.1,P.rett,5,S.m-P.rett 5,24,1,1
6/16/2021,Abby,Summer 2021 exp 1,S.m,0.1,P.rett,5,S.m-P.rett 5,24,7,0
6/16/2021,Abby,Summer 2021 exp 1,S.m,0.1,P.rett,5,S.m-P.rett 5,24,7,0
6/16/2021,Abby,Summer 2021 exp 1,S.m,0.1,P.rett,5,S.m-P.rett 5,24,7,0
6/16/2021,Abby,Summer 2021 exp 1,S.m,0.1,P.rett,5,S.m-P.rett 5,24,7,0
6/16/2021,Abby,Summer 2021 exp 1,S.m,0.1,P.rett,5,S.m-P.rett 5,24,7,0
6/16/2021,Abby,Summer 2021 exp 1,S.m,0.1,P.rett,5,S.m-P.rett 5,24,7,0
6/17/2021,Abby,Summer 2021 exp 2,PBS,0,PBS,0,PBS-PBS Control,C1,7,0
6/17/2021,Abby,Summer 2021 exp 2,PBS,0,PBS,0,PBS-PBS Control,C1,7,0
6/17/2021,Abby,Summer 2021 exp 2,PBS,0,PBS,0,PBS-PBS Control,C1,7,0
6/17/2021,Abby,Summer 2021 exp 2,PBS,0,PBS,0,PBS-PBS Control,C1,7,0
6/17/2021,Abby,Summer 2021 exp 2,PBS,0,PBS,0,PBS-PBS Control,C1,7,0
6/17/2021,Abby,Summer 2021 exp 2,PBS,0,PBS,0,PBS-PBS Control,C1,7,0
6/17/2021,Abby,Summer 2021 exp 2,PBS,0,PBS,0,PBS-PBS Control,C1,7,0
6/17/2021,Abby,Summer 2021 exp 2,PBS,0,PBS,0,PBS-PBS Control,C1,7,0
6/17/2021,Abby,Summer 2021 exp 2,PBS,0,PBS,0,PBS-PBS Control,C1,7,0
6/17/2021,Abby,Summer 2021 exp 2,PBS,0,PBS,0,PBS-PBS Control,C1,7,0
6/17/2021,Abby,Summer 2021 exp 2,PBS,0,PBS,0,PBS-PBS Control,C2,7,0
6/17/2021,Abby,Summer 2021 exp 2,PBS,0,PBS,0,PBS-PBS Control,C2,7,0
6/17/2021,Abby,Summer 2021 exp 2,PBS,0,PBS,0,PBS-PBS Control,C2,7,0
6/17/2021,Abby,Summer 2021 exp 2,PBS,0,PBS,0,PBS-PBS Control,C2,7,0
6/17/2021,Abby,Summer 2021 exp 2,PBS,0,PBS,0,PBS-PBS Control,C2,7,0
6/17/2021,Abby,Summer 2021 exp 2,PBS,0,PBS,0,PBS-PBS Control,C2,7,0
6/17/2021,Abby,Summer 2021 exp 2,PBS,0,PBS,0,PBS-PBS Control,C2,7,0
6/17/2021,Abby,Summer 2021 exp 2,PBS,0,PBS,0,PBS-PBS Control,C2,7,0
6/17/2021,Abby,Summer 2021 exp 2,PBS,0,P.rett,2,PBS-P.rett Control,C3,1,1
6/17/2021,Abby,Summer 2021 exp 2,PBS,0,P.rett,2,PBS-P.rett Control,C3,1,1
6/17/2021,Abby,Summer 2021 exp 2,PBS,0,P.rett,2,PBS-P.rett Control,C3,1,1
6/17/2021,Abby,Summer 2021 exp 2,PBS,0,P.rett,2,PBS-P.rett Control,C3,1,1
6/17/2021,Abby,Summer 2021 exp 2,PBS,0,P.rett,2,PBS-P.rett Control,C3,1,1
6/17/2021,Abby,Summer 2021 exp 2,PBS,0,P.rett,2,PBS-P.rett Control,C3,1,1
6/17/2021,Abby,Summer 2021 exp 2,PBS,0,P.rett,2,PBS-P.rett Control,C3,1,1
6/17/2021,Abby,Summer 2021 exp 2,PBS,0,P.rett,2,PBS-P.rett Control,C3,1,1
6/17/2021,Abby,Summer 2021 exp 2,PBS,0,P.rett,2,PBS-P.rett Control,C3,2,1
6/17/2021,Abby,Summer 2021 exp 2,PBS,0,P.rett,2,PBS-P.rett Control,C3,2,1
6/17/2021,Abby,Summer 2021 exp 2,PBS,0,P.rett,2,PBS-P.rett Control,C4,1,1
6/17/2021,Abby,Summer 2021 exp 2,PBS,0,P.rett,2,PBS-P.rett Control,C4,1,1
6/17/2021,Abby,Summer 2021 exp 2,PBS,0,P.rett,2,PBS-P.rett Control,C4,1,1
6/17/2021,Abby,Summer 2021 exp 2,PBS,0,P.rett,2,PBS-P.rett Control,C4,1,1
6/17/2021,Abby,Summer 2021 exp 2,PBS,0,P.rett,2,PBS-P.rett Control,C4,1,1
6/17/2021,Abby,Summer 2021 exp 2,PBS,0,P.rett,2,PBS-P.rett Control,C4,1,1
6/17/2021,Abby,Summer 2021 exp 2,PBS,0,P.rett,2,PBS-P.rett Control,C4,1,1
6/17/2021,Abby,Summer 2021 exp 2,PBS,0,P.rett,2,PBS-P.rett Control,C4,1,1
6/17/2021,Abby,Summer 2021 exp 2,PBS,0,P.rett,2,PBS-P.rett Control,C4,2,1
6/17/2021,Abby,Summer 2021 exp 2,PBS,0,P.rett,2,PBS-P.rett Control,C4,2,1
6/17/2021,Abby,Summer 2021 exp 2,PBS,0,P.rett,2,PBS-P.rett Control,C5,1,1
6/17/2021,Abby,Summer 2021 exp 2,PBS,0,P.rett,2,PBS-P.rett Control,C5,1,1
6/17/2021,Abby,Summer 2021 exp 2,PBS,0,P.rett,2,PBS-P.rett Control,C5,1,1
6/17/2021,Abby,Summer 2021 exp 2,PBS,0,P.rett,2,PBS-P.rett Control,C5,2,1
6/17/2021,Abby,Summer 2021 exp 2,PBS,0,P.rett,2,PBS-P.rett Control,C5,2,1
6/17/2021,Abby,Summer 2021 exp 2,PBS,0,P.rett,2,PBS-P.rett Control,C5,2,1
6/17/2021,Abby,Summer 2021 exp 2,PBS,0,P.rett,2,PBS-P.rett Control,C5,2,1
6/17/2021,Abby,Summer 2021 exp 2,PBS,0,P.rett,2,PBS-P.rett Control,C5,2,1
6/17/2021,Abby,Summer 2021 exp 2,PBS,0,P.rett,2,PBS-P.rett Control,C5,2,1
6/17/2021,Abby,Summer 2021 exp 2,PBS,0,P.rett,2,PBS-P.rett Control,C5,2,1
6/17/2021,Abby,Summer 2021 exp 2,PBS,0,P.rett,2,PBS-P.rett Control,C6,1,1
6/17/2021,Abby,Summer 2021 exp 2,PBS,0,P.rett,2,PBS-P.rett Control,C6,1,1
6/17/2021,Abby,Summer 2021 exp 2,PBS,0,P.rett,2,PBS-P.rett Control,C6,1,1
6/17/2021,Abby,Summer 2021 exp 2,PBS,0,P.rett,2,PBS-P.rett Control,C6,1,1
6/17/2021,Abby,Summer 2021 exp 2,PBS,0,P.rett,2,PBS-P.rett Control,C6,1,1
6/17/2021,Abby,Summer 2021 exp 2,PBS,0,P.rett,2,PBS-P.rett Control,C6,2,1
6/17/2021,Abby,Summer 2021 exp 2,PBS,0,P.rett,2,PBS-P.rett Control,C6,2,1
6/17/2021,Abby,Summer 2021 exp 2,S.m,0.001,P.rett,2,S.m 0.001,1,1,1
6/17/2021,Abby,Summer 2021 exp 2,S.m,0.001,P.rett,2,S.m 0.001,1,1,1
6/17/2021,Abby,Summer 2021 exp 2,S.m,0.001,P.rett,2,S.m 0.001,1,1,1
6/17/2021,Abby,Summer 2021 exp 2,S.m,0.001,P.rett,2,S.m 0.001,1,1,1
6/17/2021,Abby,Summer 2021 exp 2,S.m,0.001,P.rett,2,S.m 0.001,1,1,1
6/17/2021,Abby,Summer 2021 exp 2,S.m,0.001,P.rett,2,S.m 0.001,1,1,1
6/17/2021,Abby,Summer 2021 exp 2,S.m,0.001,P.rett,2,S.m 0.001,1,1,1
6/17/2021,Abby,Summer 2021 exp 2,S.m,0.001,P.rett,2,S.m 0.001,1,1,1
6/17/2021,Abby,Summer 2021 exp 2,S.m,0.001,P.rett,2,S.m 0.001,1,2,1
6/17/2021,Abby,Summer 2021 exp 2,S.m,0.001,P.rett,2,S.m 0.001,1,2,1
6/17/2021,Abby,Summer 2021 exp 2,S.m,0.001,P.rett,2,S.m 0.001,2,1,1
6/17/2021,Abby,Summer 2021 exp 2,S.m,0.001,P.rett,2,S.m 0.001,2,1,1
6/17/2021,Abby,Summer 2021 exp 2,S.m,0.001,P.rett,2,S.m 0.001,2,1,1
6/17/2021,Abby,Summer 2021 exp 2,S.m,0.001,P.rett,2,S.m 0.001,2,1,1
6/17/2021,Abby,Summer 2021 exp 2,S.m,0.001,P.rett,2,S.m 0.001,2,1,1
6/17/2021,Abby,Summer 2021 exp 2,S.m,0.001,P.rett,2,S.m 0.001,2,1,1
6/17/2021,Abby,Summer 2021 exp 2,S.m,0.001,P.rett,2,S.m 0.001,2,1,1
6/17/2021,Abby,Summer 2021 exp 2,S.m,0.001,P.rett,2,S.m 0.001,2,1,1
6/17/2021,Abby,Summer 2021 exp 2,S.m,0.001,P.rett,2,S.m 0.001,2,2,1
6/17/2021,Abby,Summer 2021 exp 2,S.m,0.001,P.rett,2,S.m 0.001,2,7,0
6/17/2021,Abby,Summer 2021 exp 2,S.m,0.001,P.rett,2,S.m 0.001,3,1,1
6/17/2021,Abby,Summer 2021 exp 2,S.m,0.001,P.rett,2,S.m 0.001,3,1,1
6/17/2021,Abby,Summer 2021 exp 2,S.m,0.001,P.rett,2,S.m 0.001,3,1,1
6/17/2021,Abby,Summer 2021 exp 2,S.m,0.001,P.rett,2,S.m 0.001,3,1,1
6/17/2021,Abby,Summer 2021 exp 2,S.m,0.001,P.rett,2,S.m 0.001,3,1,1
6/17/2021,Abby,Summer 2021 exp 2,S.m,0.001,P.rett,2,S.m 0.001,3,1,1
6/17/2021,Abby,Summer 2021 exp 2,S.m,0.001,P.rett,2,S.m 0.001,3,1,1
6/17/2021,Abby,Summer 2021 exp 2,S.m,0.001,P.rett,2,S.m 0.001,3,2,1
6/17/2021,Abby,Summer 2021 exp 2,S.m,0.001,P.rett,2,S.m 0.001,3,2,1
6/17/2021,Abby,Summer 2021 exp 2,S.m,0.001,P.rett,2,S.m 0.001,3,2,1
6/17/2021,Abby,Summer 2021 exp 2,S.m,0.001,P.rett,2,S.m 0.001,4,1,1
6/17/2021,Abby,Summer 2021 exp 2,S.m,0.001,P.rett,2,S.m 0.001,4,1,1
6/17/2021,Abby,Summer 2021 exp 2,S.m,0.001,P.rett,2,S.m 0.001,4,1,1
6/17/2021,Abby,Summer 2021 exp 2,S.m,0.001,P.rett,2,S.m 0.001,4,1,1
6/17/2021,Abby,Summer 2021 exp 2,S.m,0.001,P.rett,2,S.m 0.001,4,1,1
6/17/2021,Abby,Summer 2021 exp 2,S.m,0.001,P.rett,2,S.m 0.001,4,1,1
6/17/2021,Abby,Summer 2021 exp 2,S.m,0.001,P.rett,2,S.m 0.001,4,2,1
6/17/2021,Abby,Summer 2021 exp 2,S.m,0.001,P.rett,2,S.m 0.001,4,3,1
6/17/2021,Abby,Summer 2021 exp 2,S.m,0.001,P.rett,2,S.m 0.001,4,7,0
6/17/2021,Abby,Summer 2021 exp 2,S.m,0.001,P.rett,2,S.m 0.001,4,7,0
6/17/2021,Abby,Summer 2021 exp 2,S.m,0.001,P.rett,2,S.m 0.001,5,1,1
6/17/2021,Abby,Summer 2021 exp 2,S.m,0.001,P.rett,2,S.m 0.001,5,1,1
6/17/2021,Abby,Summer 2021 exp 2,S.m,0.001,P.rett,2,S.m 0.001,5,1,1
6/17/2021,Abby,Summer 2021 exp 2,S.m,0.001,P.rett,2,S.m 0.001,5,1,1
6/17/2021,Abby,Summer 2021 exp 2,S.m,0.001,P.rett,2,S.m 0.001,5,2,1
6/17/2021,Abby,Summer 2021 exp 2,S.m,0.001,P.rett,2,S.m 0.001,5,2,1
6/17/2021,Abby,Summer 2021 exp 2,S.m,0.001,P.rett,2,S.m 0.001,5,2,1
6/17/2021,Abby,Summer 2021 exp 2,S.m,0.01,P.rett,2,S.m 0.01,6,1,1
6/17/2021,Abby,Summer 2021 exp 2,S.m,0.01,P.rett,2,S.m 0.01,6,1,1
6/17/2021,Abby,Summer 2021 exp 2,S.m,0.01,P.rett,2,S.m 0.01,6,1,1
6/17/2021,Abby,Summer 2021 exp 2,S.m,0.01,P.rett,2,S.m 0.01,6,1,1
6/17/2021,Abby,Summer 2021 exp 2,S.m,0.01,P.rett,2,S.m 0.01,6,1,1
6/17/2021,Abby,Summer 2021 exp 2,S.m,0.01,P.rett,2,S.m 0.01,6,1,1
6/17/2021,Abby,Summer 2021 exp 2,S.m,0.01,P.rett,2,S.m 0.01,6,1,1
6/17/2021,Abby,Summer 2021 exp 2,S.m,0.01,P.rett,2,S.m 0.01,6,5,1
6/17/2021,Abby,Summer 2021 exp 2,S.m,0.01,P.rett,2,S.m 0.01,6,7,0
6/17/2021,Abby,Summer 2021 exp 2,S.m,0.01,P.rett,2,S.m 0.01,6,7,0
6/17/2021,Abby,Summer 2021 exp 2,S.m,0.01,P.rett,2,S.m 0.01,7,1,1
6/17/2021,Abby,Summer 2021 exp 2,S.m,0.01,P.rett,2,S.m 0.01,7,1,1
6/17/2021,Abby,Summer 2021 exp 2,S.m,0.01,P.rett,2,S.m 0.01,7,1,1
6/17/2021,Abby,Summer 2021 exp 2,S.m,0.01,P.rett,2,S.m 0.01,7,1,1
6/17/2021,Abby,Summer 2021 exp 2,S.m,0.01,P.rett,2,S.m 0.01,7,1,1
6/17/2021,Abby,Summer 2021 exp 2,S.m,0.01,P.rett,2,S.m 0.01,7,1,1
6/17/2021,Abby,Summer 2021 exp 2,S.m,0.01,P.rett,2,S.m 0.01,7,2,1
6/17/2021,Abby,Summer 2021 exp 2,S.m,0.01,P.rett,2,S.m 0.01,7,2,1
6/17/2021,Abby,Summer 2021 exp 2,S.m,0.01,P.rett,2,S.m 0.01,7,6,1
6/17/2021,Abby,Summer 2021 exp 2,S.m,0.01,P.rett,2,S.m 0.01,7,6,1
6/17/2021,Abby,Summer 2021 exp 2,S.m,0.01,P.rett,2,S.m 0.01,8,1,1
6/17/2021,Abby,Summer 2021 exp 2,S.m,0.01,P.rett,2,S.m 0.01,8,1,1
6/17/2021,Abby,Summer 2021 exp 2,S.m,0.01,P.rett,2,S.m 0.01,8,1,1
6/17/2021,Abby,Summer 2021 exp 2,S.m,0.01,P.rett,2,S.m 0.01,8,1,1
6/17/2021,Abby,Summer 2021 exp 2,S.m,0.01,P.rett,2,S.m 0.01,8,2,1
6/17/2021,Abby,Summer 2021 exp 2,S.m,0.01,P.rett,2,S.m 0.01,8,2,1
6/17/2021,Abby,Summer 2021 exp 2,S.m,0.01,P.rett,2,S.m 0.01,8,2,1
6/17/2021,Abby,Summer 2021 exp 2,S.m,0.01,P.rett,2,S.m 0.01,8,2,1
6/17/2021,Abby,Summer 2021 exp 2,S.m,0.01,P.rett,2,S.m 0.01,8,2,1
6/17/2021,Abby,Summer 2021 exp 2,S.m,0.01,P.rett,2,S.m 0.01,8,6,1
6/17/2021,Abby,Summer 2021 exp 2,S.m,0.01,P.rett,2,S.m 0.01,9,1,1
6/17/2021,Abby,Summer 2021 exp 2,S.m,0.01,P.rett,2,S.m 0.01,9,1,1
6/17/2021,Abby,Summer 2021 exp 2,S.m,0.01,P.rett,2,S.m 0.01,9,1,1
6/17/2021,Abby,Summer 2021 exp 2,S.m,0.01,P.rett,2,S.m 0.01,9,1,1
6/17/2021,Abby,Summer 2021 exp 2,S.m,0.01,P.rett,2,S.m 0.01,9,1,1
6/17/2021,Abby,Summer 2021 exp 2,S.m,0.01,P.rett,2,S.m 0.01,9,1,1
6/17/2021,Abby,Summer 2021 exp 2,S.m,0.01,P.rett,2,S.m 0.01,9,2,1
6/17/2021,Abby,Summer 2021 exp 2,S.m,0.01,P.rett,2,S.m 0.01,9,7,0
6/17/2021,Abby,Summer 2021 exp 2,S.m,0.01,P.rett,2,S.m 0.01,9,7,0
6/17/2021,Abby,Summer 2021 exp 2,S.m,0.01,P.rett,2,S.m 0.01,9,7,0
6/17/2021,Abby,Summer 2021 exp 2,S.m,0.01,P.rett,2,S.m 0.01,10,1,1
6/17/2021,Abby,Summer 2021 exp 2,S.m,0.01,P.rett,2,S.m 0.01,10,1,1
6/17/2021,Abby,Summer 2021 exp 2,S.m,0.01,P.rett,2,S.m 0.01,10,1,1
6/17/2021,Abby,Summer 2021 exp 2,S.m,0.01,P.rett,2,S.m 0.01,10,1,1
6/17/2021,Abby,Summer 2021 exp 2,S.m,0.01,P.rett,2,S.m 0.01,10,1,1
6/17/2021,Abby,Summer 2021 exp 2,S.m,0.01,P.rett,2,S.m 0.01,10,2,1
6/17/2021,Abby,Summer 2021 exp 2,S.m,0.01,P.rett,2,S.m 0.01,10,2,1
6/17/2021,Abby,Summer 2021 exp 2,S.m,0.1,P.rett,2,S.m 0.1,11,2,1
6/17/2021,Abby,Summer 2021 exp 2,S.m,0.1,P.rett,2,S.m 0.1,11,2,1
6/17/2021,Abby,Summer 2021 exp 2,S.m,0.1,P.rett,2,S.m 0.1,11,2,1
6/17/2021,Abby,Summer 2021 exp 2,S.m,0.1,P.rett,2,S.m 0.1,11,6,1
6/17/2021,Abby,Summer 2021 exp 2,S.m,0.1,P.rett,2,S.m 0.1,11,7,0
6/17/2021,Abby,Summer 2021 exp 2,S.m,0.1,P.rett,2,S.m 0.1,11,7,0
6/17/2021,Abby,Summer 2021 exp 2,S.m,0.1,P.rett,2,S.m 0.1,11,7,0
6/17/2021,Abby,Summer 2021 exp 2,S.m,0.1,P.rett,2,S.m 0.1,11,7,0
6/17/2021,Abby,Summer 2021 exp 2,S.m,0.1,P.rett,2,S.m 0.1,11,7,0
6/17/2021,Abby,Summer 2021 exp 2,S.m,0.1,P.rett,2,S.m 0.1,11,7,0
6/17/2021,Abby,Summer 2021 exp 2,S.m,0.1,P.rett,2,S.m 0.1,12,1,1
6/17/2021,Abby,Summer 2021 exp 2,S.m,0.1,P.rett,2,S.m 0.1,12,1,1
6/17/2021,Abby,Summer 2021 exp 2,S.m,0.1,P.rett,2,S.m 0.1,12,4,1
6/17/2021,Abby,Summer 2021 exp 2,S.m,0.1,P.rett,2,S.m 0.1,12,7,0
6/17/2021,Abby,Summer 2021 exp 2,S.m,0.1,P.rett,2,S.m 0.1,12,7,0
6/17/2021,Abby,Summer 2021 exp 2,S.m,0.1,P.rett,2,S.m 0.1,12,7,0
6/17/2021,Abby,Summer 2021 exp 2,S.m,0.1,P.rett,2,S.m 0.1,12,7,0
6/17/2021,Abby,Summer 2021 exp 2,S.m,0.1,P.rett,2,S.m 0.1,12,7,0
6/17/2021,Abby,Summer 2021 exp 2,S.m,0.1,P.rett,2,S.m 0.1,12,7,0
6/17/2021,Abby,Summer 2021 exp 2,S.m,0.1,P.rett,2,S.m 0.1,12,7,0
6/17/2021,Abby,Summer 2021 exp 2,S.m,0.1,P.rett,2,S.m 0.1,13,1,1
6/17/2021,Abby,Summer 2021 exp 2,S.m,0.1,P.rett,2,S.m 0.1,13,2,1
6/17/2021,Abby,Summer 2021 exp 2,S.m,0.1,P.rett,2,S.m 0.1,13,2,1
6/17/2021,Abby,Summer 2021 exp 2,S.m,0.1,P.rett,2,S.m 0.1,13,7,1
6/17/2021,Abby,Summer 2021 exp 2,S.m,0.1,P.rett,2,S.m 0.1,13,7,0
6/17/2021,Abby,Summer 2021 exp 2,S.m,0.1,P.rett,2,S.m 0.1,13,7,0
6/17/2021,Abby,Summer 2021 exp 2,S.m,0.1,P.rett,2,S.m 0.1,13,7,0
6/17/2021,Abby,Summer 2021 exp 2,S.m,0.1,P.rett,2,S.m 0.1,13,7,0
6/17/2021,Abby,Summer 2021 exp 2,S.m,0.1,P.rett,2,S.m 0.1,13,7,0
6/17/2021,Abby,Summer 2021 exp 2,S.m,0.1,P.rett,2,S.m 0.1,13,7,0
6/17/2021,Abby,Summer 2021 exp 2,S.m,0.1,P.rett,2,S.m 0.1,14,1,1
6/17/2021,Abby,Summer 2021 exp 2,S.m,0.1,P.rett,2,S.m 0.1,14,3,1
6/17/2021,Abby,Summer 2021 exp 2,S.m,0.1,P.rett,2,S.m 0.1,14,7,0
6/17/2021,Abby,Summer 2021 exp 2,S.m,0.1,P.rett,2,S.m 0.1,14,7,0
6/17/2021,Abby,Summer 2021 exp 2,S.m,0.1,P.rett,2,S.m 0.1,14,7,0
6/17/2021,Abby,Summer 2021 exp 2,S.m,0.1,P.rett,2,S.m 0.1,14,7,0
6/17/2021,Abby,Summer 2021 exp 2,S.m,0.1,P.rett,2,S.m 0.1,14,7,0
6/17/2021,Abby,Summer 2021 exp 2,S.m,0.1,P.rett,2,S.m 0.1,14,7,0
6/17/2021,Abby,Summer 2021 exp 2,S.m,0.1,P.rett,2,S.m 0.1,14,7,0
6/17/2021,Abby,Summer 2021 exp 2,S.m,0.1,P.rett,2,S.m 0.1,14,7,0
6/17/2021,Abby,Summer 2021 exp 2,S.m,0.1,P.rett,2,S.m 0.1,15,2,1
6/17/2021,Abby,Summer 2021 exp 2,S.m,0.1,P.rett,2,S.m 0.1,15,7,0
6/17/2021,Abby,Summer 2021 exp 2,S.m,0.1,P.rett,2,S.m 0.1,15,7,0
6/17/2021,Abby,Summer 2021 exp 2,S.m,0.1,P.rett,2,S.m 0.1,15,7,0
6/17/2021,Abby,Summer 2021 exp 2,S.m,1,P.rett,2,S.m 1,16,2,1
6/17/2021,Abby,Summer 2021 exp 2,S.m,1,P.rett,2,S.m 1,16,3,1
6/17/2021,Abby,Summer 2021 exp 2,S.m,1,P.rett,2,S.m 1,16,4,1
6/17/2021,Abby,Summer 2021 exp 2,S.m,1,P.rett,2,S.m 1,16,6,1
6/17/2021,Abby,Summer 2021 exp 2,S.m,1,P.rett,2,S.m 1,16,6,1
6/17/2021,Abby,Summer 2021 exp 2,S.m,1,P.rett,2,S.m 1,16,7,1
6/17/2021,Abby,Summer 2021 exp 2,S.m,1,P.rett,2,S.m 1,16,7,0
6/17/2021,Abby,Summer 2021 exp 2,S.m,1,P.rett,2,S.m 1,16,7,0
6/17/2021,Abby,Summer 2021 exp 2,S.m,1,P.rett,2,S.m 1,16,7,0
6/17/2021,Abby,Summer 2021 exp 2,S.m,1,P.rett,2,S.m 1,16,7,0
6/17/2021,Abby,Summer 2021 exp 2,S.m,1,P.rett,2,S.m 1,17,2,1
6/17/2021,Abby,Summer 2021 exp 2,S.m,1,P.rett,2,S.m 1,17,7,0
6/17/2021,Abby,Summer 2021 exp 2,S.m,1,P.rett,2,S.m 1,17,7,0
6/17/2021,Abby,Summer 2021 exp 2,S.m,1,P.rett,2,S.m 1,17,7,0
6/17/2021,Abby,Summer 2021 exp 2,S.m,1,P.rett,2,S.m 1,17,7,0
6/17/2021,Abby,Summer 2021 exp 2,S.m,1,P.rett,2,S.m 1,17,7,0
6/17/2021,Abby,Summer 2021 exp 2,S.m,1,P.rett,2,S.m 1,17,7,0
6/17/2021,Abby,Summer 2021 exp 2,S.m,1,P.rett,2,S.m 1,17,7,0
6/17/2021,Abby,Summer 2021 exp 2,S.m,1,P.rett,2,S.m 1,17,7,0
6/17/2021,Abby,Summer 2021 exp 2,S.m,1,P.rett,2,S.m 1,17,7,0
6/17/2021,Abby,Summer 2021 exp 2,S.m,1,P.rett,2,S.m 1,18,1,1
6/17/2021,Abby,Summer 2021 exp 2,S.m,1,P.rett,2,S.m 1,18,2,1
6/17/2021,Abby,Summer 2021 exp 2,S.m,1,P.rett,2,S.m 1,18,7,1
6/17/2021,Abby,Summer 2021 exp 2,S.m,1,P.rett,2,S.m 1,18,7,1
6/17/2021,Abby,Summer 2021 exp 2,S.m,1,P.rett,2,S.m 1,18,7,0
6/17/2021,Abby,Summer 2021 exp 2,S.m,1,P.rett,2,S.m 1,18,7,0
6/17/2021,Abby,Summer 2021 exp 2,S.m,1,P.rett,2,S.m 1,18,7,0
6/17/2021,Abby,Summer 2021 exp 2,S.m,1,P.rett,2,S.m 1,18,7,0
6/17/2021,Abby,Summer 2021 exp 2,S.m,1,P.rett,2,S.m 1,18,7,0
6/17/2021,Abby,Summer 2021 exp 2,S.m,1,P.rett,2,S.m 1,18,7,0
6/17/2021,Abby,Summer 2021 exp 2,S.m,1,P.rett,2,S.m 1,19,2,1
6/17/2021,Abby,Summer 2021 exp 2,S.m,1,P.rett,2,S.m 1,19,2,1
6/17/2021,Abby,Summer 2021 exp 2,S.m,1,P.rett,2,S.m 1,19,7,0
6/17/2021,Abby,Summer 2021 exp 2,S.m,1,P.rett,2,S.m 1,19,7,0
6/17/2021,Abby,Summer 2021 exp 2,S.m,1,P.rett,2,S.m 1,19,7,0
6/17/2021,Abby,Summer 2021 exp 2,S.m,1,P.rett,2,S.m 1,19,7,0
6/17/2021,Abby,Summer 2021 exp 2,S.m,1,P.rett,2,S.m 1,19,7,0
6/17/2021,Abby,Summer 2021 exp 2,S.m,1,P.rett,2,S.m 1,19,7,0
6/17/2021,Abby,Summer 2021 exp 2,S.m,1,P.rett,2,S.m 1,19,7,0
6/17/2021,Abby,Summer 2021 exp 2,S.m,1,P.rett,2,S.m 1,19,7,0
6/17/2021,Abby,Summer 2021 exp 2,S.m,1,P.rett,2,S.m 1,20,7,0
6/17/2021,Abby,Summer 2021 exp 2,S.m,1,P.rett,2,S.m 1,20,7,0
6/17/2021,Abby,Summer 2021 exp 2,S.m,2,P.rett,2,S.m 2,21,2,1
6/17/2021,Abby,Summer 2021 exp 2,S.m,2,P.rett,2,S.m 2,21,2,1
6/17/2021,Abby,Summer 2021 exp 2,S.m,2,P.rett,2,S.m 2,21,2,1
6/17/2021,Abby,Summer 2021 exp 2,S.m,2,P.rett,2,S.m 2,21,2,1
6/17/2021,Abby,Summer 2021 exp 2,S.m,2,P.rett,2,S.m 2,21,2,1
6/17/2021,Abby,Summer 2021 exp 2,S.m,2,P.rett,2,S.m 2,21,2,1
6/17/2021,Abby,Summer 2021 exp 2,S.m,2,P.rett,2,S.m 2,21,2,1
6/17/2021,Abby,Summer 2021 exp 2,S.m,2,P.rett,2,S.m 2,21,2,1
6/17/2021,Abby,Summer 2021 exp 2,S.m,2,P.rett,2,S.m 2,21,4,1
6/17/2021,Abby,Summer 2021 exp 2,S.m,2,P.rett,2,S.m 2,21,4,1
6/17/2021,Abby,Summer 2021 exp 2,S.m,2,P.rett,2,S.m 2,22,1,1
6/17/2021,Abby,Summer 2021 exp 2,S.m,2,P.rett,2,S.m 2,22,2,1
6/17/2021,Abby,Summer 2021 exp 2,S.m,2,P.rett,2,S.m 2,22,2,1
6/17/2021,Abby,Summer 2021 exp 2,S.m,2,P.rett,2,S.m 2,22,2,1
6/17/2021,Abby,Summer 2021 exp 2,S.m,2,P.rett,2,S.m 2,22,2,1
6/17/2021,Abby,Summer 2021 exp 2,S.m,2,P.rett,2,S.m 2,22,3,1
6/17/2021,Abby,Summer 2021 exp 2,S.m,2,P.rett,2,S.m 2,22,4,1
6/17/2021,Abby,Summer 2021 exp 2,S.m,2,P.rett,2,S.m 2,22,4,1
6/17/2021,Abby,Summer 2021 exp 2,S.m,2,P.rett,2,S.m 2,22,4,1
6/17/2021,Abby,Summer 2021 exp 2,S.m,2,P.rett,2,S.m 2,22,7,1
6/17/2021,Abby,Summer 2021 exp 2,S.m,2,P.rett,2,S.m 2,23,1,1
6/17/2021,Abby,Summer 2021 exp 2,S.m,2,P.rett,2,S.m 2,23,1,1
6/17/2021,Abby,Summer 2021 exp 2,S.m,2,P.rett,2,S.m 2,23,2,1
6/17/2021,Abby,Summer 2021 exp 2,S.m,2,P.rett,2,S.m 2,23,2,1
6/17/2021,Abby,Summer 2021 exp 2,S.m,2,P.rett,2,S.m 2,23,2,1
6/17/2021,Abby,Summer 2021 exp 2,S.m,2,P.rett,2,S.m 2,23,2,1
6/17/2021,Abby,Summer 2021 exp 2,S.m,2,P.rett,2,S.m 2,23,3,1
6/17/2021,Abby,Summer 2021 exp 2,S.m,2,P.rett,2,S.m 2,23,4,1
6/17/2021,Abby,Summer 2021 exp 2,S.m,2,P.rett,2,S.m 2,23,4,1
6/17/2021,Abby,Summer 2021 exp 2,S.m,2,P.rett,2,S.m 2,23,7,0
6/17/2021,Abby,Summer 2021 exp 2,S.m,2,P.rett,2,S.m 2,24,1,1
6/17/2021,Abby,Summer 2021 exp 2,S.m,2,P.rett,2,S.m 2,24,2,1
6/17/2021,Abby,Summer 2021 exp 2,S.m,2,P.rett,2,S.m 2,24,2,1
6/17/2021,Abby,Summer 2021 exp 2,S.m,2,P.rett,2,S.m 2,24,2,1
6/17/2021,Abby,Summer 2021 exp 2,S.m,2,P.rett,2,S.m 2,24,2,1
6/17/2021,Abby,Summer 2021 exp 2,S.m,2,P.rett,2,S.m 2,24,2,1
6/18/2021,Abby,Summer 2021 exp 3,PBS,0,PBS,0,PBS-PBS Control,C1,7,0
6/18/2021,Abby,Summer 2021 exp 3,PBS,0,PBS,0,PBS-PBS Control,C1,7,0
6/18/2021,Abby,Summer 2021 exp 3,PBS,0,PBS,0,PBS-PBS Control,C1,7,0
6/18/2021,Abby,Summer 2021 exp 3,PBS,0,PBS,0,PBS-PBS Control,C1,7,0
6/18/2021,Abby,Summer 2021 exp 3,PBS,0,PBS,0,PBS-PBS Control,C1,7,0
6/18/2021,Abby,Summer 2021 exp 3,PBS,0,PBS,0,PBS-PBS Control,C1,7,0
6/18/2021,Abby,Summer 2021 exp 3,PBS,0,PBS,0,PBS-PBS Control,C1,7,0
6/18/2021,Abby,Summer 2021 exp 3,PBS,0,PBS,0,PBS-PBS Control,C1,7,0
6/18/2021,Abby,Summer 2021 exp 3,PBS,0,PBS,0,PBS-PBS Control,C1,7,0
6/18/2021,Abby,Summer 2021 exp 3,PBS,0,PBS,0,PBS-PBS Control,C1,7,0
6/18/2021,Abby,Summer 2021 exp 3,PBS,0,PBS,0,PBS-PBS Control,C2,7,0
6/18/2021,Abby,Summer 2021 exp 3,PBS,0,PBS,0,PBS-PBS Control,C2,7,0
6/18/2021,Abby,Summer 2021 exp 3,PBS,0,PBS,0,PBS-PBS Control,C2,7,0
6/18/2021,Abby,Summer 2021 exp 3,PBS,0,PBS,0,PBS-PBS Control,C2,7,0
6/18/2021,Abby,Summer 2021 exp 3,PBS,0,PBS,0,PBS-PBS Control,C2,7,0
6/18/2021,Abby,Summer 2021 exp 3,PBS,0,PBS,0,PBS-PBS Control,C2,7,0
6/18/2021,Abby,Summer 2021 exp 3,PBS,0,PBS,0,PBS-PBS Control,C2,7,0
6/18/2021,Abby,Summer 2021 exp 3,PBS,0,PBS,0,PBS-PBS Control,C2,7,0
6/18/2021,Abby,Summer 2021 exp 3,PBS,0,PBS,0,PBS-PBS Control,C2,7,0
6/18/2021,Abby,Summer 2021 exp 3,PBS,0,PBS,0,PBS-PBS Control,C2,7,0
6/18/2021,Abby,Summer 2021 exp 3,PBS,0,P.rett,2,PBS-P.rett Control,C3,1,1
6/18/2021,Abby,Summer 2021 exp 3,PBS,0,P.rett,2,PBS-P.rett Control,C3,1,1
6/18/2021,Abby,Summer 2021 exp 3,PBS,0,P.rett,2,PBS-P.rett Control,C3,1,1
6/18/2021,Abby,Summer 2021 exp 3,PBS,0,P.rett,2,PBS-P.rett Control,C3,1,1
6/18/2021,Abby,Summer 2021 exp 3,PBS,0,P.rett,2,PBS-P.rett Control,C3,1,1
6/18/2021,Abby,Summer 2021 exp 3,PBS,0,P.rett,2,PBS-P.rett Control,C3,1,1
6/18/2021,Abby,Summer 2021 exp 3,PBS,0,P.rett,2,PBS-P.rett Control,C3,1,1
6/18/2021,Abby,Summer 2021 exp 3,PBS,0,P.rett,2,PBS-P.rett Control,C3,1,1
6/18/2021,Abby,Summer 2021 exp 3,PBS,0,P.rett,2,PBS-P.rett Control,C3,1,1
6/18/2021,Abby,Summer 2021 exp 3,PBS,0,P.rett,2,PBS-P.rett Control,C3,1,1
6/18/2021,Abby,Summer 2021 exp 3,PBS,0,P.rett,2,PBS-P.rett Control,C4,1,1
6/18/2021,Abby,Summer 2021 exp 3,PBS,0,P.rett,2,PBS-P.rett Control,C4,1,1
6/18/2021,Abby,Summer 2021 exp 3,PBS,0,P.rett,2,PBS-P.rett Control,C4,1,1
6/18/2021,Abby,Summer 2021 exp 3,PBS,0,P.rett,2,PBS-P.rett Control,C4,1,1
6/18/2021,Abby,Summer 2021 exp 3,PBS,0,P.rett,2,PBS-P.rett Control,C4,1,1
6/18/2021,Abby,Summer 2021 exp 3,PBS,0,P.rett,2,PBS-P.rett Control,C4,1,1
6/18/2021,Abby,Summer 2021 exp 3,PBS,0,P.rett,2,PBS-P.rett Control,C4,1,1
6/18/2021,Abby,Summer 2021 exp 3,PBS,0,P.rett,2,PBS-P.rett Control,C4,1,1
6/18/2021,Abby,Summer 2021 exp 3,PBS,0,P.rett,2,PBS-P.rett Control,C4,1,1
6/18/2021,Abby,Summer 2021 exp 3,PBS,0,P.rett,2,PBS-P.rett Control,C5,1,1
6/18/2021,Abby,Summer 2021 exp 3,PBS,0,P.rett,2,PBS-P.rett Control,C5,1,1
6/18/2021,Abby,Summer 2021 exp 3,PBS,0,P.rett,2,PBS-P.rett Control,C5,1,1
6/18/2021,Abby,Summer 2021 exp 3,PBS,0,P.rett,2,PBS-P.rett Control,C5,1,1
6/18/2021,Abby,Summer 2021 exp 3,PBS,0,P.rett,2,PBS-P.rett Control,C5,1,1
6/18/2021,Abby,Summer 2021 exp 3,PBS,0,P.rett,2,PBS-P.rett Control,C5,1,1
6/18/2021,Abby,Summer 2021 exp 3,PBS,0,P.rett,2,PBS-P.rett Control,C5,1,1
6/18/2021,Abby,Summer 2021 exp 3,PBS,0,P.rett,2,PBS-P.rett Control,C5,1,1
6/18/2021,Abby,Summer 2021 exp 3,PBS,0,P.rett,2,PBS-P.rett Control,C5,1,1
6/18/2021,Abby,Summer 2021 exp 3,PBS,0,P.rett,2,PBS-P.rett Control,C5,1,1
6/18/2021,Abby,Summer 2021 exp 3,PBS,0,P.rett,2,PBS-P.rett Control,C6,1,1
6/18/2021,Abby,Summer 2021 exp 3,PBS,0,P.rett,2,PBS-P.rett Control,C6,1,1
6/18/2021,Abby,Summer 2021 exp 3,PBS,0,P.rett,2,PBS-P.rett Control,C6,1,1
6/18/2021,Abby,Summer 2021 exp 3,PBS,0,P.rett,2,PBS-P.rett Control,C6,1,1
6/18/2021,Abby,Summer 2021 exp 3,S.m,0.001,P.rett,2,S.m 0.001,1,1,1
6/18/2021,Abby,Summer 2021 exp 3,S.m,0.001,P.rett,2,S.m 0.001,1,1,1
6/18/2021,Abby,Summer 2021 exp 3,S.m,0.001,P.rett,2,S.m 0.001,1,1,1
6/18/2021,Abby,Summer 2021 exp 3,S.m,0.001,P.rett,2,S.m 0.001,1,1,1
6/18/2021,Abby,Summer 2021 exp 3,S.m,0.001,P.rett,2,S.m 0.001,1,1,1
6/18/2021,Abby,Summer 2021 exp 3,S.m,0.001,P.rett,2,S.m 0.001,1,1,1
6/18/2021,Abby,Summer 2021 exp 3,S.m,0.001,P.rett,2,S.m 0.001,1,1,1
6/18/2021,Abby,Summer 2021 exp 3,S.m,0.001,P.rett,2,S.m 0.001,1,1,1
6/18/2021,Abby,Summer 2021 exp 3,S.m,0.001,P.rett,2,S.m 0.001,1,1,1
6/18/2021,Abby,Summer 2021 exp 3,S.m,0.001,P.rett,2,S.m 0.001,1,1,1
6/18/2021,Abby,Summer 2021 exp 3,S.m,0.001,P.rett,2,S.m 0.001,2,1,1
6/18/2021,Abby,Summer 2021 exp 3,S.m,0.001,P.rett,2,S.m 0.001,2,1,1
6/18/2021,Abby,Summer 2021 exp 3,S.m,0.001,P.rett,2,S.m 0.001,2,1,1
6/18/2021,Abby,Summer 2021 exp 3,S.m,0.001,P.rett,2,S.m 0.001,2,1,1
6/18/2021,Abby,Summer 2021 exp 3,S.m,0.001,P.rett,2,S.m 0.001,2,1,1
6/18/2021,Abby,Summer 2021 exp 3,S.m,0.001,P.rett,2,S.m 0.001,2,1,1
6/18/2021,Abby,Summer 2021 exp 3,S.m,0.001,P.rett,2,S.m 0.001,2,1,1
6/18/2021,Abby,Summer 2021 exp 3,S.m,0.001,P.rett,2,S.m 0.001,2,1,1
6/18/2021,Abby,Summer 2021 exp 3,S.m,0.001,P.rett,2,S.m 0.001,2,1,1
6/18/2021,Abby,Summer 2021 exp 3,S.m,0.001,P.rett,2,S.m 0.001,2,7,0
6/18/2021,Abby,Summer 2021 exp 3,S.m,0.001,P.rett,2,S.m 0.001,3,1,1
6/18/2021,Abby,Summer 2021 exp 3,S.m,0.001,P.rett,2,S.m 0.001,3,1,1
6/18/2021,Abby,Summer 2021 exp 3,S.m,0.001,P.rett,2,S.m 0.001,3,1,1
6/18/2021,Abby,Summer 2021 exp 3,S.m,0.001,P.rett,2,S.m 0.001,3,1,1
6/18/2021,Abby,Summer 2021 exp 3,S.m,0.001,P.rett,2,S.m 0.001,3,1,1
6/18/2021,Abby,Summer 2021 exp 3,S.m,0.001,P.rett,2,S.m 0.001,3,1,1
6/18/2021,Abby,Summer 2021 exp 3,S.m,0.001,P.rett,2,S.m 0.001,3,1,1
6/18/2021,Abby,Summer 2021 exp 3,S.m,0.001,P.rett,2,S.m 0.001,3,1,1
6/18/2021,Abby,Summer 2021 exp 3,S.m,0.001,P.rett,2,S.m 0.001,3,1,1
6/18/2021,Abby,Summer 2021 exp 3,S.m,0.001,P.rett,2,S.m 0.001,3,1,1
6/18/2021,Abby,Summer 2021 exp 3,S.m,0.001,P.rett,2,S.m 0.001,4,1,1
6/18/2021,Abby,Summer 2021 exp 3,S.m,0.001,P.rett,2,S.m 0.001,4,1,1
6/18/2021,Abby,Summer 2021 exp 3,S.m,0.001,P.rett,2,S.m 0.001,4,1,1
6/18/2021,Abby,Summer 2021 exp 3,S.m,0.001,P.rett,2,S.m 0.001,4,1,1
6/18/2021,Abby,Summer 2021 exp 3,S.m,0.001,P.rett,2,S.m 0.001,4,1,1
6/18/2021,Abby,Summer 2021 exp 3,S.m,0.001,P.rett,2,S.m 0.001,4,1,1
6/18/2021,Abby,Summer 2021 exp 3,S.m,0.001,P.rett,2,S.m 0.001,4,1,1
6/18/2021,Abby,Summer 2021 exp 3,S.m,0.001,P.rett,2,S.m 0.001,4,1,1
6/18/2021,Abby,Summer 2021 exp 3,S.m,0.001,P.rett,2,S.m 0.001,4,1,1
6/18/2021,Abby,Summer 2021 exp 3,S.m,0.001,P.rett,2,S.m 0.001,4,7,0
6/18/2021,Abby,Summer 2021 exp 3,S.m,0.001,P.rett,2,S.m 0.001,5,1,1
6/18/2021,Abby,Summer 2021 exp 3,S.m,0.001,P.rett,2,S.m 0.001,5,1,1
6/18/2021,Abby,Summer 2021 exp 3,S.m,0.001,P.rett,2,S.m 0.001,5,1,1
6/18/2021,Abby,Summer 2021 exp 3,S.m,0.001,P.rett,2,S.m 0.001,5,1,1
6/18/2021,Abby,Summer 2021 exp 3,S.m,0.001,P.rett,2,S.m 0.001,5,1,1
6/18/2021,Abby,Summer 2021 exp 3,S.m,0.001,P.rett,2,S.m 0.001,5,1,1
6/18/2021,Abby,Summer 2021 exp 3,S.m,0.001,P.rett,2,S.m 0.001,5,1,1
6/18/2021,Abby,Summer 2021 exp 3,S.m,0.001,P.rett,2,S.m 0.001,5,1,1
6/18/2021,Abby,Summer 2021 exp 3,S.m,0.01,P.rett,2,S.m 0.01,6,1,1
6/18/2021,Abby,Summer 2021 exp 3,S.m,0.01,P.rett,2,S.m 0.01,6,1,1
6/18/2021,Abby,Summer 2021 exp 3,S.m,0.01,P.rett,2,S.m 0.01,6,1,1
6/18/2021,Abby,Summer 2021 exp 3,S.m,0.01,P.rett,2,S.m 0.01,6,1,1
6/18/2021,Abby,Summer 2021 exp 3,S.m,0.01,P.rett,2,S.m 0.01,6,1,1
6/18/2021,Abby,Summer 2021 exp 3,S.m,0.01,P.rett,2,S.m 0.01,6,1,1
6/18/2021,Abby,Summer 2021 exp 3,S.m,0.01,P.rett,2,S.m 0.01,6,1,1
6/18/2021,Abby,Summer 2021 exp 3,S.m,0.01,P.rett,2,S.m 0.01,6,7,0
6/18/2021,Abby,Summer 2021 exp 3,S.m,0.01,P.rett,2,S.m 0.01,6,7,0
6/18/2021,Abby,Summer 2021 exp 3,S.m,0.01,P.rett,2,S.m 0.01,6,7,0
6/18/2021,Abby,Summer 2021 exp 3,S.m,0.01,P.rett,2,S.m 0.01,7,1,1
6/18/2021,Abby,Summer 2021 exp 3,S.m,0.01,P.rett,2,S.m 0.01,7,1,1
6/18/2021,Abby,Summer 2021 exp 3,S.m,0.01,P.rett,2,S.m 0.01,7,1,1
6/18/2021,Abby,Summer 2021 exp 3,S.m,0.01,P.rett,2,S.m 0.01,7,1,1
6/18/2021,Abby,Summer 2021 exp 3,S.m,0.01,P.rett,2,S.m 0.01,7,1,1
6/18/2021,Abby,Summer 2021 exp 3,S.m,0.01,P.rett,2,S.m 0.01,7,2,1
6/18/2021,Abby,Summer 2021 exp 3,S.m,0.01,P.rett,2,S.m 0.01,7,4,1
6/18/2021,Abby,Summer 2021 exp 3,S.m,0.01,P.rett,2,S.m 0.01,7,7,0
6/18/2021,Abby,Summer 2021 exp 3,S.m,0.01,P.rett,2,S.m 0.01,7,7,0
6/18/2021,Abby,Summer 2021 exp 3,S.m,0.01,P.rett,2,S.m 0.01,7,7,0
6/18/2021,Abby,Summer 2021 exp 3,S.m,0.01,P.rett,2,S.m 0.01,8,1,1
6/18/2021,Abby,Summer 2021 exp 3,S.m,0.01,P.rett,2,S.m 0.01,8,1,1
6/18/2021,Abby,Summer 2021 exp 3,S.m,0.01,P.rett,2,S.m 0.01,8,1,1
6/18/2021,Abby,Summer 2021 exp 3,S.m,0.01,P.rett,2,S.m 0.01,8,1,1
6/18/2021,Abby,Summer 2021 exp 3,S.m,0.01,P.rett,2,S.m 0.01,8,1,1
6/18/2021,Abby,Summer 2021 exp 3,S.m,0.01,P.rett,2,S.m 0.01,8,1,1
6/18/2021,Abby,Summer 2021 exp 3,S.m,0.01,P.rett,2,S.m 0.01,8,1,1
6/18/2021,Abby,Summer 2021 exp 3,S.m,0.01,P.rett,2,S.m 0.01,8,1,1
6/18/2021,Abby,Summer 2021 exp 3,S.m,0.01,P.rett,2,S.m 0.01,8,7,0
6/18/2021,Abby,Summer 2021 exp 3,S.m,0.01,P.rett,2,S.m 0.01,8,7,0
6/18/2021,Abby,Summer 2021 exp 3,S.m,0.01,P.rett,2,S.m 0.01,9,1,1
6/18/2021,Abby,Summer 2021 exp 3,S.m,0.01,P.rett,2,S.m 0.01,9,1,1
6/18/2021,Abby,Summer 2021 exp 3,S.m,0.01,P.rett,2,S.m 0.01,9,1,1
6/18/2021,Abby,Summer 2021 exp 3,S.m,0.01,P.rett,2,S.m 0.01,9,1,1
6/18/2021,Abby,Summer 2021 exp 3,S.m,0.01,P.rett,2,S.m 0.01,9,1,1
6/18/2021,Abby,Summer 2021 exp 3,S.m,0.01,P.rett,2,S.m 0.01,9,1,1
6/18/2021,Abby,Summer 2021 exp 3,S.m,0.01,P.rett,2,S.m 0.01,9,1,1
6/18/2021,Abby,Summer 2021 exp 3,S.m,0.01,P.rett,2,S.m 0.01,9,3,1
6/18/2021,Abby,Summer 2021 exp 3,S.m,0.01,P.rett,2,S.m 0.01,9,7,0
6/18/2021,Abby,Summer 2021 exp 3,S.m,0.01,P.rett,2,S.m 0.01,9,7,0
6/18/2021,Abby,Summer 2021 exp 3,S.m,0.01,P.rett,2,S.m 0.01,10,1,1
6/18/2021,Abby,Summer 2021 exp 3,S.m,0.01,P.rett,2,S.m 0.01,10,1,1
6/18/2021,Abby,Summer 2021 exp 3,S.m,0.01,P.rett,2,S.m 0.01,10,1,1
6/18/2021,Abby,Summer 2021 exp 3,S.m,0.01,P.rett,2,S.m 0.01,10,1,1
6/18/2021,Abby,Summer 2021 exp 3,S.m,0.01,P.rett,2,S.m 0.01,10,1,1
6/18/2021,Abby,Summer 2021 exp 3,S.m,0.01,P.rett,2,S.m 0.01,10,1,1
6/18/2021,Abby,Summer 2021 exp 3,S.m,0.01,P.rett,2,S.m 0.01,10,1,1
6/18/2021,Abby,Summer 2021 exp 3,S.m,0.01,P.rett,2,S.m 0.01,10,1,1
6/18/2021,Abby,Summer 2021 exp 3,S.m,0.1,P.rett,2,S.m 0.1,11,1,1
6/18/2021,Abby,Summer 2021 exp 3,S.m,0.1,P.rett,2,S.m 0.1,11,1,1
6/18/2021,Abby,Summer 2021 exp 3,S.m,0.1,P.rett,2,S.m 0.1,11,1,1
6/18/2021,Abby,Summer 2021 exp 3,S.m,0.1,P.rett,2,S.m 0.1,11,3,1
6/18/2021,Abby,Summer 2021 exp 3,S.m,0.1,P.rett,2,S.m 0.1,11,3,1
6/18/2021,Abby,Summer 2021 exp 3,S.m,0.1,P.rett,2,S.m 0.1,11,7,0
6/18/2021,Abby,Summer 2021 exp 3,S.m,0.1,P.rett,2,S.m 0.1,11,7,0
6/18/2021,Abby,Summer 2021 exp 3,S.m,0.1,P.rett,2,S.m 0.1,11,7,0
6/18/2021,Abby,Summer 2021 exp 3,S.m,0.1,P.rett,2,S.m 0.1,11,7,0
6/18/2021,Abby,Summer 2021 exp 3,S.m,0.1,P.rett,2,S.m 0.1,11,7,0
6/18/2021,Abby,Summer 2021 exp 3,S.m,0.1,P.rett,2,S.m 0.1,12,1,1
6/18/2021,Abby,Summer 2021 exp 3,S.m,0.1,P.rett,2,S.m 0.1,12,1,1
6/18/2021,Abby,Summer 2021 exp 3,S.m,0.1,P.rett,2,S.m 0.1,12,1,1
6/18/2021,Abby,Summer 2021 exp 3,S.m,0.1,P.rett,2,S.m 0.1,12,1,1
6/18/2021,Abby,Summer 2021 exp 3,S.m,0.1,P.rett,2,S.m 0.1,12,7,0
6/18/2021,Abby,Summer 2021 exp 3,S.m,0.1,P.rett,2,S.m 0.1,12,7,0
6/18/2021,Abby,Summer 2021 exp 3,S.m,0.1,P.rett,2,S.m 0.1,12,7,0
6/18/2021,Abby,Summer 2021 exp 3,S.m,0.1,P.rett,2,S.m 0.1,12,7,0
6/18/2021,Abby,Summer 2021 exp 3,S.m,0.1,P.rett,2,S.m 0.1,12,7,0
6/18/2021,Abby,Summer 2021 exp 3,S.m,0.1,P.rett,2,S.m 0.1,12,7,0
6/18/2021,Abby,Summer 2021 exp 3,S.m,0.1,P.rett,2,S.m 0.1,13,1,1
6/18/2021,Abby,Summer 2021 exp 3,S.m,0.1,P.rett,2,S.m 0.1,13,1,1
6/18/2021,Abby,Summer 2021 exp 3,S.m,0.1,P.rett,2,S.m 0.1,13,1,1
6/18/2021,Abby,Summer 2021 exp 3,S.m,0.1,P.rett,2,S.m 0.1,13,1,1
6/18/2021,Abby,Summer 2021 exp 3,S.m,0.1,P.rett,2,S.m 0.1,13,7,0
6/18/2021,Abby,Summer 2021 exp 3,S.m,0.1,P.rett,2,S.m 0.1,13,7,0
6/18/2021,Abby,Summer 2021 exp 3,S.m,0.1,P.rett,2,S.m 0.1,13,7,0
6/18/2021,Abby,Summer 2021 exp 3,S.m,0.1,P.rett,2,S.m 0.1,13,7,0
6/18/2021,Abby,Summer 2021 exp 3,S.m,0.1,P.rett,2,S.m 0.1,13,7,0
6/18/2021,Abby,Summer 2021 exp 3,S.m,0.1,P.rett,2,S.m 0.1,13,7,0
6/18/2021,Abby,Summer 2021 exp 3,S.m,0.1,P.rett,2,S.m 0.1,14,1,1
6/18/2021,Abby,Summer 2021 exp 3,S.m,0.1,P.rett,2,S.m 0.1,14,2,1
6/18/2021,Abby,Summer 2021 exp 3,S.m,0.1,P.rett,2,S.m 0.1,14,3,1
6/18/2021,Abby,Summer 2021 exp 3,S.m,0.1,P.rett,2,S.m 0.1,14,7,0
6/18/2021,Abby,Summer 2021 exp 3,S.m,0.1,P.rett,2,S.m 0.1,14,7,0
6/18/2021,Abby,Summer 2021 exp 3,S.m,0.1,P.rett,2,S.m 0.1,14,7,0
6/18/2021,Abby,Summer 2021 exp 3,S.m,0.1,P.rett,2,S.m 0.1,14,7,0
6/18/2021,Abby,Summer 2021 exp 3,S.m,0.1,P.rett,2,S.m 0.1,14,7,0
6/18/2021,Abby,Summer 2021 exp 3,S.m,0.1,P.rett,2,S.m 0.1,14,7,0
6/18/2021,Abby,Summer 2021 exp 3,S.m,0.1,P.rett,2,S.m 0.1,14,7,0
6/18/2021,Abby,Summer 2021 exp 3,S.m,0.1,P.rett,2,S.m 0.1,15,2,1
6/18/2021,Abby,Summer 2021 exp 3,S.m,0.1,P.rett,2,S.m 0.1,15,4,1
6/18/2021,Abby,Summer 2021 exp 3,S.m,1,P.rett,2,S.m 1,16,2,1
6/18/2021,Abby,Summer 2021 exp 3,S.m,1,P.rett,2,S.m 1,16,2,1
6/18/2021,Abby,Summer 2021 exp 3,S.m,1,P.rett,2,S.m 1,16,3,1
6/18/2021,Abby,Summer 2021 exp 3,S.m,1,P.rett,2,S.m 1,16,7,0
6/18/2021,Abby,Summer 2021 exp 3,S.m,1,P.rett,2,S.m 1,16,7,0
6/18/2021,Abby,Summer 2021 exp 3,S.m,1,P.rett,2,S.m 1,16,7,0
6/18/2021,Abby,Summer 2021 exp 3,S.m,1,P.rett,2,S.m 1,16,7,0
6/18/2021,Abby,Summer 2021 exp 3,S.m,1,P.rett,2,S.m 1,16,7,0
6/18/2021,Abby,Summer 2021 exp 3,S.m,1,P.rett,2,S.m 1,16,7,0
6/18/2021,Abby,Summer 2021 exp 3,S.m,1,P.rett,2,S.m 1,16,7,0
6/18/2021,Abby,Summer 2021 exp 3,S.m,1,P.rett,2,S.m 1,17,1,1
6/18/2021,Abby,Summer 2021 exp 3,S.m,1,P.rett,2,S.m 1,17,1,1
6/18/2021,Abby,Summer 2021 exp 3,S.m,1,P.rett,2,S.m 1,17,1,1
6/18/2021,Abby,Summer 2021 exp 3,S.m,1,P.rett,2,S.m 1,17,4,1
6/18/2021,Abby,Summer 2021 exp 3,S.m,1,P.rett,2,S.m 1,17,7,0
6/18/2021,Abby,Summer 2021 exp 3,S.m,1,P.rett,2,S.m 1,17,7,0
6/18/2021,Abby,Summer 2021 exp 3,S.m,1,P.rett,2,S.m 1,17,7,0
6/18/2021,Abby,Summer 2021 exp 3,S.m,1,P.rett,2,S.m 1,17,7,0
6/18/2021,Abby,Summer 2021 exp 3,S.m,1,P.rett,2,S.m 1,17,7,0
6/18/2021,Abby,Summer 2021 exp 3,S.m,1,P.rett,2,S.m 1,17,7,0
6/18/2021,Abby,Summer 2021 exp 3,S.m,1,P.rett,2,S.m 1,18,1,1
6/18/2021,Abby,Summer 2021 exp 3,S.m,1,P.rett,2,S.m 1,18,1,1
6/18/2021,Abby,Summer 2021 exp 3,S.m,1,P.rett,2,S.m 1,18,2,1
6/18/2021,Abby,Summer 2021 exp 3,S.m,1,P.rett,2,S.m 1,18,7,0
6/18/2021,Abby,Summer 2021 exp 3,S.m,1,P.rett,2,S.m 1,18,7,0
6/18/2021,Abby,Summer 2021 exp 3,S.m,1,P.rett,2,S.m 1,18,7,0
6/18/2021,Abby,Summer 2021 exp 3,S.m,1,P.rett,2,S.m 1,18,7,0
6/18/2021,Abby,Summer 2021 exp 3,S.m,1,P.rett,2,S.m 1,18,7,0
6/18/2021,Abby,Summer 2021 exp 3,S.m,1,P.rett,2,S.m 1,18,7,0
6/18/2021,Abby,Summer 2021 exp 3,S.m,1,P.rett,2,S.m 1,18,7,0
6/18/2021,Abby,Summer 2021 exp 3,S.m,1,P.rett,2,S.m 1,19,3,1
6/18/2021,Abby,Summer 2021 exp 3,S.m,1,P.rett,2,S.m 1,19,3,1
6/18/2021,Abby,Summer 2021 exp 3,S.m,1,P.rett,2,S.m 1,19,7,0
6/18/2021,Abby,Summer 2021 exp 3,S.m,1,P.rett,2,S.m 1,19,7,0
6/18/2021,Abby,Summer 2021 exp 3,S.m,1,P.rett,2,S.m 1,19,7,0
6/18/2021,Abby,Summer 2021 exp 3,S.m,1,P.rett,2,S.m 1,19,7,0
6/18/2021,Abby,Summer 2021 exp 3,S.m,1,P.rett,2,S.m 1,19,7,0
6/18/2021,Abby,Summer 2021 exp 3,S.m,1,P.rett,2,S.m 1,19,7,0
6/18/2021,Abby,Summer 2021 exp 3,S.m,1,P.rett,2,S.m 1,19,7,0
6/18/2021,Abby,Summer 2021 exp 3,S.m,1,P.rett,2,S.m 1,19,7,0
6/18/2021,Abby,Summer 2021 exp 3,S.m,1,P.rett,2,S.m 1,20,1,1
6/18/2021,Abby,Summer 2021 exp 3,S.m,1,P.rett,2,S.m 1,20,7,0
6/18/2021,Abby,Summer 2021 exp 3,S.m,2,P.rett,2,S.m 2,21,1,1
6/18/2021,Abby,Summer 2021 exp 3,S.m,2,P.rett,2,S.m 2,21,1,1
6/18/2021,Abby,Summer 2021 exp 3,S.m,2,P.rett,2,S.m 2,21,1,1
6/18/2021,Abby,Summer 2021 exp 3,S.m,2,P.rett,2,S.m 2,21,1,1
6/18/2021,Abby,Summer 2021 exp 3,S.m,2,P.rett,2,S.m 2,21,2,1
6/18/2021,Abby,Summer 2021 exp 3,S.m,2,P.rett,2,S.m 2,21,3,1
6/18/2021,Abby,Summer 2021 exp 3,S.m,2,P.rett,2,S.m 2,21,6,1
6/18/2021,Abby,Summer 2021 exp 3,S.m,2,P.rett,2,S.m 2,21,6,1
6/18/2021,Abby,Summer 2021 exp 3,S.m,2,P.rett,2,S.m 2,21,7,0
6/18/2021,Abby,Summer 2021 exp 3,S.m,2,P.rett,2,S.m 2,21,7,0
6/18/2021,Abby,Summer 2021 exp 3,S.m,2,P.rett,2,S.m 2,22,1,1
6/18/2021,Abby,Summer 2021 exp 3,S.m,2,P.rett,2,S.m 2,22,1,1
6/18/2021,Abby,Summer 2021 exp 3,S.m,2,P.rett,2,S.m 2,22,1,1
6/18/2021,Abby,Summer 2021 exp 3,S.m,2,P.rett,2,S.m 2,22,1,1
6/18/2021,Abby,Summer 2021 exp 3,S.m,2,P.rett,2,S.m 2,22,1,1
6/18/2021,Abby,Summer 2021 exp 3,S.m,2,P.rett,2,S.m 2,22,1,1
6/18/2021,Abby,Summer 2021 exp 3,S.m,2,P.rett,2,S.m 2,22,2,1
6/18/2021,Abby,Summer 2021 exp 3,S.m,2,P.rett,2,S.m 2,22,5,1
6/18/2021,Abby,Summer 2021 exp 3,S.m,2,P.rett,2,S.m 2,22,7,1
6/18/2021,Abby,Summer 2021 exp 3,S.m,2,P.rett,2,S.m 2,22,7,1
6/18/2021,Abby,Summer 2021 exp 3,S.m,2,P.rett,2,S.m 2,23,1,1
6/18/2021,Abby,Summer 2021 exp 3,S.m,2,P.rett,2,S.m 2,23,1,1
6/18/2021,Abby,Summer 2021 exp 3,S.m,2,P.rett,2,S.m 2,23,1,1
6/18/2021,Abby,Summer 2021 exp 3,S.m,2,P.rett,2,S.m 2,23,3,1
6/18/2021,Abby,Summer 2021 exp 3,S.m,2,P.rett,2,S.m 2,23,3,1
6/18/2021,Abby,Summer 2021 exp 3,S.m,2,P.rett,2,S.m 2,23,4,1
6/18/2021,Abby,Summer 2021 exp 3,S.m,2,P.rett,2,S.m 2,23,5,1
6/18/2021,Abby,Summer 2021 exp 3,S.m,2,P.rett,2,S.m 2,23,7,1
6/18/2021,Abby,Summer 2021 exp 3,S.m,2,P.rett,2,S.m 2,23,7,0
6/18/2021,Abby,Summer 2021 exp 3,S.m,2,P.rett,2,S.m 2,24,1,1
6/18/2021,Abby,Summer 2021 exp 3,S.m,2,P.rett,2,S.m 2,24,1,1
6/18/2021,Abby,Summer 2021 exp 3,S.m,2,P.rett,2,S.m 2,24,1,1
6/18/2021,Abby,Summer 2021 exp 3,S.m,2,P.rett,2,S.m 2,24,2,1
6/18/2021,Abby,Summer 2021 exp 3,S.m,2,P.rett,2,S.m 2,24,3,1
6/18/2021,Abby,Summer 2021 exp 3,S.m,2,P.rett,2,S.m 2,24,5,1
6/18/2021,Abby,Summer 2021 exp 3,S.m,2,P.rett,2,S.m 2,24,5,1
6/18/2021,Abby,Summer 2021 exp 3,S.m,2,P.rett,2,S.m 2,24,6,1
6/18/2021,Abby,Summer 2021 exp 3,S.m,2,P.rett,2,S.m 2,24,6,1
6/18/2021,Abby,Summer 2021 exp 3,S.m,2,P.rett,2,S.m 2,24,7,0
6/18/2021,Abby,Summer 2021 exp 3,S.m,2,P.rett,2,S.m 2,25,1,1
6/18/2021,Abby,Summer 2021 exp 3,S.m,2,P.rett,2,S.m 2,25,1,1
6/18/2021,Abby,Summer 2021 exp 3,S.m,2,P.rett,2,S.m 2,25,1,1
6/18/2021,Abby,Summer 2021 exp 3,S.m,2,P.rett,2,S.m 2,25,1,1
6/18/2021,Abby,Summer 2021 exp 3,S.m,2,P.rett,2,S.m 2,25,4,1
6/18/2021,Abby,Summer 2021 exp 3,S.m,2,P.rett,2,S.m 2,25,7,0
6/18/2021,Abby,Summer 2021 exp 3,S.m,2,P.rett,2,S.m 2,25,7,0
6/18/2021,Abby,Summer 2021 exp 3,S.m,2,P.rett,2,S.m 2,25,7,0
6/18/2021,Abby,Summer 2021 exp 3,S.m,2,P.rett,2,S.m 2,25,7,0
6/18/2021,Abby,Summer 2021 exp 3,S.m,2,P.rett,2,S.m 2,25,7,0
6/18/2021,Abby,Summer 2021 exp 3,S.m,2,P.rett,2,S.m 2,26,1,1
6/18/2021,Abby,Summer 2021 exp 3,S.m,2,P.rett,2,S.m 2,26,1,1
6/18/2021,Abby,Summer 2021 exp 3,S.m,2,P.rett,2,S.m 2,26,2,1
6/18/2021,Abby,Summer 2021 exp 3,S.m,2,P.rett,2,S.m 2,26,2,1
6/18/2021,Abby,Summer 2021 exp 3,S.m,2,P.rett,2,S.m 2,26,3,1
6/18/2021,Abby,Summer 2021 exp 3,S.m,2,P.rett,2,S.m 2,26,4,1
6/18/2021,Abby,Summer 2021 exp 3,S.m,2,P.rett,2,S.m 2,26,4,1
6/18/2021,Abby,Summer 2021 exp 3,S.m,2,P.rett,2,S.m 2,26,4,1
6/18/2021,Abby,Summer 2021 exp 3,S.m,2,P.rett,2,S.m 2,26,7,0
6/18/2021,Abby,Summer 2021 exp 3,S.m,2,P.rett,2,S.m 2,26,7,0
6/18/2021,Abby,Summer 2021 exp 3,S.m,2,P.rett,2,S.m 2,27,1,1
6/18/2021,Abby,Summer 2021 exp 3,S.m,2,P.rett,2,S.m 2,27,6,1
6/18/2021,Abby,Summer 2021 exp 3,S.m,2,P.rett,2,S.m 2,27,7,0
6/18/2021,Abby,Summer 2021 exp 3,S.m,2,P.rett,2,S.m 2,27,7,0
6/20/2021,Abby,Summer 2021 exp 4,PBS,0,PBS,0,PBS-PBS Control,C1,2,0
6/20/2021,Abby,Summer 2021 exp 4,PBS,0,PBS,0,PBS-PBS Control,C1,2,0
6/20/2021,Abby,Summer 2021 exp 4,PBS,0,PBS,0,PBS-PBS Control,C1,2,0
6/20/2021,Abby,Summer 2021 exp 4,PBS,0,PBS,0,PBS-PBS Control,C1,2,0
6/20/2021,Abby,Summer 2021 exp 4,PBS,0,PBS,0,PBS-PBS Control,C1,2,0
6/20/2021,Abby,Summer 2021 exp 4,PBS,0,PBS,0,PBS-PBS Control,C1,2,0
6/20/2021,Abby,Summer 2021 exp 4,PBS,0,PBS,0,PBS-PBS Control,C1,2,0
6/20/2021,Abby,Summer 2021 exp 4,PBS,0,PBS,0,PBS-PBS Control,C1,2,0
6/20/2021,Abby,Summer 2021 exp 4,PBS,0,PBS,0,PBS-PBS Control,C1,2,0
6/20/2021,Abby,Summer 2021 exp 4,PBS,0,PBS,0,PBS-PBS Control,C1,2,0
6/20/2021,Abby,Summer 2021 exp 4,PBS,0,PBS,0,PBS-PBS Control,C2,2,0
6/20/2021,Abby,Summer 2021 exp 4,PBS,0,PBS,0,PBS-PBS Control,C2,2,0
6/20/2021,Abby,Summer 2021 exp 4,PBS,0,PBS,0,PBS-PBS Control,C2,2,0
6/20/2021,Abby,Summer 2021 exp 4,PBS,0,PBS,0,PBS-PBS Control,C2,2,0
6/20/2021,Abby,Summer 2021 exp 4,PBS,0,PBS,0,PBS-PBS Control,C2,2,0
6/20/2021,Abby,Summer 2021 exp 4,PBS,0,PBS,0,PBS-PBS Control,C2,2,0
6/20/2021,Abby,Summer 2021 exp 4,PBS,0,PBS,0,PBS-PBS Control,C2,2,0
6/20/2021,Abby,Summer 2021 exp 4,PBS,0,PBS,0,PBS-PBS Control,C2,2,0
6/20/2021,Abby,Summer 2021 exp 4,PBS,0,PBS,0,PBS-PBS Control,C2,2,0
6/20/2021,Abby,Summer 2021 exp 4,PBS,0,P.snee,0.001,PBS-P.snee Control,C3,1.083333,1
6/20/2021,Abby,Summer 2021 exp 4,PBS,0,P.snee,0.001,PBS-P.snee Control,C3,1.166667,1
6/20/2021,Abby,Summer 2021 exp 4,PBS,0,P.snee,0.001,PBS-P.snee Control,C3,1.166667,1
6/20/2021,Abby,Summer 2021 exp 4,PBS,0,P.snee,0.001,PBS-P.snee Control,C3,1.25,1
6/20/2021,Abby,Summer 2021 exp 4,PBS,0,P.snee,0.001,PBS-P.snee Control,C3,1.25,1
6/20/2021,Abby,Summer 2021 exp 4,PBS,0,P.snee,0.001,PBS-P.snee Control,C3,1.25,1
6/20/2021,Abby,Summer 2021 exp 4,PBS,0,P.snee,0.001,PBS-P.snee Control,C3,1.333333,1
6/20/2021,Abby,Summer 2021 exp 4,PBS,0,P.snee,0.001,PBS-P.snee Control,C3,1.416667,1
6/20/2021,Abby,Summer 2021 exp 4,PBS,0,P.snee,0.001,PBS-P.snee Control,C3,1.416667,1
6/20/2021,Abby,Summer 2021 exp 4,PBS,0,P.snee,0.001,PBS-P.snee Control,C3,1.5,1
6/20/2021,Abby,Summer 2021 exp 4,PBS,0,P.snee,0.001,PBS-P.snee Control,C4,1.083333,1
6/20/2021,Abby,Summer 2021 exp 4,PBS,0,P.snee,0.001,PBS-P.snee Control,C4,1.083333,1
6/20/2021,Abby,Summer 2021 exp 4,PBS,0,P.snee,0.001,PBS-P.snee Control,C4,1.25,1
6/20/2021,Abby,Summer 2021 exp 4,PBS,0,P.snee,0.001,PBS-P.snee Control,C4,1.25,1
6/20/2021,Abby,Summer 2021 exp 4,PBS,0,P.snee,0.001,PBS-P.snee Control,C4,1.25,1
6/20/2021,Abby,Summer 2021 exp 4,PBS,0,P.snee,0.001,PBS-P.snee Control,C4,1.333333,1
6/20/2021,Abby,Summer 2021 exp 4,PBS,0,P.snee,0.001,PBS-P.snee Control,C4,1.416667,1
6/20/2021,Abby,Summer 2021 exp 4,PBS,0,P.snee,0.001,PBS-P.snee Control,C4,1.416667,1
6/20/2021,Abby,Summer 2021 exp 4,PBS,0,P.snee,0.001,PBS-P.snee Control,C4,1.5,1
6/20/2021,Abby,Summer 2021 exp 4,PBS,0,P.snee,0.001,PBS-P.snee Control,C4,1.5,1
6/20/2021,Abby,Summer 2021 exp 4,PBS,0,P.snee,0.001,PBS-P.snee Control,C5,1.25,1
6/20/2021,Abby,Summer 2021 exp 4,PBS,0,P.snee,0.001,PBS-P.snee Control,C5,1.25,1
6/20/2021,Abby,Summer 2021 exp 4,PBS,0,P.snee,0.001,PBS-P.snee Control,C5,1.25,1
6/20/2021,Abby,Summer 2021 exp 4,PBS,0,P.snee,0.001,PBS-P.snee Control,C5,1.333333,1
6/20/2021,Abby,Summer 2021 exp 4,PBS,0,P.snee,0.001,PBS-P.snee Control,C5,1.5,1
6/20/2021,Abby,Summer 2021 exp 4,PBS,0,P.snee,0.001,PBS-P.snee Control,C5,1.5,1
6/20/2021,Abby,Summer 2021 exp 4,PBS,0,P.snee,0.001,PBS-P.snee Control,C5,1.5,1
6/20/2021,Abby,Summer 2021 exp 4,S.m,0.001,P.snee,0.01,S.m 0.001,1,1.166667,1
6/20/2021,Abby,Summer 2021 exp 4,S.m,0.001,P.snee,0.01,S.m 0.001,1,1.25,1
6/20/2021,Abby,Summer 2021 exp 4,S.m,0.001,P.snee,0.01,S.m 0.001,1,1.25,1
6/20/2021,Abby,Summer 2021 exp 4,S.m,0.001,P.snee,0.01,S.m 0.001,1,1.25,1
6/20/2021,Abby,Summer 2021 exp 4,S.m,0.001,P.snee,0.01,S.m 0.001,1,1.25,1
6/20/2021,Abby,Summer 2021 exp 4,S.m,0.001,P.snee,0.01,S.m 0.001,1,1.333333,1
6/20/2021,Abby,Summer 2021 exp 4,S.m,0.001,P.snee,0.01,S.m 0.001,1,1.333333,1
6/20/2021,Abby,Summer 2021 exp 4,S.m,0.001,P.snee,0.01,S.m 0.001,1,1.416667,1
6/20/2021,Abby,Summer 2021 exp 4,S.m,0.001,P.snee,0.01,S.m 0.001,1,1.416667,1
6/20/2021,Abby,Summer 2021 exp 4,S.m,0.001,P.snee,0.01,S.m 0.001,1,1.416667,1
6/20/2021,Abby,Summer 2021 exp 4,S.m,0.001,P.snee,0.01,S.m 0.001,2,1.083333,1
6/20/2021,Abby,Summer 2021 exp 4,S.m,0.001,P.snee,0.01,S.m 0.001,2,1.083333,1
6/20/2021,Abby,Summer 2021 exp 4,S.m,0.001,P.snee,0.01,S.m 0.001,2,1.25,1
6/20/2021,Abby,Summer 2021 exp 4,S.m,0.001,P.snee,0.01,S.m 0.001,2,1.25,1
6/20/2021,Abby,Summer 2021 exp 4,S.m,0.001,P.snee,0.01,S.m 0.001,2,1.25,1
6/20/2021,Abby,Summer 2021 exp 4,S.m,0.001,P.snee,0.01,S.m 0.001,2,1.25,1
6/20/2021,Abby,Summer 2021 exp 4,S.m,0.001,P.snee,0.01,S.m 0.001,2,1.333333,1
6/20/2021,Abby,Summer 2021 exp 4,S.m,0.001,P.snee,0.01,S.m 0.001,2,1.333333,1
6/20/2021,Abby,Summer 2021 exp 4,S.m,0.001,P.snee,0.01,S.m 0.001,2,1.416667,1
6/20/2021,Abby,Summer 2021 exp 4,S.m,0.001,P.snee,0.01,S.m 0.001,2,1.5,1
6/20/2021,Abby,Summer 2021 exp 4,S.m,0.001,P.snee,0.01,S.m 0.001,3,1.083333,1
6/20/2021,Abby,Summer 2021 exp 4,S.m,0.001,P.snee,0.01,S.m 0.001,3,1.25,1
6/20/2021,Abby,Summer 2021 exp 4,S.m,0.001,P.snee,0.01,S.m 0.001,3,1.25,1
6/20/2021,Abby,Summer 2021 exp 4,S.m,0.001,P.snee,0.01,S.m 0.001,3,1.25,1
6/20/2021,Abby,Summer 2021 exp 4,S.m,0.001,P.snee,0.01,S.m 0.001,3,1.333333,1
6/20/2021,Abby,Summer 2021 exp 4,S.m,0.001,P.snee,0.01,S.m 0.001,3,1.333333,1
6/20/2021,Abby,Summer 2021 exp 4,S.m,0.001,P.snee,0.01,S.m 0.001,3,1.333333,1
6/20/2021,Abby,Summer 2021 exp 4,S.m,0.001,P.snee,0.01,S.m 0.001,3,1.5,1
6/20/2021,Abby,Summer 2021 exp 4,S.m,0.001,P.snee,0.01,S.m 0.001,3,1.5,1
6/20/2021,Abby,Summer 2021 exp 4,S.m,0.001,P.snee,0.01,S.m 0.001,3,1.583333,1
6/20/2021,Abby,Summer 2021 exp 4,S.m,0.001,P.snee,0.01,S.m 0.001,4,1.25,1
6/20/2021,Abby,Summer 2021 exp 4,S.m,0.001,P.snee,0.01,S.m 0.001,4,1.25,1
6/20/2021,Abby,Summer 2021 exp 4,S.m,0.001,P.snee,0.01,S.m 0.001,4,1.25,1
6/20/2021,Abby,Summer 2021 exp 4,S.m,0.001,P.snee,0.01,S.m 0.001,4,1.333333,1
6/20/2021,Abby,Summer 2021 exp 4,S.m,0.001,P.snee,0.01,S.m 0.001,4,1.333333,1
6/20/2021,Abby,Summer 2021 exp 4,S.m,0.001,P.snee,0.01,S.m 0.001,4,1.333333,1
6/20/2021,Abby,Summer 2021 exp 4,S.m,0.001,P.snee,0.01,S.m 0.001,4,1.416667,1
6/20/2021,Abby,Summer 2021 exp 4,S.m,0.001,P.snee,0.01,S.m 0.001,4,1.416667,1
6/20/2021,Abby,Summer 2021 exp 4,S.m,0.001,P.snee,0.01,S.m 0.001,4,1.583333,1
6/20/2021,Abby,Summer 2021 exp 4,S.m,0.001,P.snee,0.01,S.m 0.001,4,1.666667,1
6/20/2021,Abby,Summer 2021 exp 4,S.m,0.001,P.snee,0.01,S.m 0.001,5,1.25,1
6/20/2021,Abby,Summer 2021 exp 4,S.m,0.001,P.snee,0.01,S.m 0.001,5,1.25,1
6/20/2021,Abby,Summer 2021 exp 4,S.m,0.001,P.snee,0.01,S.m 0.001,5,1.333333,1
6/20/2021,Abby,Summer 2021 exp 4,S.m,0.001,P.snee,0.01,S.m 0.001,5,1.333333,1
6/20/2021,Abby,Summer 2021 exp 4,S.m,0.001,P.snee,0.01,S.m 0.001,5,1.416667,1
6/20/2021,Abby,Summer 2021 exp 4,S.m,0.001,P.snee,0.01,S.m 0.001,5,1.5,1
6/20/2021,Abby,Summer 2021 exp 4,S.m,0.001,P.snee,0.01,S.m 0.001,5,1.5,1
6/20/2021,Abby,Summer 2021 exp 4,S.m,0.001,P.snee,0.01,S.m 0.001,5,1.583333,1
6/20/2021,Abby,Summer 2021 exp 4,S.m,0.01,P.snee,0.01,S.m 0.01,6,1.083333,1
6/20/2021,Abby,Summer 2021 exp 4,S.m,0.01,P.snee,0.01,S.m 0.01,6,1.083333,1
6/20/2021,Abby,Summer 2021 exp 4,S.m,0.01,P.snee,0.01,S.m 0.01,6,1.166667,1
6/20/2021,Abby,Summer 2021 exp 4,S.m,0.01,P.snee,0.01,S.m 0.01,6,1.25,1
6/20/2021,Abby,Summer 2021 exp 4,S.m,0.01,P.snee,0.01,S.m 0.01,6,1.25,1
6/20/2021,Abby,Summer 2021 exp 4,S.m,0.01,P.snee,0.01,S.m 0.01,6,1.333333,1
6/20/2021,Abby,Summer 2021 exp 4,S.m,0.01,P.snee,0.01,S.m 0.01,6,1.416667,1
6/20/2021,Abby,Summer 2021 exp 4,S.m,0.01,P.snee,0.01,S.m 0.01,6,1.5,1
6/20/2021,Abby,Summer 2021 exp 4,S.m,0.01,P.snee,0.01,S.m 0.01,6,2,0
6/20/2021,Abby,Summer 2021 exp 4,S.m,0.01,P.snee,0.01,S.m 0.01,6,2,0
6/20/2021,Abby,Summer 2021 exp 4,S.m,0.01,P.snee,0.01,S.m 0.01,7,1.166667,1
6/20/2021,Abby,Summer 2021 exp 4,S.m,0.01,P.snee,0.01,S.m 0.01,7,1.25,1
6/20/2021,Abby,Summer 2021 exp 4,S.m,0.01,P.snee,0.01,S.m 0.01,7,1.25,1
6/20/2021,Abby,Summer 2021 exp 4,S.m,0.01,P.snee,0.01,S.m 0.01,7,1.333333,1
6/20/2021,Abby,Summer 2021 exp 4,S.m,0.01,P.snee,0.01,S.m 0.01,7,1.416667,1
6/20/2021,Abby,Summer 2021 exp 4,S.m,0.01,P.snee,0.01,S.m 0.01,7,1.5,1
6/20/2021,Abby,Summer 2021 exp 4,S.m,0.01,P.snee,0.01,S.m 0.01,7,1.5,1
6/20/2021,Abby,Summer 2021 exp 4,S.m,0.01,P.snee,0.01,S.m 0.01,7,1.583333,1
6/20/2021,Abby,Summer 2021 exp 4,S.m,0.01,P.snee,0.01,S.m 0.01,7,1.583333,1
6/20/2021,Abby,Summer 2021 exp 4,S.m,0.01,P.snee,0.01,S.m 0.01,7,1.666667,1
6/20/2021,Abby,Summer 2021 exp 4,S.m,0.01,P.snee,0.01,S.m 0.01,8,1.083333,1
6/20/2021,Abby,Summer 2021 exp 4,S.m,0.01,P.snee,0.01,S.m 0.01,8,1.25,1
6/20/2021,Abby,Summer 2021 exp 4,S.m,0.01,P.snee,0.01,S.m 0.01,8,1.25,1
6/20/2021,Abby,Summer 2021 exp 4,S.m,0.01,P.snee,0.01,S.m 0.01,8,1.25,1
6/20/2021,Abby,Summer 2021 exp 4,S.m,0.01,P.snee,0.01,S.m 0.01,8,1.25,1
6/20/2021,Abby,Summer 2021 exp 4,S.m,0.01,P.snee,0.01,S.m 0.01,8,1.333333,1
6/20/2021,Abby,Summer 2021 exp 4,S.m,0.01,P.snee,0.01,S.m 0.01,8,1.333333,1
6/20/2021,Abby,Summer 2021 exp 4,S.m,0.01,P.snee,0.01,S.m 0.01,8,1.416667,1
6/20/2021,Abby,Summer 2021 exp 4,S.m,0.01,P.snee,0.01,S.m 0.01,8,1.583333,1
6/20/2021,Abby,Summer 2021 exp 4,S.m,0.01,P.snee,0.01,S.m 0.01,8,1.583333,1
6/20/2021,Abby,Summer 2021 exp 4,S.m,0.01,P.snee,0.01,S.m 0.01,9,1.25,1
6/20/2021,Abby,Summer 2021 exp 4,S.m,0.01,P.snee,0.01,S.m 0.01,9,1.333333,1
6/20/2021,Abby,Summer 2021 exp 4,S.m,0.01,P.snee,0.01,S.m 0.01,9,1.333333,1
6/20/2021,Abby,Summer 2021 exp 4,S.m,0.01,P.snee,0.01,S.m 0.01,9,1.333333,1
6/20/2021,Abby,Summer 2021 exp 4,S.m,0.01,P.snee,0.01,S.m 0.01,9,1.416667,1
6/20/2021,Abby,Summer 2021 exp 4,S.m,0.01,P.snee,0.01,S.m 0.01,9,1.5,1
6/20/2021,Abby,Summer 2021 exp 4,S.m,0.01,P.snee,0.01,S.m 0.01,9,1.583333,1
6/20/2021,Abby,Summer 2021 exp 4,S.m,0.01,P.snee,0.01,S.m 0.01,9,1.666667,1
6/20/2021,Abby,Summer 2021 exp 4,S.m,0.01,P.snee,0.01,S.m 0.01,9,1.833333,1
6/20/2021,Abby,Summer 2021 exp 4,S.m,0.01,P.snee,0.01,S.m 0.01,9,2,0
6/20/2021,Abby,Summer 2021 exp 4,S.m,0.01,P.snee,0.01,S.m 0.01,10,1.25,1
6/20/2021,Abby,Summer 2021 exp 4,S.m,0.01,P.snee,0.01,S.m 0.01,10,1.25,1
6/20/2021,Abby,Summer 2021 exp 4,S.m,0.01,P.snee,0.01,S.m 0.01,10,1.25,1
6/20/2021,Abby,Summer 2021 exp 4,S.m,0.01,P.snee,0.01,S.m 0.01,10,1.25,1
6/20/2021,Abby,Summer 2021 exp 4,S.m,0.01,P.snee,0.01,S.m 0.01,10,1.333333,1
6/20/2021,Abby,Summer 2021 exp 4,S.m,0.01,P.snee,0.01,S.m 0.01,10,1.333333,1
6/20/2021,Abby,Summer 2021 exp 4,S.m,0.01,P.snee,0.01,S.m 0.01,10,1.416667,1
6/20/2021,Abby,Summer 2021 exp 4,S.m,0.01,P.snee,0.01,S.m 0.01,10,1.416667,1
6/20/2021,Abby,Summer 2021 exp 4,S.m,0.01,P.snee,0.01,S.m 0.01,10,1.583333,1
6/20/2021,Abby,Summer 2021 exp 4,S.m,0.1,P.snee,0.01,S.m 0.1,11,1,1
6/20/2021,Abby,Summer 2021 exp 4,S.m,0.1,P.snee,0.01,S.m 0.1,11,1.333333,1
6/20/2021,Abby,Summer 2021 exp 4,S.m,0.1,P.snee,0.01,S.m 0.1,11,1.416667,1
6/20/2021,Abby,Summer 2021 exp 4,S.m,0.1,P.snee,0.01,S.m 0.1,11,1.416667,1
6/20/2021,Abby,Summer 2021 exp 4,S.m,0.1,P.snee,0.01,S.m 0.1,11,1.666667,1
6/20/2021,Abby,Summer 2021 exp 4,S.m,0.1,P.snee,0.01,S.m 0.1,11,1.666667,1
6/20/2021,Abby,Summer 2021 exp 4,S.m,0.1,P.snee,0.01,S.m 0.1,11,1.833333,1
6/20/2021,Abby,Summer 2021 exp 4,S.m,0.1,P.snee,0.01,S.m 0.1,11,2,0
6/20/2021,Abby,Summer 2021 exp 4,S.m,0.1,P.snee,0.01,S.m 0.1,11,2,0
6/20/2021,Abby,Summer 2021 exp 4,S.m,0.1,P.snee,0.01,S.m 0.1,11,2,0
6/20/2021,Abby,Summer 2021 exp 4,S.m,0.1,P.snee,0.01,S.m 0.1,12,1.5,1
6/20/2021,Abby,Summer 2021 exp 4,S.m,0.1,P.snee,0.01,S.m 0.1,12,1.583333,1
6/20/2021,Abby,Summer 2021 exp 4,S.m,0.1,P.snee,0.01,S.m 0.1,12,1.583333,1
6/20/2021,Abby,Summer 2021 exp 4,S.m,0.1,P.snee,0.01,S.m 0.1,12,1.666667,1
6/20/2021,Abby,Summer 2021 exp 4,S.m,0.1,P.snee,0.01,S.m 0.1,12,1.75,1
6/20/2021,Abby,Summer 2021 exp 4,S.m,0.1,P.snee,0.01,S.m 0.1,12,1.75,1
6/20/2021,Abby,Summer 2021 exp 4,S.m,0.1,P.snee,0.01,S.m 0.1,12,1.75,1
6/20/2021,Abby,Summer 2021 exp 4,S.m,0.1,P.snee,0.01,S.m 0.1,12,1.75,1
6/20/2021,Abby,Summer 2021 exp 4,S.m,0.1,P.snee,0.01,S.m 0.1,12,2,0
6/20/2021,Abby,Summer 2021 exp 4,S.m,0.1,P.snee,0.01,S.m 0.1,12,2,0
6/20/2021,Abby,Summer 2021 exp 4,S.m,0.1,P.snee,0.01,S.m 0.1,13,1.25,1
6/20/2021,Abby,Summer 2021 exp 4,S.m,0.1,P.snee,0.01,S.m 0.1,13,1.416667,1
6/20/2021,Abby,Summer 2021 exp 4,S.m,0.1,P.snee,0.01,S.m 0.1,13,1.416667,1
6/20/2021,Abby,Summer 2021 exp 4,S.m,0.1,P.snee,0.01,S.m 0.1,13,1.666667,1
6/20/2021,Abby,Summer 2021 exp 4,S.m,0.1,P.snee,0.01,S.m 0.1,13,1.833333,1
6/20/2021,Abby,Summer 2021 exp 4,S.m,0.1,P.snee,0.01,S.m 0.1,13,2,0
6/20/2021,Abby,Summer 2021 exp 4,S.m,0.1,P.snee,0.01,S.m 0.1,13,2,0
6/20/2021,Abby,Summer 2021 exp 4,S.m,0.1,P.snee,0.01,S.m 0.1,13,2,0
6/20/2021,Abby,Summer 2021 exp 4,S.m,0.1,P.snee,0.01,S.m 0.1,13,2,0
6/20/2021,Abby,Summer 2021 exp 4,S.m,0.1,P.snee,0.01,S.m 0.1,13,2,0
6/20/2021,Abby,Summer 2021 exp 4,S.m,0.1,P.snee,0.01,S.m 0.1,14,1.25,1
6/20/2021,Abby,Summer 2021 exp 4,S.m,0.1,P.snee,0.01,S.m 0.1,14,1.333333,1
6/20/2021,Abby,Summer 2021 exp 4,S.m,0.1,P.snee,0.01,S.m 0.1,14,1.333333,1
6/20/2021,Abby,Summer 2021 exp 4,S.m,0.1,P.snee,0.01,S.m 0.1,14,1.416667,1
6/20/2021,Abby,Summer 2021 exp 4,S.m,0.1,P.snee,0.01,S.m 0.1,14,1.5,1
6/20/2021,Abby,Summer 2021 exp 4,S.m,0.1,P.snee,0.01,S.m 0.1,14,1.5,1
6/20/2021,Abby,Summer 2021 exp 4,S.m,0.1,P.snee,0.01,S.m 0.1,14,1.5,1
6/20/2021,Abby,Summer 2021 exp 4,S.m,0.1,P.snee,0.01,S.m 0.1,14,1.666667,1
6/20/2021,Abby,Summer 2021 exp 4,S.m,0.1,P.snee,0.01,S.m 0.1,14,2,0
6/20/2021,Abby,Summer 2021 exp 4,S.m,0.1,P.snee,0.01,S.m 0.1,14,2,0
6/20/2021,Abby,Summer 2021 exp 4,S.m,0.1,P.snee,0.01,S.m 0.1,14,2,0
6/20/2021,Abby,Summer 2021 exp 4,S.m,0.1,P.snee,0.01,S.m 0.1,15,1.333333,1
6/20/2021,Abby,Summer 2021 exp 4,S.m,0.1,P.snee,0.01,S.m 0.1,15,1.5,1
6/20/2021,Abby,Summer 2021 exp 4,S.m,0.1,P.snee,0.01,S.m 0.1,15,1.666667,1
6/20/2021,Abby,Summer 2021 exp 4,S.m,0.1,P.snee,0.01,S.m 0.1,15,2,0
6/20/2021,Abby,Summer 2021 exp 4,S.m,0.1,P.snee,0.01,S.m 0.1,15,2,0
6/20/2021,Abby,Summer 2021 exp 4,S.m,0.1,P.snee,0.01,S.m 0.1,15,2,0
6/20/2021,Abby,Summer 2021 exp 4,S.m,0.1,P.snee,0.01,S.m 0.1,15,2,0
6/20/2021,Abby,Summer 2021 exp 4,S.m,1,P.snee,0.01,S.m 1,16,1.166667,1
6/20/2021,Abby,Summer 2021 exp 4,S.m,1,P.snee,0.01,S.m 1,16,1.583333,1
6/20/2021,Abby,Summer 2021 exp 4,S.m,1,P.snee,0.01,S.m 1,16,2,0
6/20/2021,Abby,Summer 2021 exp 4,S.m,1,P.snee,0.01,S.m 1,16,2,0
6/20/2021,Abby,Summer 2021 exp 4,S.m,1,P.snee,0.01,S.m 1,16,2,0
6/20/2021,Abby,Summer 2021 exp 4,S.m,1,P.snee,0.01,S.m 1,16,2,0
6/20/2021,Abby,Summer 2021 exp 4,S.m,1,P.snee,0.01,S.m 1,16,2,0
6/20/2021,Abby,Summer 2021 exp 4,S.m,1,P.snee,0.01,S.m 1,16,2,0
6/20/2021,Abby,Summer 2021 exp 4,S.m,1,P.snee,0.01,S.m 1,16,2,0
6/20/2021,Abby,Summer 2021 exp 4,S.m,1,P.snee,0.01,S.m 1,16,2,0
6/20/2021,Abby,Summer 2021 exp 4,S.m,1,P.snee,0.01,S.m 1,17,1.333333,1
6/20/2021,Abby,Summer 2021 exp 4,S.m,1,P.snee,0.01,S.m 1,17,1.5,1
6/20/2021,Abby,Summer 2021 exp 4,S.m,1,P.snee,0.01,S.m 1,17,1.583333,1
6/20/2021,Abby,Summer 2021 exp 4,S.m,1,P.snee,0.01,S.m 1,17,2,1
6/20/2021,Abby,Summer 2021 exp 4,S.m,1,P.snee,0.01,S.m 1,17,2,0
6/20/2021,Abby,Summer 2021 exp 4,S.m,1,P.snee,0.01,S.m 1,17,2,0
6/20/2021,Abby,Summer 2021 exp 4,S.m,1,P.snee,0.01,S.m 1,17,2,0
6/20/2021,Abby,Summer 2021 exp 4,S.m,1,P.snee,0.01,S.m 1,17,2,0
6/20/2021,Abby,Summer 2021 exp 4,S.m,1,P.snee,0.01,S.m 1,17,2,0
6/20/2021,Abby,Summer 2021 exp 4,S.m,1,P.snee,0.01,S.m 1,17,2,0
6/20/2021,Abby,Summer 2021 exp 4,S.m,1,P.snee,0.01,S.m 1,18,1.333333,1
6/20/2021,Abby,Summer 2021 exp 4,S.m,1,P.snee,0.01,S.m 1,18,1.5,1
6/20/2021,Abby,Summer 2021 exp 4,S.m,1,P.snee,0.01,S.m 1,18,1.583333,1
6/20/2021,Abby,Summer 2021 exp 4,S.m,1,P.snee,0.01,S.m 1,18,1.75,1
6/20/2021,Abby,Summer 2021 exp 4,S.m,1,P.snee,0.01,S.m 1,18,1.75,1
6/20/2021,Abby,Summer 2021 exp 4,S.m,1,P.snee,0.01,S.m 1,18,2,0
6/20/2021,Abby,Summer 2021 exp 4,S.m,1,P.snee,0.01,S.m 1,18,2,0
6/20/2021,Abby,Summer 2021 exp 4,S.m,1,P.snee,0.01,S.m 1,18,2,0
6/20/2021,Abby,Summer 2021 exp 4,S.m,1,P.snee,0.01,S.m 1,18,2,0
6/20/2021,Abby,Summer 2021 exp 4,S.m,1,P.snee,0.01,S.m 1,18,2,0
6/20/2021,Abby,Summer 2021 exp 4,S.m,1,P.snee,0.01,S.m 1,19,1.583333,1
6/20/2021,Abby,Summer 2021 exp 4,S.m,1,P.snee,0.01,S.m 1,19,1.583333,1
6/20/2021,Abby,Summer 2021 exp 4,S.m,1,P.snee,0.01,S.m 1,19,1.583333,1
6/20/2021,Abby,Summer 2021 exp 4,S.m,1,P.snee,0.01,S.m 1,19,1.666667,1
6/20/2021,Abby,Summer 2021 exp 4,S.m,1,P.snee,0.01,S.m 1,19,2,0
6/20/2021,Abby,Summer 2021 exp 4,S.m,1,P.snee,0.01,S.m 1,19,2,0
6/20/2021,Abby,Summer 2021 exp 4,S.m,1,P.snee,0.01,S.m 1,19,2,0
6/20/2021,Abby,Summer 2021 exp 4,S.m,1,P.snee,0.01,S.m 1,19,2,0
6/20/2021,Abby,Summer 2021 exp 4,S.m,1,P.snee,0.01,S.m 1,19,2,0
6/20/2021,Abby,Summer 2021 exp 4,S.m,1,P.snee,0.01,S.m 1,19,2,0
6/20/2021,Abby,Summer 2021 exp 4,S.m,1,P.snee,0.01,S.m 1,20,1.583333,1
6/20/2021,Abby,Summer 2021 exp 4,S.m,1,P.snee,0.01,S.m 1,20,1.583333,1
6/20/2021,Abby,Summer 2021 exp 4,S.m,1,P.snee,0.01,S.m 1,20,1.583333,1
6/20/2021,Abby,Summer 2021 exp 4,S.m,1,P.snee,0.01,S.m 1,20,1.833333,1
6/20/2021,Abby,Summer 2021 exp 4,S.m,1,P.snee,0.01,S.m 1,20,2,0
6/20/2021,Abby,Summer 2021 exp 4,S.m,1,P.snee,0.01,S.m 1,20,2,0
6/20/2021,Abby,Summer 2021 exp 4,S.m,1,P.snee,0.01,S.m 1,20,2,0
6/20/2021,Abby,Summer 2021 exp 4,S.m,2,P.snee,0.01,S.m 2,21,1.333333,1
6/20/2021,Abby,Summer 2021 exp 4,S.m,2,P.snee,0.01,S.m 2,21,1.5,1
6/20/2021,Abby,Summer 2021 exp 4,S.m,2,P.snee,0.01,S.m 2,21,1.5,1
6/20/2021,Abby,Summer 2021 exp 4,S.m,2,P.snee,0.01,S.m 2,21,1.75,1
6/20/2021,Abby,Summer 2021 exp 4,S.m,2,P.snee,0.01,S.m 2,21,2,0
6/20/2021,Abby,Summer 2021 exp 4,S.m,2,P.snee,0.01,S.m 2,21,2,0
6/20/2021,Abby,Summer 2021 exp 4,S.m,2,P.snee,0.01,S.m 2,21,2,0
6/20/2021,Abby,Summer 2021 exp 4,S.m,2,P.snee,0.01,S.m 2,21,2,0
6/20/2021,Abby,Summer 2021 exp 4,S.m,2,P.snee,0.01,S.m 2,21,2,0
6/20/2021,Abby,Summer 2021 exp 4,S.m,2,P.snee,0.01,S.m 2,21,2,0
6/20/2021,Abby,Summer 2021 exp 4,S.m,2,P.snee,0.01,S.m 2,22,0.833333,1
6/20/2021,Abby,Summer 2021 exp 4,S.m,2,P.snee,0.01,S.m 2,22,0.833333,1
6/20/2021,Abby,Summer 2021 exp 4,S.m,2,P.snee,0.01,S.m 2,22,1.083333,1
6/20/2021,Abby,Summer 2021 exp 4,S.m,2,P.snee,0.01,S.m 2,22,1.166667,1
6/20/2021,Abby,Summer 2021 exp 4,S.m,2,P.snee,0.01,S.m 2,22,1.25,1
6/20/2021,Abby,Summer 2021 exp 4,S.m,2,P.snee,0.01,S.m 2,22,1.583333,1
6/20/2021,Abby,Summer 2021 exp 4,S.m,2,P.snee,0.01,S.m 2,22,1.833333,1
6/20/2021,Abby,Summer 2021 exp 4,S.m,2,P.snee,0.01,S.m 2,22,2,0
6/20/2021,Abby,Summer 2021 exp 4,S.m,2,P.snee,0.01,S.m 2,22,2,0
6/20/2021,Abby,Summer 2021 exp 4,S.m,2,P.snee,0.01,S.m 2,22,2,0
6/20/2021,Abby,Summer 2021 exp 4,S.m,2,P.snee,0.01,S.m 2,23,1.083333,1
6/20/2021,Abby,Summer 2021 exp 4,S.m,2,P.snee,0.01,S.m 2,23,1.166667,1
6/20/2021,Abby,Summer 2021 exp 4,S.m,2,P.snee,0.01,S.m 2,23,1.25,1
6/20/2021,Abby,Summer 2021 exp 4,S.m,2,P.snee,0.01,S.m 2,23,1.583333,1
6/20/2021,Abby,Summer 2021 exp 4,S.m,2,P.snee,0.01,S.m 2,23,1.583333,1
6/20/2021,Abby,Summer 2021 exp 4,S.m,2,P.snee,0.01,S.m 2,23,2,0
6/20/2021,Abby,Summer 2021 exp 4,S.m,2,P.snee,0.01,S.m 2,23,2,0
6/20/2021,Abby,Summer 2021 exp 4,S.m,2,P.snee,0.01,S.m 2,23,2,0
6/20/2021,Abby,Summer 2021 exp 4,S.m,2,P.snee,0.01,S.m 2,23,2,0
6/20/2021,Abby,Summer 2021 exp 4,S.m,2,P.snee,0.01,S.m 2,23,2,0
6/20/2021,Abby,Summer 2021 exp 4,S.m,2,P.snee,0.01,S.m 2,24,1.25,1
6/20/2021,Abby,Summer 2021 exp 4,S.m,2,P.snee,0.01,S.m 2,24,1.333333,1
6/20/2021,Abby,Summer 2021 exp 4,S.m,2,P.snee,0.01,S.m 2,24,1.333333,1
6/20/2021,Abby,Summer 2021 exp 4,S.m,2,P.snee,0.01,S.m 2,24,1.583333,1
6/20/2021,Abby,Summer 2021 exp 4,S.m,2,P.snee,0.01,S.m 2,24,2,0
6/20/2021,Abby,Summer 2021 exp 4,S.m,2,P.snee,0.01,S.m 2,24,2,0
6/20/2021,Abby,Summer 2021 exp 4,S.m,2,P.snee,0.01,S.m 2,24,2,0
6/20/2021,Abby,Summer 2021 exp 4,S.m,2,P.snee,0.01,S.m 2,24,2,0
6/20/2021,Abby,Summer 2021 exp 4,S.m,2,P.snee,0.01,S.m 2,24,2,0
6/20/2021,Abby,Summer 2021 exp 4,S.m,2,P.snee,0.01,S.m 2,24,2,0
6/20/2021,Abby,Summer 2021 exp 4,S.m,2,P.snee,0.01,S.m 2,25,0.833333,1
6/20/2021,Abby,Summer 2021 exp 4,S.m,2,P.snee,0.01,S.m 2,25,1,1
6/20/2021,Abby,Summer 2021 exp 4,S.m,2,P.snee,0.01,S.m 2,25,1.166667,1
6/20/2021,Abby,Summer 2021 exp 4,S.m,2,P.snee,0.01,S.m 2,25,1.25,1
6/20/2021,Abby,Summer 2021 exp 4,S.m,2,P.snee,0.01,S.m 2,25,1.333333,1
6/20/2021,Abby,Summer 2021 exp 4,S.m,2,P.snee,0.01,S.m 2,25,1.5,1
6/20/2021,Abby,Summer 2021 exp 4,S.m,2,P.snee,0.01,S.m 2,25,1.5,1
6/20/2021,Abby,Summer 2021 exp 4,S.m,2,P.snee,0.01,S.m 2,25,1.5,1
6/20/2021,Abby,Summer 2021 exp 4,S.m,2,P.snee,0.01,S.m 2,25,1.666667,1
6/20/2021,Abby,Summer 2021 exp 4,S.m,2,P.snee,0.01,S.m 2,25,2,0
6/20/2021,Abby,Summer 2021 exp 4,S.m,2,P.snee,0.01,S.m 2,26,0.833333,1
6/20/2021,Abby,Summer 2021 exp 4,S.m,2,P.snee,0.01,S.m 2,26,0.916667,1
6/20/2021,Abby,Summer 2021 exp 4,S.m,2,P.snee,0.01,S.m 2,26,1.25,1
6/20/2021,Abby,Summer 2021 exp 4,S.m,2,P.snee,0.01,S.m 2,26,1.25,1
6/20/2021,Abby,Summer 2021 exp 4,S.m,2,P.snee,0.01,S.m 2,26,1.416667,1
6/20/2021,Abby,Summer 2021 exp 4,S.m,2,P.snee,0.01,S.m 2,26,1.5,1
6/20/2021,Abby,Summer 2021 exp 4,S.m,2,P.snee,0.01,S.m 2,26,1.666667,1
6/20/2021,Abby,Summer 2021 exp 4,S.m,2,P.snee,0.01,S.m 2,26,1.75,1
6/20/2021,Abby,Summer 2021 exp 4,S.m,2,P.snee,0.01,S.m 2,26,2,0
6/20/2021,Abby,Summer 2021 exp 4,S.m,2,P.snee,0.01,S.m 2,26,2,0
